stock_code,trade_date,close,open,high,low,amount
600519.SH,2020-01-01,179.51,180.32,184.28,177.91,1579561817.33
000858.SZ,2020-01-01,26.52,26.55,26.64,26.46,328823079.63
300750.SZ,2020-01-01,90.17,90.58,91.05,88.6,515239993.32
601318.SH,2020-01-01,15.66,15.65,16.16,15.63,257022772.51
000333.SZ,2020-01-01,51.54,51.25,52.02,51.04,388984381.87
600036.SH,2020-01-01,106.02,105.82,107.03,103.56,531992101.58
002415.SZ,2020-01-01,15.04,15.06,15.26,14.93,412810743.63
600276.SH,2020-01-01,47.78,47.32,48.47,46.46,637328385.6
002594.SZ,2020-01-01,133.48,132.62,134.39,129.61,3467671122.94
601012.SH,2020-01-01,113.54,113.1,115.75,113.46,1990417745.04
600887.SH,2020-01-01,51.88,51.99,53.12,51.67,1336799267.3
000002.SZ,2020-01-01,121.96,121.4,123.0,119.57,2412116539.72
600519.SH,2020-01-02,179.79,181.38,181.71,179.76,6913240834.28
000858.SZ,2020-01-02,26.46,26.0,26.56,26.16,401547043.9
300750.SZ,2020-01-02,91.41,91.99,92.33,90.34,2626656410.33
601318.SH,2020-01-02,15.1,14.96,15.17,15.05,630820622.36
000333.SZ,2020-01-02,51.16,51.26,51.61,50.94,2220178883.45
600036.SH,2020-01-02,107.37,106.23,108.28,107.24,3103181329.26
002415.SZ,2020-01-02,15.38,15.4,15.74,15.2,19977208.17
600276.SH,2020-01-02,47.52,47.4,47.78,46.75,1554823081.55
002594.SZ,2020-01-02,134.8,134.76,136.12,133.78,46524388.47
601012.SH,2020-01-02,114.3,114.06,115.97,113.32,1211560779.69
600887.SH,2020-01-02,52.92,52.83,53.12,52.49,133156837.7
000002.SZ,2020-01-02,118.63,118.56,119.22,117.8,1238652936.75
600519.SH,2020-01-03,182.43,183.46,185.25,181.5,4265507196.65
000858.SZ,2020-01-03,25.47,25.34,25.54,25.37,772613008.42
300750.SZ,2020-01-03,85.47,85.46,86.02,84.48,560852365.76
601318.SH,2020-01-03,14.88,14.93,14.93,14.78,537287744.66
000333.SZ,2020-01-03,50.02,49.64,50.42,49.12,1901793605.35
600036.SH,2020-01-03,109.78,108.71,110.77,109.32,3423497210.5
002415.SZ,2020-01-03,15.64,15.64,15.7,15.42,264829876.09
600276.SH,2020-01-03,46.09,45.98,47.08,45.86,1051877299.05
002594.SZ,2020-01-03,137.72,138.62,140.36,137.56,5266801474.7
601012.SH,2020-01-03,111.49,111.24,111.65,110.74,1593697327.38
600887.SH,2020-01-03,52.84,52.94,54.0,52.53,894212840.92
000002.SZ,2020-01-03,117.81,117.59,120.42,117.67,5784830280.44
600519.SH,2020-01-06,183.05,183.49,184.88,179.42,5420218258.17
000858.SZ,2020-01-06,26.01,26.19,26.12,25.65,1258379482.04
300750.SZ,2020-01-06,86.87,86.73,89.33,84.91,2848808083.32
601318.SH,2020-01-06,15.02,15.07,15.07,14.87,501253816.03
000333.SZ,2020-01-06,50.86,50.75,51.08,50.55,48451917.49
600036.SH,2020-01-06,111.14,110.53,114.74,108.63,669155492.36
002415.SZ,2020-01-06,15.4,15.39,15.64,15.27,283391705.1
600276.SH,2020-01-06,45.29,45.44,45.83,43.84,483646565.8
002594.SZ,2020-01-06,136.18,137.77,137.0,133.47,187882706.17
601012.SH,2020-01-06,112.94,112.31,116.84,112.7,2392176190.78
600887.SH,2020-01-06,52.53,52.43,52.89,52.42,163346394.01
000002.SZ,2020-01-06,124.75,125.48,125.3,124.36,4487404304.63
600519.SH,2020-01-07,179.39,180.32,180.03,179.02,2060699005.36
000858.SZ,2020-01-07,25.31,25.28,25.52,25.08,823420144.33
300750.SZ,2020-01-07,88.59,88.92,89.29,88.4,3667987627.6
601318.SH,2020-01-07,15.56,15.71,15.69,15.25,173771954.47
000333.SZ,2020-01-07,51.52,51.47,52.14,51.52,1589297759.02
600036.SH,2020-01-07,113.52,113.81,114.98,112.57,2823242817.18
002415.SZ,2020-01-07,15.96,16.06,16.14,15.62,247102444.34
600276.SH,2020-01-07,45.2,45.56,45.88,44.91,1531765391.48
002594.SZ,2020-01-07,131.4,132.03,131.42,130.32,1626754958.67
601012.SH,2020-01-07,111.5,111.65,112.28,111.39,4666614041.18
600887.SH,2020-01-07,53.81,53.81,54.67,53.02,2070678827.69
000002.SZ,2020-01-07,120.31,120.8,120.95,118.24,244554387.94
600519.SH,2020-01-08,179.63,181.58,180.62,178.73,917699202.96
000858.SZ,2020-01-08,25.48,25.32,26.0,25.09,116944704.58
300750.SZ,2020-01-08,87.93,88.21,89.28,86.4,3573171519.56
601318.SH,2020-01-08,15.85,15.82,15.97,15.62,118720368.96
000333.SZ,2020-01-08,52.3,52.71,52.54,51.09,1214713080.93
600036.SH,2020-01-08,120.17,120.01,120.34,119.67,2728119215.31
002415.SZ,2020-01-08,16.22,16.22,16.49,16.2,40298619.6
600276.SH,2020-01-08,44.54,44.63,44.97,44.08,1183887193.93
002594.SZ,2020-01-08,129.62,129.53,131.24,129.24,4566852310.08
601012.SH,2020-01-08,109.23,108.91,111.32,108.91,1001461670.27
600887.SH,2020-01-08,55.12,54.79,55.32,54.58,1186772504.15
000002.SZ,2020-01-08,118.67,119.16,118.68,118.23,725393168.5
600519.SH,2020-01-09,179.4,180.0,179.47,176.81,1811671387.21
000858.SZ,2020-01-09,25.97,25.74,26.56,25.55,1194028979.6
300750.SZ,2020-01-09,86.39,86.08,86.75,85.19,3557131947.93
601318.SH,2020-01-09,15.74,15.77,16.01,15.59,413576480.78
000333.SZ,2020-01-09,49.92,50.11,50.93,49.73,2445615345.45
600036.SH,2020-01-09,116.97,117.0,118.49,115.92,1824685228.36
002415.SZ,2020-01-09,15.99,15.94,16.27,15.98,41964820.44
600276.SH,2020-01-09,45.02,44.62,45.87,44.49,283813090.51
002594.SZ,2020-01-09,133.55,133.55,133.95,132.06,3637878430.59
601012.SH,2020-01-09,109.24,108.64,109.81,109.02,3907814064.64
600887.SH,2020-01-09,55.51,55.53,57.15,55.06,13934376.08
000002.SZ,2020-01-09,119.23,118.88,119.25,113.04,403266178.37
600519.SH,2020-01-10,184.36,184.42,185.15,181.85,7450116766.96
000858.SZ,2020-01-10,26.56,26.46,26.78,25.84,1091743736.86
300750.SZ,2020-01-10,87.02,87.41,87.58,83.92,2782914686.07
601318.SH,2020-01-10,15.35,15.2,15.44,15.23,453650343.57
000333.SZ,2020-01-10,51.07,50.88,52.36,50.35,750804872.44
600036.SH,2020-01-10,118.15,118.66,119.62,117.22,598874429.84
002415.SZ,2020-01-10,16.49,16.51,16.69,16.22,220702373.77
600276.SH,2020-01-10,45.01,45.09,45.06,44.6,728459951.67
002594.SZ,2020-01-10,140.14,140.61,143.27,137.08,4175668217.36
601012.SH,2020-01-10,108.31,108.15,111.42,106.53,5392189396.47
600887.SH,2020-01-10,57.74,57.7,57.79,57.29,481625610.14
000002.SZ,2020-01-10,119.63,118.35,124.47,117.38,3953744992.28
600519.SH,2020-01-13,182.07,183.08,182.58,177.04,4929324363.28
000858.SZ,2020-01-13,25.82,25.8,25.9,25.68,73358925.82
300750.SZ,2020-01-13,86.73,87.08,88.35,84.42,2725707033.27
601318.SH,2020-01-13,15.9,15.93,16.36,15.59,744732963.78
000333.SZ,2020-01-13,52.14,52.58,52.62,52.03,1958873642.9
600036.SH,2020-01-13,120.24,121.15,122.43,119.19,5321756978.15
002415.SZ,2020-01-13,15.52,15.54,15.77,15.45,757471921.66
600276.SH,2020-01-13,45.83,45.92,46.92,45.57,1233922928.18
002594.SZ,2020-01-13,142.16,140.87,146.08,139.87,5797780780.05
601012.SH,2020-01-13,106.88,106.6,109.41,103.46,4960259153.01
600887.SH,2020-01-13,56.87,57.06,57.32,55.94,1286316270.67
000002.SZ,2020-01-13,119.68,120.45,120.91,118.53,3076534763.74
600519.SH,2020-01-14,190.01,191.12,191.65,186.86,4168847458.81
000858.SZ,2020-01-14,25.16,25.21,25.39,25.14,1021667463.49
300750.SZ,2020-01-14,85.85,85.84,86.25,84.41,409978245.3
601318.SH,2020-01-14,16.45,16.47,16.71,16.06,313804899.74
000333.SZ,2020-01-14,51.58,51.88,52.11,50.64,221453824.93
600036.SH,2020-01-14,119.21,119.67,121.27,116.06,4023162418.59
002415.SZ,2020-01-14,15.57,15.45,15.79,15.37,703618998.75
600276.SH,2020-01-14,44.43,44.3,45.06,43.57,873858505.45
002594.SZ,2020-01-14,143.01,144.01,144.12,141.18,371290818.64
601012.SH,2020-01-14,103.7,103.07,105.1,103.31,3701796584.51
600887.SH,2020-01-14,58.15,58.13,59.69,57.93,1034864429.9
000002.SZ,2020-01-14,119.75,119.14,123.46,118.7,3850252277.09
600519.SH,2020-01-15,200.96,201.32,203.17,197.33,5617454446.83
000858.SZ,2020-01-15,25.35,25.23,25.53,25.03,137874585.69
300750.SZ,2020-01-15,88.82,89.36,89.56,87.59,2850803837.2
601318.SH,2020-01-15,15.92,15.83,16.07,15.61,704625312.75
000333.SZ,2020-01-15,51.45,51.81,51.99,51.23,990326996.22
600036.SH,2020-01-15,120.23,121.04,120.24,118.81,3682492697.96
002415.SZ,2020-01-15,16.25,16.34,16.3,16.22,11046154.45
600276.SH,2020-01-15,42.59,42.66,42.87,42.48,306764322.16
002594.SZ,2020-01-15,146.62,147.31,146.87,146.36,2989767343.49
601012.SH,2020-01-15,105.28,104.3,106.07,105.07,2650650592.88
600887.SH,2020-01-15,60.41,59.94,61.13,60.22,1611941750.94
000002.SZ,2020-01-15,121.94,122.69,124.47,121.92,5369022936.45
600519.SH,2020-01-16,201.32,201.82,203.09,192.17,7583571012.39
000858.SZ,2020-01-16,25.03,25.08,25.49,24.86,533175552.26
300750.SZ,2020-01-16,86.1,85.99,86.42,85.82,3573199173.72
601318.SH,2020-01-16,16.01,16.06,16.36,15.8,580602723.61
000333.SZ,2020-01-16,51.23,50.96,52.23,50.09,2557848735.54
600036.SH,2020-01-16,126.36,125.68,128.46,124.21,693373534.49
002415.SZ,2020-01-16,16.01,16.04,16.39,15.84,785513679.83
600276.SH,2020-01-16,42.95,42.83,43.43,42.82,1196611125.61
002594.SZ,2020-01-16,140.94,141.47,142.01,140.73,1178595744.28
601012.SH,2020-01-16,104.29,104.2,105.35,103.59,1582592294.68
600887.SH,2020-01-16,60.84,60.93,61.21,60.18,101911643.39
000002.SZ,2020-01-16,124.52,124.83,125.06,123.07,188010509.37
600519.SH,2020-01-17,208.71,207.74,210.01,203.86,5063989606.81
000858.SZ,2020-01-17,25.01,25.09,25.54,24.68,966563886.7
300750.SZ,2020-01-17,83.74,83.96,84.43,81.7,2642804612.21
601318.SH,2020-01-17,16.2,16.17,16.78,16.02,591350379.97
000333.SZ,2020-01-17,51.92,52.11,52.56,51.58,211460003.8
600036.SH,2020-01-17,127.98,127.89,128.28,125.68,6368720457.9
002415.SZ,2020-01-17,15.74,15.78,16.18,15.36,493757303.57
600276.SH,2020-01-17,44.19,43.85,44.98,43.92,1363806839.36
002594.SZ,2020-01-17,141.32,140.08,142.24,141.29,2805554031.86
601012.SH,2020-01-17,106.17,107.62,107.43,105.01,4939372973.39
600887.SH,2020-01-17,62.81,62.61,63.36,62.49,1072742857.17
000002.SZ,2020-01-17,126.48,126.3,126.59,124.83,4177403086.99
600519.SH,2020-01-20,210.31,211.42,213.09,209.49,635872565.16
000858.SZ,2020-01-20,26.37,26.18,26.54,25.95,478106714.6
300750.SZ,2020-01-20,84.29,84.15,85.46,83.89,304459158.91
601318.SH,2020-01-20,16.09,16.02,16.41,15.92,51278413.22
000333.SZ,2020-01-20,52.09,52.25,52.93,51.9,543616072.55
600036.SH,2020-01-20,132.79,131.59,133.59,130.9,4713481455.23
002415.SZ,2020-01-20,15.8,15.86,16.0,15.78,45571150.55
600276.SH,2020-01-20,44.79,45.0,45.0,44.77,1332246225.42
002594.SZ,2020-01-20,145.62,145.26,147.13,143.86,4231748398.81
601012.SH,2020-01-20,104.86,105.35,105.43,103.68,1979734894.4
600887.SH,2020-01-20,60.13,59.7,61.4,59.8,1676445594.55
000002.SZ,2020-01-20,127.49,126.46,129.54,126.59,330839815.15
600519.SH,2020-01-21,211.62,211.82,214.02,206.03,3302547691.87
000858.SZ,2020-01-21,25.98,26.0,26.31,25.81,983168289.68
300750.SZ,2020-01-21,86.17,85.68,88.47,84.13,1335150678.78
601318.SH,2020-01-21,16.34,16.28,16.41,16.18,638702643.11
000333.SZ,2020-01-21,50.82,50.84,50.99,49.8,942160426.6
600036.SH,2020-01-21,134.57,135.54,135.82,130.64,5273305127.65
002415.SZ,2020-01-21,15.73,15.76,15.85,15.41,44100040.9
600276.SH,2020-01-21,43.15,43.31,43.61,42.8,1313926400.29
002594.SZ,2020-01-21,147.34,147.37,148.07,146.22,1193055265.13
601012.SH,2020-01-21,104.8,104.06,105.17,103.9,1548509370.28
600887.SH,2020-01-21,59.04,59.55,59.4,57.39,2050219459.07
000002.SZ,2020-01-21,129.22,129.8,131.15,128.9,4937866594.61
600519.SH,2020-01-22,214.31,213.5,216.4,212.71,7604964069.7
000858.SZ,2020-01-22,25.62,25.67,25.92,25.4,1245811544.52
300750.SZ,2020-01-22,87.07,85.98,87.14,85.53,1695567032.29
601318.SH,2020-01-22,16.76,16.74,17.16,16.61,821006417.29
000333.SZ,2020-01-22,49.94,50.22,50.02,49.19,1776692090.39
600036.SH,2020-01-22,135.92,135.85,136.99,135.87,5945663860.32
002415.SZ,2020-01-22,15.74,15.78,16.02,15.5,618417451.38
600276.SH,2020-01-22,45.61,45.53,46.84,45.51,1019994557.76
002594.SZ,2020-01-22,140.56,141.28,140.63,140.45,5709132380.44
601012.SH,2020-01-22,106.67,106.99,108.97,105.48,4905196717.05
600887.SH,2020-01-22,58.61,58.95,58.97,58.42,1406042497.68
000002.SZ,2020-01-22,128.96,130.04,129.2,127.19,3801421281.16
600519.SH,2020-01-23,224.6,223.19,228.3,220.52,10935437140.21
000858.SZ,2020-01-23,25.63,25.68,25.87,25.35,341118727.96
300750.SZ,2020-01-23,91.99,91.6,92.1,90.73,3457424385.0
601318.SH,2020-01-23,16.59,16.66,17.1,16.58,301313896.97
000333.SZ,2020-01-23,50.4,50.41,52.25,49.32,1084588120.55
600036.SH,2020-01-23,134.32,134.62,134.98,132.51,4384933043.37
002415.SZ,2020-01-23,15.47,15.45,15.58,15.31,87554040.48
600276.SH,2020-01-23,45.71,46.15,46.08,45.57,1630653996.48
002594.SZ,2020-01-23,139.63,138.5,140.8,137.06,6822451408.96
601012.SH,2020-01-23,107.26,106.69,108.19,105.22,4376232208.65
600887.SH,2020-01-23,55.56,55.82,56.01,55.35,678954879.47
000002.SZ,2020-01-23,135.48,134.34,136.26,132.67,5031465588.19
600519.SH,2020-01-24,223.78,223.5,223.83,220.9,4260149765.37
000858.SZ,2020-01-24,26.76,26.63,26.83,26.62,636562869.63
300750.SZ,2020-01-24,89.72,89.58,91.64,87.3,2725433684.29
601318.SH,2020-01-24,16.72,16.78,16.86,16.59,36459012.17
000333.SZ,2020-01-24,54.41,54.23,55.43,53.32,2158197725.01
600036.SH,2020-01-24,131.47,131.65,131.87,128.35,3313219670.05
002415.SZ,2020-01-24,14.9,14.96,15.15,14.85,656633778.97
600276.SH,2020-01-24,45.11,45.54,46.44,45.01,1947485658.85
002594.SZ,2020-01-24,141.35,141.63,144.74,138.01,2809706221.45
601012.SH,2020-01-24,109.18,109.1,110.51,108.96,4941346436.46
600887.SH,2020-01-24,57.38,57.52,58.04,57.07,2630685042.39
000002.SZ,2020-01-24,134.67,135.13,136.19,134.24,2886358716.06
600519.SH,2020-01-27,214.93,215.26,216.89,211.95,728873277.21
000858.SZ,2020-01-27,26.48,26.45,26.7,26.31,933672953.41
300750.SZ,2020-01-27,92.55,92.47,92.63,91.64,3705901966.54
601318.SH,2020-01-27,16.92,16.79,17.01,16.76,504692362.18
000333.SZ,2020-01-27,51.78,51.95,52.46,50.64,2263772922.8
600036.SH,2020-01-27,131.42,131.4,131.75,127.88,3737291917.74
002415.SZ,2020-01-27,15.43,15.34,15.57,15.3,684247483.07
600276.SH,2020-01-27,47.53,47.52,47.62,47.29,2360270519.54
002594.SZ,2020-01-27,143.41,143.04,146.01,141.76,1976823942.05
601012.SH,2020-01-27,110.08,110.54,110.93,109.8,2080933930.18
600887.SH,2020-01-27,55.63,55.75,55.71,55.48,2081064639.99
000002.SZ,2020-01-27,131.9,131.02,133.01,130.88,1775832123.29
600519.SH,2020-01-28,215.29,216.96,218.73,212.71,1769740448.22
000858.SZ,2020-01-28,26.83,26.68,26.87,26.31,140838937.56
300750.SZ,2020-01-28,93.94,95.29,94.56,93.04,1846406901.52
601318.SH,2020-01-28,16.73,16.64,16.97,16.18,474560417.39
000333.SZ,2020-01-28,50.31,50.62,50.41,50.08,1456397426.53
600036.SH,2020-01-28,128.93,128.91,129.97,128.39,792165550.19
002415.SZ,2020-01-28,14.99,15.0,15.03,14.93,13675126.08
600276.SH,2020-01-28,48.32,48.82,48.57,47.65,1051117413.53
002594.SZ,2020-01-28,135.19,136.3,138.12,132.33,4543252283.74
601012.SH,2020-01-28,109.21,109.18,111.97,108.16,2631438774.22
600887.SH,2020-01-28,56.28,56.25,56.36,55.67,1052260711.2
000002.SZ,2020-01-28,136.99,137.28,137.48,135.36,6283856546.92
600519.SH,2020-01-29,215.78,215.9,219.87,211.55,6925051608.92
000858.SZ,2020-01-29,27.51,27.43,27.94,27.26,67776244.96
300750.SZ,2020-01-29,93.05,92.56,93.21,93.03,2987903657.95
601318.SH,2020-01-29,16.42,16.26,16.5,16.22,711635840.55
000333.SZ,2020-01-29,49.49,49.09,50.23,49.44,495305891.71
600036.SH,2020-01-29,133.92,133.74,133.97,133.55,5595216528.43
002415.SZ,2020-01-29,15.37,15.33,15.45,15.08,725169132.58
600276.SH,2020-01-29,48.93,49.26,49.86,48.64,1073153308.07
002594.SZ,2020-01-29,146.51,146.64,146.71,145.63,7124175070.21
601012.SH,2020-01-29,109.18,108.64,110.02,107.69,512295040.23
600887.SH,2020-01-29,57.18,57.59,57.28,56.56,252658213.1
000002.SZ,2020-01-29,138.11,137.82,141.46,135.98,6858041294.4
600519.SH,2020-01-30,214.69,214.83,217.28,213.26,1098885264.12
000858.SZ,2020-01-30,29.12,28.95,29.86,28.47,862357738.76
300750.SZ,2020-01-30,96.6,96.68,98.21,96.35,3735760613.06
601318.SH,2020-01-30,15.86,15.85,15.87,15.61,435379555.48
000333.SZ,2020-01-30,49.02,48.98,49.41,48.09,1526001560.01
600036.SH,2020-01-30,135.42,135.23,136.91,133.08,5317432982.53
002415.SZ,2020-01-30,15.68,15.58,15.73,15.41,498610569.68
600276.SH,2020-01-30,47.3,47.2,47.94,46.71,1614864635.46
002594.SZ,2020-01-30,138.32,137.56,141.13,137.86,5555413859.04
601012.SH,2020-01-30,104.03,104.09,105.37,103.39,4391212269.52
600887.SH,2020-01-30,57.11,56.56,57.88,55.97,366219312.49
000002.SZ,2020-01-30,137.82,137.96,138.86,137.44,6073941711.32
600519.SH,2020-01-31,216.65,216.74,219.7,213.97,6262840432.71
000858.SZ,2020-01-31,28.57,28.41,28.71,28.33,23806056.27
300750.SZ,2020-01-31,93.69,94.28,93.94,90.32,4204492508.41
601318.SH,2020-01-31,15.06,15.07,15.15,14.97,56254946.34
000333.SZ,2020-01-31,49.45,49.23,49.61,48.72,1141412195.41
600036.SH,2020-01-31,136.74,138.32,139.83,135.88,4591798687.89
002415.SZ,2020-01-31,16.08,16.12,16.23,15.74,79079109.56
600276.SH,2020-01-31,48.26,48.01,48.9,47.05,1332826808.64
002594.SZ,2020-01-31,137.73,137.56,140.51,133.63,3008597290.43
601012.SH,2020-01-31,107.59,106.89,107.99,106.8,5073760187.82
600887.SH,2020-01-31,56.94,56.75,57.92,55.46,2510863779.27
000002.SZ,2020-01-31,135.61,136.0,136.98,134.79,4963128117.06
600519.SH,2020-02-03,213.94,213.88,215.63,212.62,3156224772.63
000858.SZ,2020-02-03,28.17,28.05,28.97,28.1,451171479.86
300750.SZ,2020-02-03,88.66,88.71,89.34,88.25,3745527297.87
601318.SH,2020-02-03,15.13,15.09,15.42,14.81,537756041.8
000333.SZ,2020-02-03,49.78,50.19,49.92,49.09,2303680850.07
600036.SH,2020-02-03,135.57,135.83,137.25,134.32,6444458653.59
002415.SZ,2020-02-03,15.8,15.74,15.84,15.5,372082596.11
600276.SH,2020-02-03,48.74,49.09,48.93,48.34,1366709172.42
002594.SZ,2020-02-03,143.71,143.17,146.75,143.66,652331067.45
601012.SH,2020-02-03,107.75,107.7,111.62,107.26,4402618959.13
600887.SH,2020-02-03,56.25,56.43,57.43,56.12,388056539.51
000002.SZ,2020-02-03,133.68,133.19,135.42,132.71,6243321532.67
600519.SH,2020-02-04,213.67,215.36,216.29,211.1,649555323.82
000858.SZ,2020-02-04,27.29,27.41,27.61,26.87,953377457.68
300750.SZ,2020-02-04,88.43,88.62,88.62,85.22,2702450763.36
601318.SH,2020-02-04,15.16,15.07,15.42,14.77,84128929.77
000333.SZ,2020-02-04,52.1,52.15,52.41,51.98,2293477726.64
600036.SH,2020-02-04,138.83,139.1,138.89,137.34,5673452641.71
002415.SZ,2020-02-04,16.21,16.22,16.29,16.07,28181625.37
600276.SH,2020-02-04,47.89,47.82,48.58,47.56,754959956.82
002594.SZ,2020-02-04,146.19,148.02,146.7,146.06,7221939214.84
601012.SH,2020-02-04,104.73,105.55,106.33,103.77,4114162287.02
600887.SH,2020-02-04,56.72,56.48,57.0,56.3,404294314.67
000002.SZ,2020-02-04,135.14,136.33,137.22,134.21,4013150435.58
600519.SH,2020-02-05,209.68,207.8,212.47,208.26,2710965579.92
000858.SZ,2020-02-05,28.67,28.71,29.38,28.47,594341286.73
300750.SZ,2020-02-05,89.73,89.61,93.12,89.3,641425916.3
601318.SH,2020-02-05,14.45,14.36,14.83,14.38,586026348.53
000333.SZ,2020-02-05,52.85,53.34,53.7,52.8,685202005.97
600036.SH,2020-02-05,137.49,137.23,139.33,136.95,3865877286.19
002415.SZ,2020-02-05,16.22,16.18,16.33,16.11,241858692.64
600276.SH,2020-02-05,48.47,48.72,49.72,48.24,1766622543.26
002594.SZ,2020-02-05,147.69,146.86,148.72,146.48,6436601252.95
601012.SH,2020-02-05,99.45,99.2,100.51,97.96,2022864033.31
600887.SH,2020-02-05,55.1,55.05,56.13,54.25,538261551.58
000002.SZ,2020-02-05,137.82,138.0,143.79,135.96,6866670984.1
600519.SH,2020-02-06,216.61,218.55,221.36,212.52,10481062414.46
000858.SZ,2020-02-06,30.05,30.05,30.18,29.75,1384225587.68
300750.SZ,2020-02-06,93.82,94.02,95.72,92.98,654973867.59
601318.SH,2020-02-06,13.71,13.65,13.89,13.66,306187904.5
000333.SZ,2020-02-06,53.89,53.69,54.12,53.17,1672392920.85
600036.SH,2020-02-06,130.97,131.16,132.09,129.47,2608089258.0
002415.SZ,2020-02-06,16.89,16.9,17.04,16.73,457382725.81
600276.SH,2020-02-06,48.8,48.51,49.43,47.72,265800277.64
002594.SZ,2020-02-06,143.55,142.44,143.69,143.17,4312996632.52
601012.SH,2020-02-06,104.49,103.73,105.05,104.03,444978323.25
600887.SH,2020-02-06,56.02,56.41,56.88,55.67,2762490136.96
000002.SZ,2020-02-06,131.37,131.27,133.12,131.16,1946579402.05
600519.SH,2020-02-07,218.31,219.85,220.06,213.5,1854013406.98
000858.SZ,2020-02-07,29.52,29.59,30.21,29.41,549290722.08
300750.SZ,2020-02-07,94.13,94.22,96.72,92.14,400002594.15
601318.SH,2020-02-07,13.56,13.52,13.56,13.55,57303721.91
000333.SZ,2020-02-07,55.77,55.97,56.44,55.19,1580419203.06
600036.SH,2020-02-07,126.38,127.41,126.84,125.9,1008432253.28
002415.SZ,2020-02-07,17.03,16.89,17.26,16.94,96010993.48
600276.SH,2020-02-07,51.04,50.99,51.31,49.85,471438717.19
002594.SZ,2020-02-07,140.66,141.98,144.46,138.85,1836363123.19
601012.SH,2020-02-07,105.1,104.44,106.56,103.47,178279058.58
600887.SH,2020-02-07,56.33,56.18,58.39,54.89,1984920840.31
000002.SZ,2020-02-07,129.17,129.23,130.38,127.38,3562904626.06
600519.SH,2020-02-10,221.95,223.53,224.16,219.27,332864338.13
000858.SZ,2020-02-10,29.6,29.53,29.69,28.87,100100095.82
300750.SZ,2020-02-10,91.95,92.41,92.04,90.1,4459279476.18
601318.SH,2020-02-10,14.16,14.14,14.17,14.13,489070203.0
000333.SZ,2020-02-10,56.9,56.88,56.93,55.74,2499509382.81
600036.SH,2020-02-10,125.91,127.12,127.93,124.93,4402675530.57
002415.SZ,2020-02-10,16.76,16.77,16.86,16.42,762837657.2
600276.SH,2020-02-10,50.07,49.97,52.27,49.43,846465744.69
002594.SZ,2020-02-10,145.06,143.91,148.1,143.07,5515389688.12
601012.SH,2020-02-10,104.76,104.64,104.83,103.25,2975039242.24
600887.SH,2020-02-10,57.0,57.17,57.65,56.73,2747042715.28
000002.SZ,2020-02-10,128.64,128.74,130.94,127.57,4147694866.39
600519.SH,2020-02-11,225.48,224.53,227.63,220.07,684029510.6
000858.SZ,2020-02-11,29.53,29.39,30.2,29.33,706588565.71
300750.SZ,2020-02-11,93.76,94.45,94.35,93.67,1258773867.8
601318.SH,2020-02-11,14.1,14.19,14.25,13.8,674566332.43
000333.SZ,2020-02-11,58.11,57.91,59.08,57.83,2798765006.09
600036.SH,2020-02-11,128.09,128.91,129.06,127.12,30572122.4
002415.SZ,2020-02-11,16.72,16.64,16.74,16.64,275481899.83
600276.SH,2020-02-11,49.02,48.9,49.22,48.0,2031158382.7
002594.SZ,2020-02-11,141.72,142.16,142.37,140.53,6370646567.95
601012.SH,2020-02-11,102.88,103.15,103.17,102.21,2768231630.62
600887.SH,2020-02-11,55.63,55.67,55.9,54.85,1955480819.53
000002.SZ,2020-02-11,131.49,132.96,133.55,128.68,2032207513.44
600519.SH,2020-02-12,225.33,225.6,226.34,225.26,470430629.67
000858.SZ,2020-02-12,30.7,30.67,31.09,30.41,1039984762.35
300750.SZ,2020-02-12,99.15,99.11,99.27,98.98,4529435965.74
601318.SH,2020-02-12,14.12,14.03,14.28,14.11,108136963.85
000333.SZ,2020-02-12,55.89,55.99,56.1,55.43,385112498.27
600036.SH,2020-02-12,126.93,127.21,128.32,126.25,4309253240.32
002415.SZ,2020-02-12,16.7,16.88,16.85,16.3,831752029.6
600276.SH,2020-02-12,47.22,47.32,49.1,46.52,1067658490.05
002594.SZ,2020-02-12,140.9,141.78,144.18,138.49,4187718009.08
601012.SH,2020-02-12,103.67,104.03,104.5,103.23,250526857.6
600887.SH,2020-02-12,55.02,55.21,55.19,54.2,2194486774.87
000002.SZ,2020-02-12,129.03,127.86,129.83,128.32,2395498372.48
600519.SH,2020-02-13,221.17,220.73,221.34,217.58,294322107.91
000858.SZ,2020-02-13,32.09,32.13,32.11,32.08,715683331.22
300750.SZ,2020-02-13,98.8,99.18,99.53,97.57,2725023175.4
601318.SH,2020-02-13,13.83,13.93,13.93,13.63,662341372.54
000333.SZ,2020-02-13,55.4,55.8,56.26,55.32,980169508.87
600036.SH,2020-02-13,130.02,129.63,132.92,128.2,3401508907.62
002415.SZ,2020-02-13,16.42,16.53,16.64,16.3,357108915.13
600276.SH,2020-02-13,47.81,47.52,47.93,46.97,509189560.78
002594.SZ,2020-02-13,143.54,142.91,145.51,141.04,2255852999.34
601012.SH,2020-02-13,105.66,106.0,105.67,103.23,2490945981.04
600887.SH,2020-02-13,56.97,56.93,57.33,56.73,148814751.71
000002.SZ,2020-02-13,127.32,127.25,129.06,127.24,1514225461.6
600519.SH,2020-02-14,227.55,225.53,228.9,225.65,6239234519.56
000858.SZ,2020-02-14,31.47,31.4,32.27,30.68,801738341.7
300750.SZ,2020-02-14,97.87,96.96,99.42,97.48,4705161350.13
601318.SH,2020-02-14,14.26,14.2,14.28,14.19,69695049.07
000333.SZ,2020-02-14,56.56,56.39,56.61,56.55,158002279.38
600036.SH,2020-02-14,130.1,129.71,132.65,129.24,3496874160.73
002415.SZ,2020-02-14,15.94,15.84,16.27,15.9,125291589.37
600276.SH,2020-02-14,48.5,48.86,48.51,47.92,1184212897.77
002594.SZ,2020-02-14,141.35,141.26,142.79,138.96,3716389359.74
601012.SH,2020-02-14,103.27,103.9,104.52,102.24,4923898706.72
600887.SH,2020-02-14,56.08,55.83,56.96,56.04,359666988.49
000002.SZ,2020-02-14,128.17,128.26,128.39,127.95,243798992.98
600519.SH,2020-02-17,215.59,215.68,216.6,210.99,2377777361.04
000858.SZ,2020-02-17,31.77,31.68,32.29,31.22,792734389.03
300750.SZ,2020-02-17,98.34,98.49,98.96,97.56,3532579255.27
601318.SH,2020-02-17,14.05,14.02,14.41,13.96,93023992.8
000333.SZ,2020-02-17,58.06,58.28,58.5,57.42,576662896.6
600036.SH,2020-02-17,132.15,132.3,133.68,128.78,2284518160.58
002415.SZ,2020-02-17,15.71,15.72,15.87,15.59,280524046.31
600276.SH,2020-02-17,47.72,47.48,47.98,47.53,1284005195.72
002594.SZ,2020-02-17,143.87,144.06,144.49,142.61,4309183255.6
601012.SH,2020-02-17,99.41,99.45,102.08,97.85,3411809658.59
600887.SH,2020-02-17,55.64,55.62,56.58,54.81,2394840567.28
000002.SZ,2020-02-17,126.21,126.81,127.91,123.56,3356097194.49
600519.SH,2020-02-18,216.08,217.46,219.95,215.54,8020715253.38
000858.SZ,2020-02-18,31.95,32.26,32.03,31.79,620437372.14
300750.SZ,2020-02-18,98.48,98.82,100.11,98.17,592269477.68
601318.SH,2020-02-18,14.46,14.41,14.71,14.44,266172875.79
000333.SZ,2020-02-18,58.42,58.16,58.71,57.51,2651043946.7
600036.SH,2020-02-18,131.18,130.12,134.37,130.37,5844814641.32
002415.SZ,2020-02-18,15.24,15.15,15.48,15.15,391035741.81
600276.SH,2020-02-18,48.6,48.56,49.14,48.17,740157802.34
002594.SZ,2020-02-18,145.85,145.56,149.46,145.75,3223886024.0
601012.SH,2020-02-18,103.06,103.82,106.99,101.26,3532480244.41
600887.SH,2020-02-18,54.63,54.49,54.95,54.49,28730328.5
000002.SZ,2020-02-18,126.36,127.01,127.47,124.88,2872783205.11
600519.SH,2020-02-19,215.87,216.32,217.3,211.43,1286970637.0
000858.SZ,2020-02-19,31.9,32.15,31.98,31.64,347730389.3
300750.SZ,2020-02-19,98.56,98.33,98.98,97.91,3228939219.38
601318.SH,2020-02-19,13.85,13.79,13.9,13.69,105932513.23
000333.SZ,2020-02-19,59.65,59.4,61.23,58.19,1594924771.84
600036.SH,2020-02-19,133.38,132.13,139.24,133.13,6338848134.04
002415.SZ,2020-02-19,15.68,15.58,15.94,15.56,189429676.6
600276.SH,2020-02-19,51.36,51.3,51.89,50.03,222035336.65
002594.SZ,2020-02-19,144.76,143.87,146.7,144.63,2461999616.19
601012.SH,2020-02-19,103.02,103.37,103.08,102.2,4974790503.59
600887.SH,2020-02-19,54.67,55.33,54.8,54.15,1002851695.5
000002.SZ,2020-02-19,132.56,132.49,134.85,131.69,1500947694.14
600519.SH,2020-02-20,206.63,206.59,208.71,204.39,2504445441.28
000858.SZ,2020-02-20,32.3,32.03,33.11,31.87,1370722437.53
300750.SZ,2020-02-20,94.98,94.51,95.25,93.39,1762200077.86
601318.SH,2020-02-20,12.96,13.03,13.27,12.9,593782316.27
000333.SZ,2020-02-20,56.67,56.46,56.93,56.21,1665090656.3
600036.SH,2020-02-20,128.84,129.46,131.57,126.72,1737535210.5
002415.SZ,2020-02-20,16.11,16.13,16.62,15.72,291348048.95
600276.SH,2020-02-20,50.27,49.81,50.31,49.54,1189463154.59
002594.SZ,2020-02-20,144.01,144.45,145.69,141.37,3627385862.66
601012.SH,2020-02-20,100.08,99.8,100.61,99.95,1051840923.24
600887.SH,2020-02-20,55.53,55.51,55.86,55.09,1489309185.8
000002.SZ,2020-02-20,128.97,129.49,131.09,127.6,5967722631.79
600519.SH,2020-02-21,213.54,215.74,216.31,213.07,3662359566.7
000858.SZ,2020-02-21,31.52,31.58,31.56,30.88,511301169.34
300750.SZ,2020-02-21,93.21,93.78,93.89,91.06,854592333.95
601318.SH,2020-02-21,13.01,13.08,13.09,12.89,295441170.48
000333.SZ,2020-02-21,56.73,56.89,56.79,55.82,2800671230.96
600036.SH,2020-02-21,133.5,134.28,133.69,131.53,6229312514.87
002415.SZ,2020-02-21,16.16,16.1,16.99,15.83,472253890.88
600276.SH,2020-02-21,48.78,48.67,48.8,47.22,2295086255.23
002594.SZ,2020-02-21,142.06,142.3,143.71,141.31,5106765013.74
601012.SH,2020-02-21,98.69,99.08,100.49,98.04,1093394165.85
600887.SH,2020-02-21,56.56,56.59,57.16,55.32,56663795.87
000002.SZ,2020-02-21,130.27,130.03,133.18,129.64,805980077.75
600519.SH,2020-02-24,213.01,214.85,215.19,211.46,1299455109.88
000858.SZ,2020-02-24,32.22,32.18,32.63,31.77,151740562.94
300750.SZ,2020-02-24,92.03,92.37,92.49,91.3,4461232034.53
601318.SH,2020-02-24,12.97,13.02,13.04,12.56,281474921.79
000333.SZ,2020-02-24,57.02,57.44,57.87,56.92,1856442277.63
600036.SH,2020-02-24,138.66,140.0,138.95,138.07,3454268318.6
002415.SZ,2020-02-24,16.13,16.1,16.24,15.87,21990876.38
600276.SH,2020-02-24,48.37,48.02,49.65,48.14,2117649499.14
002594.SZ,2020-02-24,138.42,138.63,139.75,136.27,4001290206.7
601012.SH,2020-02-24,100.44,100.62,101.52,99.66,953767521.39
600887.SH,2020-02-24,55.76,55.63,55.84,54.74,135351464.31
000002.SZ,2020-02-24,131.46,130.95,131.71,128.41,5361195125.43
600519.SH,2020-02-25,202.99,203.91,209.5,196.55,3742718131.69
000858.SZ,2020-02-25,33.08,33.22,33.51,32.49,78618445.81
300750.SZ,2020-02-25,89.01,89.26,89.13,88.49,577537365.94
601318.SH,2020-02-25,12.72,12.69,12.78,12.57,421930871.01
000333.SZ,2020-02-25,58.55,58.69,58.7,57.82,2833241134.67
600036.SH,2020-02-25,134.11,134.2,134.47,133.14,6159735249.7
002415.SZ,2020-02-25,16.11,16.12,16.4,16.04,800117260.15
600276.SH,2020-02-25,48.49,48.41,48.89,48.22,484183303.25
002594.SZ,2020-02-25,135.03,134.58,136.34,133.05,1199466507.01
601012.SH,2020-02-25,103.86,104.6,104.24,101.78,976868280.54
600887.SH,2020-02-25,57.88,57.79,59.57,57.71,2082696995.07
000002.SZ,2020-02-25,125.04,124.48,126.75,124.68,5586063100.69
600519.SH,2020-02-26,195.74,195.38,197.45,195.57,6270156489.77
000858.SZ,2020-02-26,33.76,33.86,33.83,33.22,1181457647.73
300750.SZ,2020-02-26,86.16,86.35,87.62,86.1,1571758503.11
601318.SH,2020-02-26,12.61,12.6,12.89,12.56,563875156.96
000333.SZ,2020-02-26,58.77,59.03,60.11,58.68,1257661497.48
600036.SH,2020-02-26,136.49,136.98,141.96,136.24,3211695782.91
002415.SZ,2020-02-26,16.03,16.05,16.07,15.95,151493249.78
600276.SH,2020-02-26,48.63,48.61,49.63,47.83,297959842.64
002594.SZ,2020-02-26,132.48,132.09,132.52,131.3,665513835.79
601012.SH,2020-02-26,107.27,106.85,108.2,107.22,544791991.5
600887.SH,2020-02-26,57.19,56.76,58.86,56.59,2753146769.7
000002.SZ,2020-02-26,126.17,126.11,127.34,123.76,1164014309.79
600519.SH,2020-02-27,193.34,194.95,196.4,190.54,4213483416.81
000858.SZ,2020-02-27,33.87,33.59,33.97,33.48,1455951037.57
300750.SZ,2020-02-27,85.84,85.93,87.28,84.87,569794082.25
601318.SH,2020-02-27,12.56,12.66,12.69,12.08,137077897.81
000333.SZ,2020-02-27,57.31,57.25,57.77,55.47,1459605895.71
600036.SH,2020-02-27,139.28,138.82,141.6,136.66,2043584321.35
002415.SZ,2020-02-27,16.6,16.68,16.6,16.11,470568603.48
600276.SH,2020-02-27,48.95,48.92,49.17,47.88,1678741038.3
002594.SZ,2020-02-27,134.97,135.24,135.95,132.98,2552734589.35
601012.SH,2020-02-27,109.57,109.42,110.55,107.51,5440431481.97
600887.SH,2020-02-27,58.54,58.65,59.79,58.01,2626586667.97
000002.SZ,2020-02-27,127.19,126.91,127.73,125.08,5082021945.86
600519.SH,2020-02-28,194.46,195.74,196.17,192.18,6653456197.62
000858.SZ,2020-02-28,34.62,34.59,34.86,34.6,411648381.15
300750.SZ,2020-02-28,86.03,85.65,86.13,84.07,3323353497.46
601318.SH,2020-02-28,12.26,12.14,12.35,12.13,9518002.4
000333.SZ,2020-02-28,57.38,57.27,57.89,56.72,169883274.25
600036.SH,2020-02-28,132.77,133.22,133.41,129.9,1532066093.82
002415.SZ,2020-02-28,16.61,16.65,16.85,16.55,606983603.64
600276.SH,2020-02-28,49.48,49.54,49.53,49.26,791084198.74
002594.SZ,2020-02-28,139.21,138.07,140.77,136.38,2572181413.79
601012.SH,2020-02-28,110.04,109.72,112.41,108.89,406458848.0
600887.SH,2020-02-28,59.93,59.32,60.75,59.41,56555623.15
000002.SZ,2020-02-28,127.25,127.81,128.01,126.91,4590222189.42
600519.SH,2020-03-02,189.58,189.03,190.66,188.03,3403311922.68
000858.SZ,2020-03-02,33.41,33.6,33.64,32.89,4221308.79
300750.SZ,2020-03-02,83.98,84.19,84.72,83.31,70879551.68
601318.SH,2020-03-02,11.85,11.86,12.03,11.67,58001477.0
000333.SZ,2020-03-02,58.31,58.3,58.69,57.58,1669034198.2
600036.SH,2020-03-02,132.15,133.62,132.18,130.05,6255597290.92
002415.SZ,2020-03-02,16.85,16.77,17.03,16.7,477951579.39
600276.SH,2020-03-02,49.59,49.39,50.1,49.52,413208036.77
002594.SZ,2020-03-02,142.91,142.09,143.06,140.36,5508781099.48
601012.SH,2020-03-02,113.01,113.38,114.67,111.19,3817425003.7
600887.SH,2020-03-02,59.0,59.73,59.39,58.23,1580177188.93
000002.SZ,2020-03-02,126.44,124.91,128.79,126.07,2236168121.55
600519.SH,2020-03-03,187.15,188.33,192.69,183.18,8424612595.21
000858.SZ,2020-03-03,32.07,31.98,32.21,31.68,187723125.35
300750.SZ,2020-03-03,85.44,86.06,86.64,85.05,4075303280.81
601318.SH,2020-03-03,12.21,12.24,12.36,11.92,389195414.05
000333.SZ,2020-03-03,58.33,58.4,58.74,57.91,207418953.79
600036.SH,2020-03-03,130.59,130.68,132.44,127.76,3181859123.43
002415.SZ,2020-03-03,17.32,17.12,17.89,17.05,798256156.41
600276.SH,2020-03-03,46.71,46.61,47.8,46.57,7446001.39
002594.SZ,2020-03-03,143.61,142.8,144.93,142.15,4782721744.45
601012.SH,2020-03-03,113.47,113.77,115.05,112.79,3252331832.7
600887.SH,2020-03-03,58.18,57.63,59.27,57.9,2375558694.86
000002.SZ,2020-03-03,130.9,130.71,132.27,129.71,4524268145.47
600519.SH,2020-03-04,191.78,193.64,192.98,188.91,3397441047.02
000858.SZ,2020-03-04,31.88,31.91,32.05,31.37,63058840.11
300750.SZ,2020-03-04,85.3,85.22,88.77,83.68,4107128597.1
601318.SH,2020-03-04,12.09,12.06,12.18,12.06,384441055.71
000333.SZ,2020-03-04,57.62,57.52,58.0,57.41,597699987.1
600036.SH,2020-03-04,126.38,125.96,127.25,123.99,4547054823.86
002415.SZ,2020-03-04,17.93,17.96,18.15,17.84,371680275.61
600276.SH,2020-03-04,47.93,48.05,48.1,47.35,2366632429.03
002594.SZ,2020-03-04,146.55,147.16,148.97,143.91,4106911189.44
601012.SH,2020-03-04,110.42,110.04,111.78,109.79,2179091762.83
600887.SH,2020-03-04,61.24,61.52,61.68,60.53,1015787318.63
000002.SZ,2020-03-04,137.45,137.68,137.77,133.02,6346639498.04
600519.SH,2020-03-05,192.78,192.76,195.26,192.73,8645268996.68
000858.SZ,2020-03-05,31.18,31.24,31.53,30.87,1446774446.82
300750.SZ,2020-03-05,83.5,82.91,84.61,83.4,3582064039.9
601318.SH,2020-03-05,12.23,12.32,12.26,12.03,139367758.47
000333.SZ,2020-03-05,56.33,56.75,57.51,56.24,1905831772.19
600036.SH,2020-03-05,126.34,127.11,127.67,124.3,933700540.59
002415.SZ,2020-03-05,18.42,18.5,18.49,18.09,440357518.85
600276.SH,2020-03-05,46.15,46.3,48.05,45.33,1545309809.29
002594.SZ,2020-03-05,153.97,152.68,154.79,149.45,2086879470.97
601012.SH,2020-03-05,114.8,114.64,114.81,114.0,57172390.34
600887.SH,2020-03-05,59.38,59.68,60.09,58.43,347088513.08
000002.SZ,2020-03-05,132.66,133.4,133.25,132.58,2176731577.54
600519.SH,2020-03-06,191.51,192.45,193.57,190.09,7514961854.23
000858.SZ,2020-03-06,30.39,30.59,30.74,30.01,891012165.2
300750.SZ,2020-03-06,82.99,83.12,83.49,82.98,1160099666.36
601318.SH,2020-03-06,11.44,11.46,11.58,11.38,531615136.18
000333.SZ,2020-03-06,56.04,56.27,56.96,54.61,401083016.03
600036.SH,2020-03-06,132.09,131.59,132.24,130.24,912025120.44
002415.SZ,2020-03-06,17.92,18.03,18.21,17.4,774548105.61
600276.SH,2020-03-06,45.86,45.97,46.77,45.69,440098863.73
002594.SZ,2020-03-06,148.32,147.41,149.86,145.26,4125181109.03
601012.SH,2020-03-06,116.69,115.42,119.56,115.35,5384450833.65
600887.SH,2020-03-06,59.07,58.52,60.42,59.01,885314930.2
000002.SZ,2020-03-06,139.16,139.82,139.27,137.31,2707461367.8
600519.SH,2020-03-09,192.6,193.19,193.64,189.91,8524884364.1
000858.SZ,2020-03-09,30.12,30.08,30.2,29.84,1248705723.17
300750.SZ,2020-03-09,84.17,84.52,85.74,82.53,827039502.12
601318.SH,2020-03-09,11.31,11.39,11.41,11.28,230493895.71
000333.SZ,2020-03-09,54.19,54.16,54.32,54.09,1572218335.8
600036.SH,2020-03-09,133.16,133.88,136.23,133.07,5335554294.38
002415.SZ,2020-03-09,17.85,17.72,18.15,17.81,706669422.83
600276.SH,2020-03-09,46.07,46.02,47.07,46.0,1638665306.29
002594.SZ,2020-03-09,149.78,150.56,151.54,149.07,7184679132.13
601012.SH,2020-03-09,115.26,116.21,117.05,112.7,527268915.97
600887.SH,2020-03-09,59.72,59.54,60.61,59.47,791233509.09
000002.SZ,2020-03-09,145.28,145.11,147.12,145.2,6114617742.44
600519.SH,2020-03-10,187.36,187.99,188.09,185.91,8874869226.83
000858.SZ,2020-03-10,31.44,31.16,31.89,30.7,959464348.06
300750.SZ,2020-03-10,83.7,83.62,84.93,82.82,3056707600.25
601318.SH,2020-03-10,11.09,11.18,11.1,10.81,111259818.54
000333.SZ,2020-03-10,57.5,58.12,59.56,57.05,396826127.66
600036.SH,2020-03-10,133.74,133.4,135.09,132.22,6630288968.78
002415.SZ,2020-03-10,18.47,18.51,19.02,18.44,235590154.51
600276.SH,2020-03-10,47.04,47.2,47.3,46.99,1629561401.93
002594.SZ,2020-03-10,143.56,143.2,145.56,138.75,91054229.53
601012.SH,2020-03-10,115.67,116.03,116.26,114.91,2772715591.05
600887.SH,2020-03-10,58.97,58.59,59.91,58.21,172636054.89
000002.SZ,2020-03-10,140.48,141.85,140.83,138.48,406944548.51
600519.SH,2020-03-11,179.16,179.67,179.75,178.73,6897894130.48
000858.SZ,2020-03-11,31.54,31.75,31.66,31.27,48862875.32
300750.SZ,2020-03-11,84.98,84.86,87.81,84.88,2299138424.57
601318.SH,2020-03-11,11.21,11.19,11.6,11.1,448300519.97
000333.SZ,2020-03-11,57.09,57.28,58.52,56.96,1299728540.09
600036.SH,2020-03-11,131.14,131.08,131.75,130.13,5228899531.2
002415.SZ,2020-03-11,18.02,17.97,18.56,17.56,651276211.65
600276.SH,2020-03-11,46.41,46.56,46.87,46.14,2049702883.27
002594.SZ,2020-03-11,139.93,138.75,140.78,136.16,4498073813.59
601012.SH,2020-03-11,115.14,115.9,115.69,113.72,1507885531.39
600887.SH,2020-03-11,58.96,59.37,59.92,57.54,2729466973.91
000002.SZ,2020-03-11,137.4,136.59,139.25,136.8,3727244901.14
600519.SH,2020-03-12,178.21,176.25,179.59,175.93,5610507227.38
000858.SZ,2020-03-12,30.96,31.15,31.46,30.16,102093058.28
300750.SZ,2020-03-12,85.01,85.33,86.44,84.46,2927479387.95
601318.SH,2020-03-12,11.36,11.28,11.57,11.17,160789339.02
000333.SZ,2020-03-12,57.37,57.36,58.4,57.24,1395631878.45
600036.SH,2020-03-12,132.75,131.14,134.27,131.19,5110090137.99
002415.SZ,2020-03-12,17.29,17.34,17.36,17.21,42396688.17
600276.SH,2020-03-12,45.99,46.06,47.75,45.65,100906409.9
002594.SZ,2020-03-12,140.97,140.31,146.65,137.34,5238765720.58
601012.SH,2020-03-12,117.04,116.69,120.76,115.83,5711820119.44
600887.SH,2020-03-12,56.64,57.14,57.39,56.0,1965896754.29
000002.SZ,2020-03-12,138.02,137.41,139.44,133.42,4134019682.11
600519.SH,2020-03-13,183.67,182.94,186.6,182.14,3271622012.56
000858.SZ,2020-03-13,30.83,30.75,31.45,30.4,1383789028.25
300750.SZ,2020-03-13,84.85,85.01,85.23,83.61,4011272732.47
601318.SH,2020-03-13,11.49,11.6,11.49,11.36,320807282.57
000333.SZ,2020-03-13,57.76,57.78,57.92,57.45,331417432.32
600036.SH,2020-03-13,135.06,134.75,136.42,132.32,4630565563.7
002415.SZ,2020-03-13,17.33,17.31,17.86,16.84,787443703.04
600276.SH,2020-03-13,46.19,46.58,46.19,46.15,1248300186.33
002594.SZ,2020-03-13,138.28,138.91,143.62,137.66,6257400633.44
601012.SH,2020-03-13,116.6,117.21,118.65,116.36,3028841917.51
600887.SH,2020-03-13,58.44,58.06,58.5,58.1,66528531.09
000002.SZ,2020-03-13,137.38,137.86,139.43,133.85,4221827609.72
600519.SH,2020-03-16,182.99,182.21,185.26,180.78,8007609347.81
000858.SZ,2020-03-16,30.47,30.64,30.73,29.83,758448336.96
300750.SZ,2020-03-16,86.57,85.9,88.54,85.09,912339866.23
601318.SH,2020-03-16,11.25,11.3,11.47,11.18,178812590.0
000333.SZ,2020-03-16,59.1,59.12,59.67,58.22,2349877962.7
600036.SH,2020-03-16,131.96,131.6,132.96,130.38,1024687922.67
002415.SZ,2020-03-16,16.88,16.72,17.14,16.82,683429656.54
600276.SH,2020-03-16,46.45,46.53,47.13,45.69,1332135352.32
002594.SZ,2020-03-16,138.8,139.16,139.32,138.62,6413992231.1
601012.SH,2020-03-16,117.53,117.75,120.42,116.68,1292366394.88
600887.SH,2020-03-16,60.02,60.17,60.66,59.96,1210702752.25
000002.SZ,2020-03-16,136.03,134.98,138.13,135.14,4902315621.82
600519.SH,2020-03-17,185.11,185.64,187.45,183.05,6152481677.45
000858.SZ,2020-03-17,29.79,29.58,29.92,29.75,563403892.68
300750.SZ,2020-03-17,89.33,89.16,90.23,87.41,2466175330.74
601318.SH,2020-03-17,11.43,11.43,11.53,11.37,62170644.2
000333.SZ,2020-03-17,59.92,59.64,61.18,59.23,1604051067.21
600036.SH,2020-03-17,132.64,132.78,134.49,130.14,1052669715.67
002415.SZ,2020-03-17,16.55,16.57,16.65,16.49,686303272.57
600276.SH,2020-03-17,46.09,46.01,46.23,45.44,685611810.2
002594.SZ,2020-03-17,140.61,139.85,144.34,139.98,6116454805.15
601012.SH,2020-03-17,117.53,116.82,119.63,116.94,5826156920.43
600887.SH,2020-03-17,60.24,60.23,60.35,60.2,988090766.26
000002.SZ,2020-03-17,131.48,131.16,132.12,131.24,2042370189.83
600519.SH,2020-03-18,186.04,185.87,187.44,185.97,7395172095.64
000858.SZ,2020-03-18,29.29,29.29,29.73,28.39,1341149812.1
300750.SZ,2020-03-18,86.96,86.34,86.98,84.51,2268511468.23
601318.SH,2020-03-18,11.39,11.41,11.46,10.97,363791029.51
000333.SZ,2020-03-18,57.17,57.06,58.87,57.16,344505730.74
600036.SH,2020-03-18,135.03,133.86,136.01,134.61,2009227507.2
002415.SZ,2020-03-18,16.91,16.96,17.23,16.86,123934782.33
600276.SH,2020-03-18,46.06,45.82,46.45,45.86,707022686.28
002594.SZ,2020-03-18,137.19,137.7,137.84,135.25,5461713097.67
601012.SH,2020-03-18,114.81,114.35,116.93,112.99,5383309361.21
600887.SH,2020-03-18,60.04,60.38,60.62,58.87,275787946.8
000002.SZ,2020-03-18,123.57,122.63,124.89,122.04,5101964228.85
600519.SH,2020-03-19,186.97,185.9,189.11,184.73,6462335619.48
000858.SZ,2020-03-19,29.79,29.77,30.01,29.64,1041114249.83
300750.SZ,2020-03-19,86.32,86.74,87.37,83.85,1827516462.68
601318.SH,2020-03-19,11.26,11.3,11.52,11.23,95567966.35
000333.SZ,2020-03-19,57.46,57.49,57.46,56.14,1551920173.95
600036.SH,2020-03-19,136.28,135.84,136.99,134.35,5950094688.42
002415.SZ,2020-03-19,17.39,17.51,17.39,17.31,213657403.93
600276.SH,2020-03-19,46.1,46.23,46.6,46.01,1637400455.95
002594.SZ,2020-03-19,134.89,135.68,135.9,133.78,5467720671.39
601012.SH,2020-03-19,113.54,114.04,114.95,110.94,4358733547.65
600887.SH,2020-03-19,60.34,60.65,60.72,59.4,2483103530.45
000002.SZ,2020-03-19,128.44,128.3,128.62,123.96,5510748374.68
600519.SH,2020-03-20,185.57,186.09,188.75,181.14,4663246295.89
000858.SZ,2020-03-20,29.02,28.83,29.53,28.62,1281379759.61
300750.SZ,2020-03-20,84.49,84.71,86.72,82.73,2140338472.11
601318.SH,2020-03-20,10.68,10.72,10.89,10.43,514295441.2
000333.SZ,2020-03-20,57.96,58.38,58.72,57.9,1321473541.74
600036.SH,2020-03-20,131.71,131.3,131.74,129.21,6356298353.32
002415.SZ,2020-03-20,16.86,17.03,17.29,16.72,667187514.55
600276.SH,2020-03-20,43.85,44.15,43.99,43.4,1336328636.83
002594.SZ,2020-03-20,131.19,131.85,132.62,125.96,2299895466.23
601012.SH,2020-03-20,115.21,115.13,116.3,112.61,4198731775.1
600887.SH,2020-03-20,58.4,58.7,58.78,58.01,2747772529.6
000002.SZ,2020-03-20,122.89,121.88,127.41,122.33,2969717634.38
600519.SH,2020-03-23,186.49,185.47,189.16,183.0,3463903919.98
000858.SZ,2020-03-23,28.79,28.89,28.83,28.77,1294206711.81
300750.SZ,2020-03-23,85.45,85.25,85.59,84.87,3293000283.15
601318.SH,2020-03-23,10.88,10.84,11.01,10.75,242419414.45
000333.SZ,2020-03-23,57.98,57.71,58.5,57.56,2812038504.04
600036.SH,2020-03-23,127.5,127.5,130.77,125.68,4105336933.13
002415.SZ,2020-03-23,16.81,16.75,16.87,16.73,568508036.72
600276.SH,2020-03-23,44.42,44.3,45.65,44.34,338393818.35
002594.SZ,2020-03-23,129.34,128.86,130.52,127.47,2494351375.31
601012.SH,2020-03-23,111.13,110.97,112.74,108.17,3198301148.57
600887.SH,2020-03-23,60.03,60.25,60.48,59.68,1782988122.34
000002.SZ,2020-03-23,121.68,122.48,122.52,120.99,1992424159.6
600519.SH,2020-03-24,184.67,183.57,187.15,184.41,4113066715.49
000858.SZ,2020-03-24,28.82,28.8,28.89,28.59,1241878174.18
300750.SZ,2020-03-24,87.69,88.03,87.84,85.48,1811583737.09
601318.SH,2020-03-24,10.96,10.97,11.43,10.65,35496447.23
000333.SZ,2020-03-24,57.53,57.16,57.98,56.42,1593879863.14
600036.SH,2020-03-24,129.74,129.82,131.12,128.8,4413469133.57
002415.SZ,2020-03-24,17.73,17.72,17.97,17.47,360553400.83
600276.SH,2020-03-24,45.98,45.78,46.71,45.6,1846355782.05
002594.SZ,2020-03-24,131.58,131.99,135.2,129.91,1910536094.24
601012.SH,2020-03-24,108.07,108.46,111.82,107.06,1862414027.57
600887.SH,2020-03-24,65.7,65.35,66.47,65.53,1254979241.3
000002.SZ,2020-03-24,118.09,117.83,118.45,115.93,1574677134.89
600519.SH,2020-03-25,183.05,182.39,187.5,181.08,7382180955.52
000858.SZ,2020-03-25,28.33,28.5,28.6,28.06,244399774.95
300750.SZ,2020-03-25,91.3,91.99,94.75,90.91,2098816496.36
601318.SH,2020-03-25,11.08,11.1,11.19,10.99,333725397.12
000333.SZ,2020-03-25,55.5,56.0,56.1,55.06,705320380.14
600036.SH,2020-03-25,130.67,131.4,134.01,130.25,16619472.91
002415.SZ,2020-03-25,17.98,18.06,18.22,17.83,38710096.33
600276.SH,2020-03-25,45.64,45.95,46.65,45.52,1236232384.41
002594.SZ,2020-03-25,127.63,127.7,130.2,124.06,4748104487.16
601012.SH,2020-03-25,106.16,106.33,107.32,105.25,5224691062.99
600887.SH,2020-03-25,65.01,65.03,65.56,63.35,2975447472.1
000002.SZ,2020-03-25,118.22,117.96,119.39,117.86,4021114567.93
600519.SH,2020-03-26,180.76,180.47,185.26,177.78,7860293240.68
000858.SZ,2020-03-26,28.86,28.97,29.37,28.51,27783018.0
300750.SZ,2020-03-26,89.18,89.59,89.43,88.72,3423154916.85
601318.SH,2020-03-26,10.6,10.67,10.66,10.44,287458092.51
000333.SZ,2020-03-26,54.5,54.97,56.57,53.54,1372553687.5
600036.SH,2020-03-26,135.14,135.51,138.36,134.74,145055255.11
002415.SZ,2020-03-26,17.73,17.8,17.93,17.4,32663895.68
600276.SH,2020-03-26,48.33,48.51,49.25,47.54,1036363528.72
002594.SZ,2020-03-26,129.26,129.52,129.9,128.75,1967475976.55
601012.SH,2020-03-26,103.13,104.27,103.93,102.97,3073730959.42
600887.SH,2020-03-26,63.69,64.04,63.98,62.48,1781686142.82
000002.SZ,2020-03-26,118.99,117.72,121.97,117.57,2233987218.46
600519.SH,2020-03-27,175.53,175.45,176.23,172.65,1040837901.61
000858.SZ,2020-03-27,30.59,30.8,31.12,30.25,668852485.22
300750.SZ,2020-03-27,87.01,86.64,87.17,86.28,4085518842.21
601318.SH,2020-03-27,10.79,10.8,10.88,10.59,179679540.97
000333.SZ,2020-03-27,56.52,56.61,57.7,56.03,88571016.34
600036.SH,2020-03-27,134.84,134.23,137.16,134.83,2629579073.84
002415.SZ,2020-03-27,17.3,17.17,17.4,17.14,520237990.2
600276.SH,2020-03-27,48.02,48.31,48.17,47.74,1979650281.1
002594.SZ,2020-03-27,130.5,130.55,131.89,126.82,6326055545.98
601012.SH,2020-03-27,105.43,105.47,106.03,102.95,1158332569.48
600887.SH,2020-03-27,63.81,64.11,65.36,63.55,2365871428.86
000002.SZ,2020-03-27,114.89,114.77,116.88,113.33,5437750706.02
600519.SH,2020-03-30,175.8,176.1,176.22,175.19,8115754973.53
000858.SZ,2020-03-30,30.09,29.92,30.5,29.6,698656779.63
300750.SZ,2020-03-30,82.31,82.7,84.08,80.8,1020145430.4
601318.SH,2020-03-30,10.6,10.59,10.68,10.49,358316249.29
000333.SZ,2020-03-30,54.53,54.37,54.69,53.92,1859059806.96
600036.SH,2020-03-30,136.89,136.59,138.73,134.22,2149175384.21
002415.SZ,2020-03-30,18.14,17.94,18.56,18.02,77901280.04
600276.SH,2020-03-30,50.28,50.49,50.9,50.0,136059288.44
002594.SZ,2020-03-30,128.7,128.81,129.18,128.39,2891397051.35
601012.SH,2020-03-30,104.26,104.47,104.88,102.6,3988586741.64
600887.SH,2020-03-30,64.94,64.74,65.64,64.28,1720485489.8
000002.SZ,2020-03-30,117.99,118.49,118.11,115.12,672041309.7
600519.SH,2020-03-31,174.05,174.29,176.86,172.68,7015596740.47
000858.SZ,2020-03-31,30.0,30.1,30.27,29.87,436167368.38
300750.SZ,2020-03-31,86.89,87.13,87.4,86.13,2325360473.87
601318.SH,2020-03-31,10.58,10.63,10.6,10.5,116048351.82
000333.SZ,2020-03-31,53.89,54.3,54.6,53.67,1738046728.99
600036.SH,2020-03-31,137.37,136.9,142.4,134.53,2941524926.48
002415.SZ,2020-03-31,18.42,18.52,18.49,18.25,841457067.2
600276.SH,2020-03-31,49.02,48.99,50.21,48.48,1178845920.49
002594.SZ,2020-03-31,127.96,127.87,128.0,127.0,2030332052.9
601012.SH,2020-03-31,101.27,100.79,102.16,100.9,2259685330.87
600887.SH,2020-03-31,64.52,64.42,65.33,63.35,2353342547.41
000002.SZ,2020-03-31,123.59,122.39,126.93,123.22,3169060223.08
600519.SH,2020-04-01,177.36,178.28,179.41,175.18,4251470833.04
000858.SZ,2020-04-01,29.94,30.04,30.18,29.07,744931176.15
300750.SZ,2020-04-01,84.91,84.86,86.28,84.36,3436365613.35
601318.SH,2020-04-01,10.5,10.53,10.55,10.47,163751661.02
000333.SZ,2020-04-01,55.33,55.4,56.14,54.41,2459256553.39
600036.SH,2020-04-01,135.51,135.04,136.99,133.94,6583808895.82
002415.SZ,2020-04-01,19.09,19.02,19.42,18.64,658854276.83
600276.SH,2020-04-01,47.36,47.17,48.03,46.79,1314276782.08
002594.SZ,2020-04-01,127.1,126.27,127.41,125.73,5918000887.65
601012.SH,2020-04-01,105.73,105.65,105.97,104.81,3726272610.78
600887.SH,2020-04-01,61.31,61.01,61.55,59.34,526878797.74
000002.SZ,2020-04-01,127.32,127.13,127.75,125.85,5971530274.33
600519.SH,2020-04-02,169.24,169.36,171.35,169.21,5675136592.69
000858.SZ,2020-04-02,29.89,29.57,29.99,29.31,656336717.13
300750.SZ,2020-04-02,84.58,83.78,85.55,83.39,1395333086.37
601318.SH,2020-04-02,10.73,10.63,10.76,10.58,279345821.67
000333.SZ,2020-04-02,51.0,51.39,51.42,50.86,370171838.7
600036.SH,2020-04-02,129.08,128.9,131.47,128.15,4722112801.16
002415.SZ,2020-04-02,18.83,18.68,19.22,18.53,772510338.03
600276.SH,2020-04-02,47.43,47.06,47.7,46.58,1517776178.85
002594.SZ,2020-04-02,124.32,124.89,125.45,124.05,2048264170.54
601012.SH,2020-04-02,105.2,105.24,106.36,104.55,5078793458.86
600887.SH,2020-04-02,59.53,60.01,60.26,59.13,618183497.44
000002.SZ,2020-04-02,126.11,125.02,129.96,126.02,3304250212.83
600519.SH,2020-04-03,165.74,164.96,167.66,162.27,5294857908.11
000858.SZ,2020-04-03,30.09,30.21,30.22,29.57,1132016172.93
300750.SZ,2020-04-03,85.85,85.98,86.37,85.01,4233014841.14
601318.SH,2020-04-03,11.12,11.14,11.32,11.11,153707020.8
000333.SZ,2020-04-03,50.19,50.47,50.68,50.06,1995746539.64
600036.SH,2020-04-03,128.12,128.03,130.25,124.9,5406673673.67
002415.SZ,2020-04-03,18.87,18.7,19.11,18.71,545148856.25
600276.SH,2020-04-03,47.1,46.88,47.38,46.81,2029484871.06
002594.SZ,2020-04-03,124.22,124.96,125.35,123.63,566773651.23
601012.SH,2020-04-03,101.14,102.02,101.77,99.99,2556824281.54
600887.SH,2020-04-03,60.11,60.11,61.62,58.65,2312025428.96
000002.SZ,2020-04-03,123.29,123.51,123.88,122.22,4154724503.54
600519.SH,2020-04-06,161.86,163.19,162.36,160.56,4737082468.52
000858.SZ,2020-04-06,28.91,28.98,30.0,28.84,771226932.2
300750.SZ,2020-04-06,88.39,89.16,91.45,87.71,1398832023.86
601318.SH,2020-04-06,11.08,11.16,11.28,10.9,24480006.35
000333.SZ,2020-04-06,51.65,51.95,52.0,51.01,2210444482.26
600036.SH,2020-04-06,129.05,128.03,129.17,128.49,2123469234.65
002415.SZ,2020-04-06,18.07,18.13,18.23,18.03,64640811.65
600276.SH,2020-04-06,45.85,45.7,46.44,44.96,1805235359.64
002594.SZ,2020-04-06,126.64,126.02,126.68,123.19,511037464.81
601012.SH,2020-04-06,99.26,99.89,99.91,97.6,2979649195.8
600887.SH,2020-04-06,58.5,58.32,58.75,58.44,2061904596.72
000002.SZ,2020-04-06,122.8,123.65,124.41,121.15,5989260909.49
600519.SH,2020-04-07,161.23,162.76,161.91,159.13,7704340007.82
000858.SZ,2020-04-07,28.19,28.25,28.49,28.09,918131193.43
300750.SZ,2020-04-07,87.71,88.23,89.58,87.61,822587897.78
601318.SH,2020-04-07,10.96,11.02,11.15,10.68,56452930.19
000333.SZ,2020-04-07,48.33,48.27,49.04,48.24,328086478.99
600036.SH,2020-04-07,130.74,130.57,132.19,130.67,3184722543.66
002415.SZ,2020-04-07,17.71,17.55,17.85,17.45,678597896.86
600276.SH,2020-04-07,47.37,47.3,47.42,47.32,2165422070.51
002594.SZ,2020-04-07,123.06,122.85,125.21,122.04,434099536.01
601012.SH,2020-04-07,95.39,95.64,95.8,93.97,175952583.54
600887.SH,2020-04-07,60.27,61.17,62.35,58.13,1914516072.74
000002.SZ,2020-04-07,117.99,118.33,118.61,115.89,4828816264.09
600519.SH,2020-04-08,158.74,159.45,159.93,158.11,7646718292.65
000858.SZ,2020-04-08,28.63,29.01,29.25,28.48,784029844.35
300750.SZ,2020-04-08,87.03,87.84,89.78,86.31,1831432619.21
601318.SH,2020-04-08,10.51,10.51,10.83,10.34,267988957.8
000333.SZ,2020-04-08,48.59,48.86,49.21,48.23,1287073548.52
600036.SH,2020-04-08,130.17,129.53,132.47,128.92,5172015573.09
002415.SZ,2020-04-08,18.29,18.4,18.45,18.22,453903422.21
600276.SH,2020-04-08,48.09,48.06,48.17,46.88,2206362768.59
002594.SZ,2020-04-08,132.46,133.06,134.61,132.4,1161374929.67
601012.SH,2020-04-08,91.51,91.47,93.84,91.43,1279608228.34
600887.SH,2020-04-08,60.27,60.01,60.92,60.17,2895727782.63
000002.SZ,2020-04-08,114.9,115.41,116.96,113.16,4777133438.77
600519.SH,2020-04-09,163.41,163.51,166.43,162.37,4019588659.26
000858.SZ,2020-04-09,29.23,29.18,30.11,28.96,33949835.2
300750.SZ,2020-04-09,88.72,89.5,89.2,84.98,3501041824.7
601318.SH,2020-04-09,10.31,10.27,10.32,10.01,423226952.74
000333.SZ,2020-04-09,47.71,47.77,48.91,47.11,500543733.8
600036.SH,2020-04-09,123.63,123.74,125.88,123.57,413390980.34
002415.SZ,2020-04-09,19.08,18.96,19.1,18.64,917732695.2
600276.SH,2020-04-09,48.72,48.87,48.82,48.2,988847929.13
002594.SZ,2020-04-09,131.66,131.71,133.82,131.24,4726894692.89
601012.SH,2020-04-09,93.69,93.51,95.24,92.49,536348097.59
600887.SH,2020-04-09,61.43,61.62,61.61,60.57,2977309878.95
000002.SZ,2020-04-09,117.76,116.7,118.12,116.91,794749768.22
600519.SH,2020-04-10,156.85,156.81,158.27,155.08,5144031821.04
000858.SZ,2020-04-10,28.72,28.75,29.14,27.96,1284795489.6
300750.SZ,2020-04-10,89.2,88.65,90.58,88.27,41512099.51
601318.SH,2020-04-10,10.41,10.45,10.41,10.35,30427093.74
000333.SZ,2020-04-10,48.87,48.73,49.91,48.56,1382790647.92
600036.SH,2020-04-10,120.57,120.17,121.51,119.11,4709747769.6
002415.SZ,2020-04-10,19.15,19.23,19.5,18.85,590747860.68
600276.SH,2020-04-10,51.44,51.54,52.33,50.8,375873113.66
002594.SZ,2020-04-10,134.01,134.01,136.53,131.39,4930844956.83
601012.SH,2020-04-10,95.78,95.91,98.12,95.4,4707480267.5
600887.SH,2020-04-10,61.43,61.69,62.33,61.27,245626976.16
000002.SZ,2020-04-10,120.08,120.44,121.6,120.04,875789728.66
600519.SH,2020-04-13,164.01,163.85,165.88,161.28,1767643189.35
000858.SZ,2020-04-13,28.81,28.68,28.99,28.71,1193969420.52
300750.SZ,2020-04-13,91.97,92.25,92.26,90.88,3164502186.73
601318.SH,2020-04-13,10.18,10.22,10.22,10.01,76885858.79
000333.SZ,2020-04-13,49.62,49.31,50.29,48.78,379920267.81
600036.SH,2020-04-13,123.36,124.62,125.79,122.82,4810256369.35
002415.SZ,2020-04-13,18.8,18.82,19.4,18.67,537826009.55
600276.SH,2020-04-13,52.87,52.95,53.53,50.98,1544487967.76
002594.SZ,2020-04-13,131.81,132.55,131.95,131.43,643163944.9
601012.SH,2020-04-13,93.9,93.83,93.95,92.63,3748145659.14
600887.SH,2020-04-13,61.46,61.53,61.5,60.22,280539101.58
000002.SZ,2020-04-13,125.94,126.15,125.95,125.44,2849875664.87
600519.SH,2020-04-14,165.36,165.57,166.36,163.01,356954871.9
000858.SZ,2020-04-14,29.5,29.46,30.42,29.45,967307176.22
300750.SZ,2020-04-14,90.33,90.04,90.36,87.84,1434392539.77
601318.SH,2020-04-14,10.21,10.22,10.44,10.08,379722092.03
000333.SZ,2020-04-14,48.18,48.41,50.74,47.85,1946845367.37
600036.SH,2020-04-14,121.66,121.9,123.68,121.2,50343544.5
002415.SZ,2020-04-14,19.2,19.2,19.42,18.45,792553498.2
600276.SH,2020-04-14,52.85,53.09,52.89,52.19,2079451393.56
002594.SZ,2020-04-14,136.66,137.02,137.41,134.83,118661840.35
601012.SH,2020-04-14,93.47,94.0,94.0,92.65,2750520101.85
600887.SH,2020-04-14,61.18,61.19,61.69,60.95,2236147014.59
000002.SZ,2020-04-14,130.03,128.51,131.47,129.19,5354734019.72
600519.SH,2020-04-15,162.76,163.03,165.4,161.32,1707556397.93
000858.SZ,2020-04-15,28.4,28.57,28.65,27.84,503182737.73
300750.SZ,2020-04-15,93.32,94.19,95.09,92.76,2177476478.84
601318.SH,2020-04-15,10.32,10.32,10.42,10.09,13444038.72
000333.SZ,2020-04-15,45.6,45.72,45.66,44.38,821606228.35
600036.SH,2020-04-15,121.86,121.49,122.72,121.63,237506065.34
002415.SZ,2020-04-15,19.02,19.12,19.25,18.47,511584911.2
600276.SH,2020-04-15,55.18,55.62,55.5,55.01,2223253048.47
002594.SZ,2020-04-15,134.24,133.58,134.75,134.16,4077056588.18
601012.SH,2020-04-15,92.16,91.78,93.55,91.84,2211875439.93
600887.SH,2020-04-15,59.82,59.27,60.63,58.49,384795652.03
000002.SZ,2020-04-15,126.66,126.55,133.61,125.05,5750781088.54
600519.SH,2020-04-16,159.99,159.36,159.99,159.48,5997215694.23
000858.SZ,2020-04-16,27.39,27.4,27.95,27.16,1337269333.25
300750.SZ,2020-04-16,90.96,91.17,91.05,89.85,3850574653.31
601318.SH,2020-04-16,9.91,9.92,10.02,9.79,22555708.46
000333.SZ,2020-04-16,43.91,43.62,44.53,43.78,1688475043.74
600036.SH,2020-04-16,117.17,115.81,118.27,116.75,3566027352.57
002415.SZ,2020-04-16,18.78,18.78,18.93,18.7,217865625.83
600276.SH,2020-04-16,54.26,54.49,55.21,54.02,737671452.91
002594.SZ,2020-04-16,130.19,130.36,130.38,129.43,6285097824.69
601012.SH,2020-04-16,93.31,93.59,94.25,92.71,882297972.62
600887.SH,2020-04-16,59.78,59.77,59.9,59.28,2223778625.13
000002.SZ,2020-04-16,125.36,125.51,129.8,125.13,940743267.98
600519.SH,2020-04-17,158.21,159.91,158.68,156.59,1735350234.16
000858.SZ,2020-04-17,28.49,28.5,28.57,28.46,740794126.86
300750.SZ,2020-04-17,91.55,91.55,92.69,91.24,1102211559.0
601318.SH,2020-04-17,10.03,9.98,10.04,10.02,259387667.76
000333.SZ,2020-04-17,41.1,40.78,41.56,40.78,248372566.92
600036.SH,2020-04-17,115.31,115.31,115.42,114.95,5506241072.58
002415.SZ,2020-04-17,17.77,17.82,17.98,17.76,729306774.74
600276.SH,2020-04-17,53.71,53.34,54.32,52.99,2508302644.2
002594.SZ,2020-04-17,131.47,131.43,134.07,128.14,4780894259.52
601012.SH,2020-04-17,91.78,91.62,91.9,89.88,1787105282.7
600887.SH,2020-04-17,60.58,60.11,60.97,59.74,2880952180.43
000002.SZ,2020-04-17,122.22,123.96,125.66,120.92,3351899972.54
600519.SH,2020-04-20,160.57,159.95,160.8,160.55,7398393052.27
000858.SZ,2020-04-20,27.4,27.45,27.85,26.39,706994748.07
300750.SZ,2020-04-20,90.99,90.86,91.94,90.54,3800685978.35
601318.SH,2020-04-20,10.14,10.16,10.2,10.12,49660817.58
000333.SZ,2020-04-20,41.67,41.8,42.04,41.25,772188513.25
600036.SH,2020-04-20,115.0,114.38,115.12,112.97,4368357960.32
002415.SZ,2020-04-20,18.64,18.72,18.7,18.46,243518030.37
600276.SH,2020-04-20,53.18,53.15,53.26,53.08,968729976.18
002594.SZ,2020-04-20,130.05,129.84,131.34,129.64,2100405332.8
601012.SH,2020-04-20,85.5,85.55,87.14,84.89,1076734585.5
600887.SH,2020-04-20,63.29,62.86,64.02,62.63,474620625.29
000002.SZ,2020-04-20,121.15,120.66,121.75,120.94,846066727.7
600519.SH,2020-04-21,155.93,156.84,158.47,154.58,4210068091.61
000858.SZ,2020-04-21,28.32,28.11,28.74,28.05,1303885287.14
300750.SZ,2020-04-21,93.85,93.53,95.23,91.88,4543372290.23
601318.SH,2020-04-21,10.17,10.13,10.36,9.92,72473122.01
000333.SZ,2020-04-21,40.19,39.96,40.33,39.77,655384163.8
600036.SH,2020-04-21,116.26,116.46,117.09,115.32,5306904747.24
002415.SZ,2020-04-21,18.36,18.32,18.5,18.11,205492423.87
600276.SH,2020-04-21,51.65,52.24,51.8,51.65,764660842.58
002594.SZ,2020-04-21,133.51,133.67,134.26,132.85,3688596954.74
601012.SH,2020-04-21,80.98,80.0,81.74,79.65,2782646993.99
600887.SH,2020-04-21,64.22,64.64,64.74,63.63,1115104822.77
000002.SZ,2020-04-21,122.6,120.98,125.31,122.3,5470934075.94
600519.SH,2020-04-22,164.0,164.16,164.41,162.52,469626880.3
000858.SZ,2020-04-22,28.56,28.58,28.65,28.52,124374805.95
300750.SZ,2020-04-22,89.07,88.57,89.68,88.75,3224091152.96
601318.SH,2020-04-22,9.97,9.97,9.97,9.87,490205137.37
000333.SZ,2020-04-22,40.28,40.51,40.98,39.71,709201671.37
600036.SH,2020-04-22,117.35,117.07,119.17,115.54,1560593104.61
002415.SZ,2020-04-22,18.82,18.73,18.88,18.52,707613716.7
600276.SH,2020-04-22,49.15,49.15,49.37,47.81,2190639547.03
002594.SZ,2020-04-22,132.48,133.42,134.2,131.26,6429724590.51
601012.SH,2020-04-22,82.98,83.6,83.25,82.25,605938224.02
600887.SH,2020-04-22,66.73,65.82,67.83,66.23,2754677111.17
000002.SZ,2020-04-22,128.37,127.93,131.02,127.94,2145217621.81
600519.SH,2020-04-23,162.48,163.44,162.61,162.35,1678044322.6
000858.SZ,2020-04-23,29.36,29.16,29.42,28.85,221107088.47
300750.SZ,2020-04-23,92.92,92.98,94.7,91.5,1909652981.53
601318.SH,2020-04-23,10.27,10.3,10.45,9.95,388923579.48
000333.SZ,2020-04-23,41.03,41.03,41.35,39.56,811226283.42
600036.SH,2020-04-23,119.84,120.22,121.98,119.66,5078938022.04
002415.SZ,2020-04-23,18.46,18.43,18.72,18.2,370463540.34
600276.SH,2020-04-23,47.4,47.69,47.61,47.09,2330908784.23
002594.SZ,2020-04-23,135.8,136.71,136.57,129.14,5788996745.73
601012.SH,2020-04-23,82.31,82.82,84.58,81.44,1115331043.82
600887.SH,2020-04-23,66.72,66.45,67.51,66.01,1931644393.16
000002.SZ,2020-04-23,126.57,125.76,127.73,125.19,243190341.39
600519.SH,2020-04-24,160.97,161.35,161.15,158.13,3898739949.1
000858.SZ,2020-04-24,29.55,29.54,29.63,29.31,349887470.88
300750.SZ,2020-04-24,90.6,91.14,92.47,90.18,1904516398.03
601318.SH,2020-04-24,10.29,10.33,10.3,10.14,79287720.52
000333.SZ,2020-04-24,41.3,41.37,41.47,41.13,525080207.27
600036.SH,2020-04-24,119.67,119.05,119.79,117.99,2143303329.77
002415.SZ,2020-04-24,18.13,18.08,18.2,17.73,251812075.75
600276.SH,2020-04-24,48.35,48.28,48.63,47.04,1853987914.2
002594.SZ,2020-04-24,142.22,143.12,144.21,140.82,3920570957.72
601012.SH,2020-04-24,81.11,81.12,82.44,80.84,18316119.52
600887.SH,2020-04-24,68.81,68.69,69.47,68.57,2715973552.61
000002.SZ,2020-04-24,129.45,130.41,133.33,129.44,5221300563.92
600519.SH,2020-04-27,150.37,150.22,153.1,149.68,4043282153.82
000858.SZ,2020-04-27,29.0,29.26,29.44,28.98,1256376475.82
300750.SZ,2020-04-27,89.2,90.06,89.5,87.49,817899480.78
601318.SH,2020-04-27,10.5,10.35,10.67,10.23,163995011.82
000333.SZ,2020-04-27,41.52,41.42,41.94,41.39,1792372942.02
600036.SH,2020-04-27,121.15,120.78,122.5,119.9,1891940273.39
002415.SZ,2020-04-27,18.42,18.42,18.76,17.76,458424040.14
600276.SH,2020-04-27,47.29,47.3,48.22,46.61,2063097396.13
002594.SZ,2020-04-27,139.64,138.09,143.74,139.42,4883658880.61
601012.SH,2020-04-27,78.67,78.81,79.68,77.88,3258575307.01
600887.SH,2020-04-27,68.55,68.01,70.14,68.13,951093266.42
000002.SZ,2020-04-27,129.13,129.22,130.36,128.63,5934511099.6
600519.SH,2020-04-28,151.09,150.72,151.27,148.38,5651165732.51
000858.SZ,2020-04-28,28.49,28.62,28.89,28.23,930032852.44
300750.SZ,2020-04-28,91.27,90.58,92.48,89.74,1775978742.31
601318.SH,2020-04-28,10.75,10.79,10.99,10.63,505062124.55
000333.SZ,2020-04-28,43.14,43.02,43.96,43.14,1096474440.7
600036.SH,2020-04-28,123.36,123.16,125.54,121.81,5216495796.61
002415.SZ,2020-04-28,18.52,18.4,18.91,18.39,10561021.46
600276.SH,2020-04-28,48.11,48.31,48.46,47.77,1055176350.96
002594.SZ,2020-04-28,141.84,141.98,144.42,141.71,6544224886.44
601012.SH,2020-04-28,77.43,77.35,79.06,76.8,3242066914.35
600887.SH,2020-04-28,70.8,70.77,70.81,70.02,2693648471.21
000002.SZ,2020-04-28,134.74,135.32,135.24,132.53,6370686539.72
600519.SH,2020-04-29,158.63,158.78,158.98,158.21,4888641361.58
000858.SZ,2020-04-29,28.53,28.46,28.77,28.49,1275133401.31
300750.SZ,2020-04-29,92.05,91.63,94.6,88.57,1163612805.64
601318.SH,2020-04-29,10.86,10.78,10.95,10.86,108395396.69
000333.SZ,2020-04-29,43.16,43.08,43.55,42.52,1863598526.3
600036.SH,2020-04-29,125.34,125.55,125.51,125.2,5005091857.89
002415.SZ,2020-04-29,18.47,18.34,18.59,18.41,326180674.15
600276.SH,2020-04-29,47.9,47.67,48.47,47.27,39997670.83
002594.SZ,2020-04-29,148.15,147.51,150.84,147.08,1012452605.53
601012.SH,2020-04-29,77.78,78.46,79.93,75.68,637621769.94
600887.SH,2020-04-29,70.95,71.11,71.9,67.68,2140145314.47
000002.SZ,2020-04-29,137.78,138.3,138.0,135.17,5836596827.56
600519.SH,2020-04-30,159.31,159.24,162.84,155.05,5439464614.44
000858.SZ,2020-04-30,28.75,28.78,29.04,28.39,992889524.72
300750.SZ,2020-04-30,91.95,91.98,94.64,90.83,3443983563.83
601318.SH,2020-04-30,10.54,10.51,10.6,10.48,170282058.88
000333.SZ,2020-04-30,43.15,43.11,44.38,42.2,840577686.44
600036.SH,2020-04-30,121.84,121.14,126.02,121.72,1335017072.83
002415.SZ,2020-04-30,18.58,18.41,19.16,18.19,712700791.97
600276.SH,2020-04-30,46.51,46.41,46.83,46.25,1973874510.86
002594.SZ,2020-04-30,151.61,151.27,154.97,148.29,4387211621.87
601012.SH,2020-04-30,79.28,78.74,79.84,77.01,1999393210.36
600887.SH,2020-04-30,71.49,71.5,71.64,69.99,2149877656.95
000002.SZ,2020-04-30,137.51,136.92,138.89,133.98,2184694827.55
600519.SH,2020-05-01,161.05,161.11,162.4,160.42,3843565306.56
000858.SZ,2020-05-01,27.35,27.39,27.84,26.79,753471015.36
300750.SZ,2020-05-01,89.48,89.2,90.2,89.25,2990406706.54
601318.SH,2020-05-01,10.5,10.46,10.79,10.38,122993995.63
000333.SZ,2020-05-01,43.54,43.45,43.63,42.99,1917413983.33
600036.SH,2020-05-01,121.65,122.66,122.01,119.54,1587944478.03
002415.SZ,2020-05-01,18.12,18.22,18.13,17.97,385613295.03
600276.SH,2020-05-01,46.69,46.41,47.28,46.53,579580962.79
002594.SZ,2020-05-01,149.97,149.33,153.15,149.03,4101077928.33
601012.SH,2020-05-01,77.2,77.11,78.32,76.62,1905720300.97
600887.SH,2020-05-01,72.11,72.18,72.65,70.57,1798266126.19
000002.SZ,2020-05-01,136.85,136.21,138.44,135.72,1070565459.28
600519.SH,2020-05-04,165.95,166.67,168.77,165.59,3841119604.3
000858.SZ,2020-05-04,27.82,27.57,27.88,27.41,215888797.08
300750.SZ,2020-05-04,91.17,91.28,92.59,90.85,3519738854.95
601318.SH,2020-05-04,10.59,10.43,10.75,10.51,75771705.86
000333.SZ,2020-05-04,42.64,42.5,43.18,42.22,1763897120.69
600036.SH,2020-05-04,118.87,118.94,120.52,118.49,4789854336.31
002415.SZ,2020-05-04,17.46,17.46,17.76,17.02,421001621.03
600276.SH,2020-05-04,50.07,50.06,50.16,49.55,1220956483.47
002594.SZ,2020-05-04,146.0,145.81,147.48,144.6,3236907473.31
601012.SH,2020-05-04,76.84,76.86,77.79,74.85,1937224182.77
600887.SH,2020-05-04,71.5,71.32,72.56,71.35,2014405603.77
000002.SZ,2020-05-04,135.96,136.16,137.69,132.92,2689541320.56
600519.SH,2020-05-05,163.61,161.33,164.82,162.37,4230539557.6
000858.SZ,2020-05-05,26.53,26.48,26.57,26.42,554296765.83
300750.SZ,2020-05-05,88.94,88.94,89.13,88.19,926991002.84
601318.SH,2020-05-05,10.23,10.19,10.29,10.22,427176230.13
000333.SZ,2020-05-05,42.53,42.58,43.09,42.29,855047278.3
600036.SH,2020-05-05,116.9,115.39,117.73,116.42,3533388583.0
002415.SZ,2020-05-05,17.17,17.19,17.48,17.09,522133282.42
600276.SH,2020-05-05,50.36,49.89,51.3,49.74,80959495.7
002594.SZ,2020-05-05,143.94,143.81,148.76,141.81,4894580259.28
601012.SH,2020-05-05,78.66,78.61,79.48,77.04,3070340909.81
600887.SH,2020-05-05,70.84,70.89,71.65,70.7,1862354546.24
000002.SZ,2020-05-05,136.79,136.92,138.57,133.75,3250997483.11
600519.SH,2020-05-06,158.27,157.12,160.1,156.23,6758376559.63
000858.SZ,2020-05-06,26.98,26.95,27.27,26.85,14594138.74
300750.SZ,2020-05-06,88.08,88.31,89.88,87.45,3246958330.81
601318.SH,2020-05-06,10.34,10.39,10.66,10.34,258904555.74
000333.SZ,2020-05-06,42.9,42.82,43.32,42.67,1512442120.62
600036.SH,2020-05-06,116.45,116.54,119.69,115.88,3073724285.51
002415.SZ,2020-05-06,17.27,17.31,17.4,17.21,723394960.39
600276.SH,2020-05-06,49.91,50.15,50.39,49.76,153500416.96
002594.SZ,2020-05-06,148.86,149.66,153.65,148.23,5671990172.15
601012.SH,2020-05-06,80.54,80.69,81.71,78.59,2625443975.97
600887.SH,2020-05-06,71.73,71.24,71.82,71.23,595565241.66
000002.SZ,2020-05-06,132.83,132.76,133.04,131.68,5866065838.56
600519.SH,2020-05-07,154.0,153.56,155.37,152.77,4268417582.32
000858.SZ,2020-05-07,26.55,26.43,26.79,26.5,139861034.53
300750.SZ,2020-05-07,87.58,87.07,88.37,86.9,791823698.35
601318.SH,2020-05-07,10.46,10.56,10.56,10.44,216729574.79
000333.SZ,2020-05-07,41.96,42.23,42.16,41.69,2054785840.53
600036.SH,2020-05-07,119.93,119.85,120.21,117.24,1619692580.16
002415.SZ,2020-05-07,17.28,17.3,17.36,16.78,390312088.18
600276.SH,2020-05-07,47.42,47.28,48.31,46.62,2185407850.55
002594.SZ,2020-05-07,147.17,147.27,148.01,145.04,5731941721.78
601012.SH,2020-05-07,75.38,75.19,76.69,74.27,3548276950.96
600887.SH,2020-05-07,70.42,70.36,71.1,69.62,651991099.66
000002.SZ,2020-05-07,131.07,132.21,132.72,130.11,1477330347.62
600519.SH,2020-05-08,151.72,152.77,154.42,150.74,3373681121.82
000858.SZ,2020-05-08,26.35,26.44,27.22,26.23,9641313.63
300750.SZ,2020-05-08,86.77,86.86,88.41,86.65,1416217488.25
601318.SH,2020-05-08,10.31,10.22,10.61,10.19,317842123.61
000333.SZ,2020-05-08,43.56,43.07,44.81,43.1,480347540.72
600036.SH,2020-05-08,123.64,124.49,124.4,123.04,4335350936.59
002415.SZ,2020-05-08,16.8,16.9,16.81,16.69,751731394.02
600276.SH,2020-05-08,48.93,48.9,49.47,48.44,854704341.11
002594.SZ,2020-05-08,141.27,143.11,142.98,139.2,898419522.52
601012.SH,2020-05-08,73.88,73.73,74.93,73.39,1464074274.55
600887.SH,2020-05-08,73.14,73.03,73.73,72.23,1115806580.58
000002.SZ,2020-05-08,123.8,123.2,126.24,123.44,1647999596.66
600519.SH,2020-05-11,153.98,153.97,157.05,150.32,3900722447.15
000858.SZ,2020-05-11,25.53,25.56,25.85,25.44,6107400.34
300750.SZ,2020-05-11,86.5,86.48,90.63,86.44,102312702.31
601318.SH,2020-05-11,10.27,10.17,10.29,10.26,367343381.55
000333.SZ,2020-05-11,45.43,45.89,46.47,44.92,380639353.73
600036.SH,2020-05-11,121.19,120.52,121.73,117.29,4708756445.41
002415.SZ,2020-05-11,16.78,16.94,16.96,16.77,218552647.08
600276.SH,2020-05-11,49.72,49.78,49.9,49.63,563630886.74
002594.SZ,2020-05-11,140.46,140.98,141.61,139.95,60026785.39
601012.SH,2020-05-11,72.4,72.63,72.9,71.51,154408387.21
600887.SH,2020-05-11,73.07,73.36,75.29,72.73,3556526213.51
000002.SZ,2020-05-11,124.15,123.61,127.07,121.61,1413967772.07
600519.SH,2020-05-12,157.46,157.09,159.26,156.45,1791768990.69
000858.SZ,2020-05-12,24.95,24.68,25.31,24.7,692575206.2
300750.SZ,2020-05-12,85.57,84.96,86.3,85.35,3320982728.09
601318.SH,2020-05-12,10.36,10.39,10.39,10.27,440228920.94
000333.SZ,2020-05-12,45.26,45.16,45.51,45.19,1218312521.92
600036.SH,2020-05-12,120.69,120.72,122.41,118.23,3254363051.5
002415.SZ,2020-05-12,16.78,16.75,16.88,16.56,631850433.47
600276.SH,2020-05-12,48.88,48.5,50.15,48.07,145216442.37
002594.SZ,2020-05-12,137.72,137.93,141.1,134.19,4217652008.42
601012.SH,2020-05-12,73.23,73.73,75.26,71.45,438176851.37
600887.SH,2020-05-12,71.1,71.12,72.35,70.71,1103442466.53
000002.SZ,2020-05-12,127.83,128.52,128.61,127.01,5794356692.79
600519.SH,2020-05-13,158.39,157.6,160.52,156.11,4492247564.49
000858.SZ,2020-05-13,24.16,24.03,24.43,23.97,1191184708.85
300750.SZ,2020-05-13,86.22,86.4,86.61,85.81,994176863.33
601318.SH,2020-05-13,10.41,10.42,10.52,10.39,209141975.74
000333.SZ,2020-05-13,46.15,46.57,46.62,46.06,1542362650.43
600036.SH,2020-05-13,124.25,124.79,128.41,124.02,1574037569.53
002415.SZ,2020-05-13,16.63,16.78,16.96,16.48,355018518.46
600276.SH,2020-05-13,48.04,47.56,49.21,47.65,68208929.7
002594.SZ,2020-05-13,135.7,135.34,136.22,135.57,1832246720.57
601012.SH,2020-05-13,71.47,71.03,72.07,70.87,688526300.21
600887.SH,2020-05-13,69.81,69.78,70.18,69.06,1242382948.99
000002.SZ,2020-05-13,128.8,127.61,129.43,127.4,4639053073.48
600519.SH,2020-05-14,158.53,159.2,160.95,157.15,6671361659.68
000858.SZ,2020-05-14,23.88,23.93,24.26,23.83,1095344279.37
300750.SZ,2020-05-14,84.67,84.44,84.84,81.32,1590137233.97
601318.SH,2020-05-14,10.5,10.53,10.52,10.19,81394733.77
000333.SZ,2020-05-14,45.59,45.83,46.07,45.46,1819811461.53
600036.SH,2020-05-14,121.08,120.63,122.9,117.29,4792514019.59
002415.SZ,2020-05-14,16.58,16.46,16.8,16.37,450648161.57
600276.SH,2020-05-14,47.75,47.71,48.51,47.71,1515415792.08
002594.SZ,2020-05-14,132.14,132.35,133.29,131.77,1135168722.8
601012.SH,2020-05-14,72.99,73.24,74.17,72.24,1297622206.27
600887.SH,2020-05-14,71.32,71.01,72.48,70.41,2556913195.23
000002.SZ,2020-05-14,129.0,129.2,131.48,124.76,1782628910.49
600519.SH,2020-05-15,159.13,159.67,160.57,154.95,5854240440.88
000858.SZ,2020-05-15,24.2,24.2,24.87,24.07,656406675.09
300750.SZ,2020-05-15,84.65,85.01,84.84,82.56,578578235.93
601318.SH,2020-05-15,10.74,10.78,10.75,10.71,273292230.6
000333.SZ,2020-05-15,47.5,47.4,47.72,47.13,728055429.35
600036.SH,2020-05-15,121.38,121.2,122.04,118.28,5311399544.39
002415.SZ,2020-05-15,16.77,16.77,16.87,16.64,134747853.74
600276.SH,2020-05-15,48.81,48.74,49.09,48.19,1843831561.14
002594.SZ,2020-05-15,131.09,130.49,131.47,129.79,2667133082.39
601012.SH,2020-05-15,70.96,70.17,71.1,67.77,1590748305.14
600887.SH,2020-05-15,72.98,72.75,73.21,72.83,2360135879.54
000002.SZ,2020-05-15,124.0,122.72,127.78,121.58,4918682940.35
600519.SH,2020-05-18,166.33,166.35,168.32,165.57,4946885152.14
000858.SZ,2020-05-18,24.74,24.9,24.86,24.25,811322275.13
300750.SZ,2020-05-18,85.09,84.45,86.57,84.44,1700450536.47
601318.SH,2020-05-18,10.76,10.77,10.78,10.46,185068355.5
000333.SZ,2020-05-18,49.61,49.94,51.22,49.29,170198168.56
600036.SH,2020-05-18,118.57,118.87,119.89,116.37,122873834.8
002415.SZ,2020-05-18,16.29,16.3,16.39,16.28,180156753.26
600276.SH,2020-05-18,48.11,48.01,48.44,47.76,1491199304.89
002594.SZ,2020-05-18,130.3,130.66,131.52,129.48,3861316184.55
601012.SH,2020-05-18,69.21,69.25,69.3,69.14,168477409.01
600887.SH,2020-05-18,73.29,74.12,73.85,72.51,143644488.37
000002.SZ,2020-05-18,124.48,125.05,126.01,123.37,5748802154.44
600519.SH,2020-05-19,163.03,163.01,167.64,156.76,7096317631.34
000858.SZ,2020-05-19,25.75,25.87,25.96,25.57,677993201.67
300750.SZ,2020-05-19,82.17,82.22,82.23,81.37,719440324.57
601318.SH,2020-05-19,10.42,10.41,10.43,10.35,430676266.56
000333.SZ,2020-05-19,50.1,49.83,51.34,49.86,2173254690.71
600036.SH,2020-05-19,118.02,117.66,118.6,116.29,85007095.3
002415.SZ,2020-05-19,16.47,16.58,16.6,16.45,359372095.6
600276.SH,2020-05-19,47.39,47.49,47.7,47.03,239169580.09
002594.SZ,2020-05-19,126.99,126.2,130.32,126.0,1258731579.48
601012.SH,2020-05-19,68.13,68.87,68.63,67.09,3048767542.31
600887.SH,2020-05-19,72.08,71.67,72.26,69.95,121027460.69
000002.SZ,2020-05-19,126.18,126.86,127.0,125.18,1593058872.96
600519.SH,2020-05-20,161.15,160.86,164.41,159.28,3462444276.85
000858.SZ,2020-05-20,26.25,26.28,26.57,26.1,448208894.33
300750.SZ,2020-05-20,83.42,82.97,83.51,81.04,2066315469.39
601318.SH,2020-05-20,10.7,10.7,10.78,10.63,161099595.93
000333.SZ,2020-05-20,51.25,51.47,52.7,51.13,791915847.81
600036.SH,2020-05-20,120.39,120.8,120.49,119.67,2992999337.08
002415.SZ,2020-05-20,16.79,16.81,17.02,16.71,421538197.84
600276.SH,2020-05-20,46.8,46.39,47.21,46.45,1336403523.32
002594.SZ,2020-05-20,126.23,126.61,126.24,123.93,2341398193.88
601012.SH,2020-05-20,65.05,64.65,65.34,63.2,450593524.88
600887.SH,2020-05-20,72.64,72.54,72.75,72.38,1876574484.2
000002.SZ,2020-05-20,124.12,123.76,124.27,122.66,4055738571.72
600519.SH,2020-05-21,162.85,162.92,162.88,161.32,2756593429.6
000858.SZ,2020-05-21,26.61,26.74,26.95,26.31,1255555343.8
300750.SZ,2020-05-21,80.64,80.82,81.71,80.45,2381987720.77
601318.SH,2020-05-21,10.43,10.48,10.71,10.4,303776143.9
000333.SZ,2020-05-21,50.83,50.89,51.75,50.77,777969703.74
600036.SH,2020-05-21,118.89,119.52,120.33,116.81,4384537392.1
002415.SZ,2020-05-21,16.87,16.85,17.14,16.58,233913811.17
600276.SH,2020-05-21,45.47,45.39,46.13,45.29,855804918.21
002594.SZ,2020-05-21,126.44,125.77,126.98,124.28,5555158529.7
601012.SH,2020-05-21,62.33,61.83,62.37,61.37,1459938562.31
600887.SH,2020-05-21,68.76,68.62,69.68,68.63,2783181521.86
000002.SZ,2020-05-21,126.4,127.2,127.09,126.25,4170071849.36
600519.SH,2020-05-22,157.62,157.87,158.3,155.63,4805075696.79
000858.SZ,2020-05-22,26.25,26.36,26.38,26.22,595740055.67
300750.SZ,2020-05-22,77.82,78.03,78.14,77.72,2015517808.41
601318.SH,2020-05-22,10.07,10.06,10.19,9.87,327528738.76
000333.SZ,2020-05-22,50.35,50.48,50.98,50.21,1039853652.77
600036.SH,2020-05-22,117.73,118.15,118.07,117.42,5295769245.39
002415.SZ,2020-05-22,17.3,17.31,17.49,17.27,441212700.87
600276.SH,2020-05-22,46.0,46.24,46.17,45.33,1484362801.27
002594.SZ,2020-05-22,125.68,125.61,126.02,123.26,5579328532.16
601012.SH,2020-05-22,63.55,63.83,65.16,62.03,586758818.45
600887.SH,2020-05-22,70.72,70.86,71.71,69.25,2273809873.16
000002.SZ,2020-05-22,127.77,126.67,128.2,125.16,4928942059.86
600519.SH,2020-05-25,156.1,155.02,157.1,154.61,5934825939.96
000858.SZ,2020-05-25,26.93,26.97,27.26,26.27,65439065.95
300750.SZ,2020-05-25,81.3,81.03,81.45,80.41,3307221595.83
601318.SH,2020-05-25,10.24,10.26,10.32,10.02,444836892.68
000333.SZ,2020-05-25,52.6,52.3,52.62,51.55,831839785.48
600036.SH,2020-05-25,120.52,121.1,122.11,120.46,143799886.14
002415.SZ,2020-05-25,17.67,17.64,17.87,17.35,614177796.64
600276.SH,2020-05-25,44.77,45.09,45.68,44.42,1257922569.88
002594.SZ,2020-05-25,122.24,122.34,125.35,120.46,4424138981.34
601012.SH,2020-05-25,63.5,63.41,64.43,63.32,598312119.35
600887.SH,2020-05-25,67.8,67.92,67.94,67.69,3261934869.98
000002.SZ,2020-05-25,125.94,125.11,126.2,125.74,1217014154.73
600519.SH,2020-05-26,159.56,159.94,162.5,159.26,4918221872.99
000858.SZ,2020-05-26,26.5,26.34,26.74,26.04,712012432.94
300750.SZ,2020-05-26,82.42,82.54,82.95,81.33,3980475933.03
601318.SH,2020-05-26,9.9,9.96,9.93,9.65,116286380.28
000333.SZ,2020-05-26,51.98,52.34,52.66,51.13,2138157761.93
600036.SH,2020-05-26,123.66,123.3,124.18,122.31,2512915330.87
002415.SZ,2020-05-26,17.77,17.77,17.84,17.7,611029515.16
600276.SH,2020-05-26,45.12,44.82,46.05,43.56,200613146.26
002594.SZ,2020-05-26,127.51,127.72,132.28,125.64,3840008006.67
601012.SH,2020-05-26,65.59,66.53,66.39,65.49,2543382488.36
600887.SH,2020-05-26,66.35,66.08,67.01,65.39,601345085.65
000002.SZ,2020-05-26,130.15,130.26,132.83,127.73,2865291090.57
600519.SH,2020-05-27,157.18,157.79,157.21,156.09,7854028852.19
000858.SZ,2020-05-27,26.5,26.45,26.6,25.63,984430520.3
300750.SZ,2020-05-27,82.5,82.37,84.64,81.77,3230780691.34
601318.SH,2020-05-27,10.17,10.1,10.27,9.9,39256573.57
000333.SZ,2020-05-27,50.54,50.52,50.9,49.06,19126186.16
600036.SH,2020-05-27,125.12,125.34,128.22,121.65,1705011641.26
002415.SZ,2020-05-27,18.01,18.02,18.15,17.77,778213062.98
600276.SH,2020-05-27,46.06,45.87,46.14,44.5,241230196.99
002594.SZ,2020-05-27,126.9,126.62,128.08,126.3,4180568129.62
601012.SH,2020-05-27,67.27,66.52,68.46,66.41,319414744.13
600887.SH,2020-05-27,65.2,65.97,65.22,65.13,183506389.37
000002.SZ,2020-05-27,133.95,133.62,134.9,133.26,4229668997.62
600519.SH,2020-05-28,158.65,160.22,159.94,157.83,4286184797.91
000858.SZ,2020-05-28,25.58,25.73,26.4,25.49,1229336616.36
300750.SZ,2020-05-28,83.38,83.61,83.68,82.94,3943777280.07
601318.SH,2020-05-28,10.22,10.25,10.43,10.15,393966437.12
000333.SZ,2020-05-28,50.11,50.35,51.37,49.27,1656705041.52
600036.SH,2020-05-28,122.88,124.2,123.91,122.76,3125028772.02
002415.SZ,2020-05-28,17.92,17.84,18.03,17.56,419219718.94
600276.SH,2020-05-28,44.42,44.29,44.46,44.16,1201038528.41
002594.SZ,2020-05-28,132.33,131.55,133.57,130.29,5918920002.93
601012.SH,2020-05-28,65.4,65.69,65.78,64.94,1547809713.47
600887.SH,2020-05-28,64.15,64.11,64.26,63.65,60015309.23
000002.SZ,2020-05-28,137.85,137.92,139.46,136.23,4385808522.33
600519.SH,2020-05-29,161.05,161.91,168.36,157.87,7106976151.7
000858.SZ,2020-05-29,26.06,26.15,26.11,25.79,1046811734.17
300750.SZ,2020-05-29,86.58,86.12,87.86,85.85,2263617717.96
601318.SH,2020-05-29,10.15,10.11,10.22,9.99,3986691.3
000333.SZ,2020-05-29,48.83,49.0,49.9,48.52,1607456476.63
600036.SH,2020-05-29,125.54,126.42,126.36,122.9,2354974482.01
002415.SZ,2020-05-29,18.28,18.27,18.31,17.75,874676305.72
600276.SH,2020-05-29,44.08,44.35,44.56,43.95,406138906.66
002594.SZ,2020-05-29,128.21,128.91,129.56,125.28,4518205329.97
601012.SH,2020-05-29,67.46,67.81,67.46,66.48,2568746694.02
600887.SH,2020-05-29,65.11,65.84,65.12,64.85,438490434.5
000002.SZ,2020-05-29,133.18,133.8,133.47,130.14,292632188.82
600519.SH,2020-06-01,164.27,163.49,167.28,161.68,665290132.41
000858.SZ,2020-06-01,25.13,25.2,25.53,25.05,463031824.66
300750.SZ,2020-06-01,85.58,86.18,86.28,83.01,3540583256.48
601318.SH,2020-06-01,9.87,9.85,9.91,9.57,252103038.57
000333.SZ,2020-06-01,48.07,48.21,48.61,47.91,1200408531.49
600036.SH,2020-06-01,122.98,122.32,124.46,122.82,4383596834.69
002415.SZ,2020-06-01,18.01,17.72,18.54,17.82,36347504.63
600276.SH,2020-06-01,44.9,44.86,45.52,44.47,1741921798.59
002594.SZ,2020-06-01,129.22,129.87,129.59,128.34,3762312208.69
601012.SH,2020-06-01,68.56,68.47,69.64,68.07,3124675747.19
600887.SH,2020-06-01,66.92,67.47,68.34,66.71,863477013.34
000002.SZ,2020-06-01,132.01,132.17,133.56,130.81,1105263624.46
600519.SH,2020-06-02,164.68,163.71,166.51,162.12,613639220.97
000858.SZ,2020-06-02,25.48,25.49,26.33,25.23,744395478.19
300750.SZ,2020-06-02,89.28,89.69,91.81,86.49,4056997238.02
601318.SH,2020-06-02,10.09,10.2,10.3,10.02,78736919.9
000333.SZ,2020-06-02,49.76,50.05,50.27,48.86,539627190.84
600036.SH,2020-06-02,126.18,125.94,126.21,123.09,5459912822.47
002415.SZ,2020-06-02,18.5,18.41,18.69,18.42,174701746.93
600276.SH,2020-06-02,42.92,42.69,43.51,42.57,649164247.69
002594.SZ,2020-06-02,132.13,132.14,134.55,127.54,5337140504.75
601012.SH,2020-06-02,68.96,69.21,70.46,67.8,336006859.23
600887.SH,2020-06-02,67.05,67.17,68.22,66.41,289864183.05
000002.SZ,2020-06-02,130.33,131.36,132.31,130.22,203792177.8
600519.SH,2020-06-03,163.01,163.55,164.23,156.55,5697156309.02
000858.SZ,2020-06-03,25.76,25.87,25.96,25.67,795617299.49
300750.SZ,2020-06-03,91.2,91.19,91.71,90.6,3018631466.99
601318.SH,2020-06-03,9.72,9.64,9.9,9.49,355601326.77
000333.SZ,2020-06-03,50.05,49.89,50.26,49.68,2031914825.09
600036.SH,2020-06-03,124.47,124.76,125.55,124.44,3960066061.52
002415.SZ,2020-06-03,18.06,18.02,18.1,17.78,582713234.43
600276.SH,2020-06-03,43.36,43.22,43.68,42.81,350037408.9
002594.SZ,2020-06-03,131.11,131.46,135.65,128.27,2168868100.31
601012.SH,2020-06-03,67.86,68.41,69.3,67.58,195083405.77
600887.SH,2020-06-03,65.79,65.91,66.6,65.65,1597069838.16
000002.SZ,2020-06-03,131.32,132.16,133.73,130.12,5257873878.58
600519.SH,2020-06-04,163.05,162.59,164.37,161.0,7463952122.27
000858.SZ,2020-06-04,25.07,25.0,26.01,24.64,974272900.95
300750.SZ,2020-06-04,89.32,90.42,91.09,85.44,1658214673.52
601318.SH,2020-06-04,9.68,9.71,9.97,9.62,42116127.9
000333.SZ,2020-06-04,50.59,50.48,51.06,49.82,1036169665.48
600036.SH,2020-06-04,121.27,121.01,123.06,119.96,3472675519.58
002415.SZ,2020-06-04,18.29,18.35,18.32,18.24,587858519.72
600276.SH,2020-06-04,42.49,42.02,42.66,41.26,18513256.54
002594.SZ,2020-06-04,140.12,140.14,145.09,139.05,1156239680.57
601012.SH,2020-06-04,66.29,66.3,66.35,65.91,648949081.13
600887.SH,2020-06-04,64.52,64.37,65.24,64.39,1604060330.83
000002.SZ,2020-06-04,132.02,132.08,134.86,131.94,495913699.86
600519.SH,2020-06-05,159.45,160.19,159.58,159.3,4595812834.86
000858.SZ,2020-06-05,25.6,25.66,26.12,24.75,189860166.56
300750.SZ,2020-06-05,93.39,93.06,95.08,92.42,340134122.97
601318.SH,2020-06-05,9.59,9.54,9.65,9.44,101461957.19
000333.SZ,2020-06-05,50.83,51.04,50.99,50.57,2532073994.88
600036.SH,2020-06-05,119.76,120.22,120.07,117.82,3298463641.87
002415.SZ,2020-06-05,18.3,18.38,18.3,18.03,877509795.24
600276.SH,2020-06-05,44.03,44.13,44.33,43.86,499859728.57
002594.SZ,2020-06-05,143.32,144.94,143.73,140.85,3378705120.08
601012.SH,2020-06-05,64.83,64.5,65.56,63.31,1974264466.65
600887.SH,2020-06-05,67.05,67.16,68.43,65.53,2861718934.02
000002.SZ,2020-06-05,135.92,135.77,136.79,135.78,4727871300.96
600519.SH,2020-06-08,161.47,161.94,161.83,159.3,2175413139.14
000858.SZ,2020-06-08,25.19,25.16,25.94,24.52,49081469.47
300750.SZ,2020-06-08,93.59,93.83,95.24,93.55,1626730436.53
601318.SH,2020-06-08,9.41,9.41,9.42,9.18,380086900.17
000333.SZ,2020-06-08,51.45,51.24,52.77,51.37,1594686575.05
600036.SH,2020-06-08,118.87,119.82,119.53,117.69,3964791708.4
002415.SZ,2020-06-08,17.29,17.31,17.33,17.0,45366129.61
600276.SH,2020-06-08,45.07,45.09,45.58,45.04,1868806510.02
002594.SZ,2020-06-08,144.08,144.7,144.22,143.23,2000780538.44
601012.SH,2020-06-08,66.61,66.5,68.29,66.41,2014875137.67
600887.SH,2020-06-08,66.85,66.95,68.08,66.06,87195379.98
000002.SZ,2020-06-08,136.63,137.74,137.14,134.68,5256130235.4
600519.SH,2020-06-09,166.05,166.2,170.11,163.16,7601212917.43
000858.SZ,2020-06-09,25.45,25.49,25.82,25.34,1207085158.97
300750.SZ,2020-06-09,94.31,93.81,95.88,92.79,2553044590.64
601318.SH,2020-06-09,10.17,10.17,10.24,10.06,309516291.24
000333.SZ,2020-06-09,51.26,50.9,53.0,50.39,1819297296.28
600036.SH,2020-06-09,119.43,120.05,119.76,118.27,1422791535.35
002415.SZ,2020-06-09,18.05,18.04,18.19,17.88,889299238.5
600276.SH,2020-06-09,44.19,44.24,44.59,42.96,1113863566.04
002594.SZ,2020-06-09,140.4,140.17,140.43,140.14,312291644.22
601012.SH,2020-06-09,64.26,63.92,64.5,62.97,1555007454.87
600887.SH,2020-06-09,67.78,68.23,68.05,66.3,404131818.27
000002.SZ,2020-06-09,138.83,139.1,139.12,137.96,5826953636.57
600519.SH,2020-06-10,169.22,169.74,172.43,164.17,682811420.44
000858.SZ,2020-06-10,24.6,24.57,24.83,23.91,180777400.4
300750.SZ,2020-06-10,96.73,96.56,97.16,96.14,1643583387.47
601318.SH,2020-06-10,10.48,10.51,10.57,10.45,209811962.44
000333.SZ,2020-06-10,51.16,51.21,51.51,50.51,758868983.86
600036.SH,2020-06-10,119.59,119.25,122.2,118.83,5906653973.43
002415.SZ,2020-06-10,18.36,18.41,18.55,18.11,8259530.08
600276.SH,2020-06-10,44.62,44.47,45.15,44.54,1587802260.01
002594.SZ,2020-06-10,142.72,142.39,146.02,142.02,3801830254.4
601012.SH,2020-06-10,62.54,62.52,63.8,61.53,2872933715.45
600887.SH,2020-06-10,67.52,67.63,67.77,67.51,2519762344.06
000002.SZ,2020-06-10,134.69,134.14,135.86,132.33,4914569243.78
600519.SH,2020-06-11,171.97,171.17,173.22,170.74,8579686253.9
000858.SZ,2020-06-11,24.94,24.72,25.2,24.66,311366386.07
300750.SZ,2020-06-11,96.54,96.36,98.36,95.32,4712467096.17
601318.SH,2020-06-11,10.56,10.54,10.66,10.44,390899302.96
000333.SZ,2020-06-11,49.19,49.15,49.56,48.26,1105671811.24
600036.SH,2020-06-11,122.22,122.28,122.6,120.44,2459474657.3
002415.SZ,2020-06-11,18.16,18.08,18.59,18.09,360423514.37
600276.SH,2020-06-11,44.78,44.82,44.86,44.75,102842239.23
002594.SZ,2020-06-11,146.77,146.59,151.34,144.12,1962726893.6
601012.SH,2020-06-11,61.39,61.62,62.55,61.33,375847471.32
600887.SH,2020-06-11,69.57,69.87,70.64,66.97,210749884.89
000002.SZ,2020-06-11,135.18,134.07,135.35,132.29,979214072.82
600519.SH,2020-06-12,172.18,172.96,174.83,170.09,6610415388.7
000858.SZ,2020-06-12,25.3,25.46,25.65,25.21,592683692.98
300750.SZ,2020-06-12,93.58,93.3,94.16,92.03,881042015.16
601318.SH,2020-06-12,10.72,10.77,10.76,10.69,384459003.42
000333.SZ,2020-06-12,49.29,49.17,49.46,48.62,2008925944.1
600036.SH,2020-06-12,125.44,125.32,127.02,125.37,2026133261.05
002415.SZ,2020-06-12,18.07,18.16,18.78,17.94,289422644.48
600276.SH,2020-06-12,44.4,44.33,44.43,42.69,628141180.43
002594.SZ,2020-06-12,148.2,148.06,150.14,147.06,135290215.33
601012.SH,2020-06-12,61.33,61.32,62.69,60.78,1827844599.27
600887.SH,2020-06-12,67.56,67.38,68.33,67.06,2856560772.97
000002.SZ,2020-06-12,134.59,135.95,134.75,132.56,2741175446.34
600519.SH,2020-06-15,177.72,178.52,180.39,177.13,4392693075.41
000858.SZ,2020-06-15,25.25,25.19,25.58,25.24,515882786.05
300750.SZ,2020-06-15,91.59,92.8,91.86,89.49,3849837868.72
601318.SH,2020-06-15,10.92,10.97,10.98,10.76,244989222.43
000333.SZ,2020-06-15,47.03,46.9,48.38,46.62,2167449444.83
600036.SH,2020-06-15,118.86,119.37,120.03,118.74,4755297645.32
002415.SZ,2020-06-15,18.07,18.17,18.2,17.82,181330658.23
600276.SH,2020-06-15,44.62,44.66,45.34,44.6,1517220029.86
002594.SZ,2020-06-15,149.09,148.88,149.82,148.1,3163772755.98
601012.SH,2020-06-15,59.99,60.0,60.55,59.2,191123187.41
600887.SH,2020-06-15,67.34,67.52,67.91,66.67,1103585811.6
000002.SZ,2020-06-15,129.95,130.17,131.38,129.41,4614846716.2
600519.SH,2020-06-16,178.79,180.21,179.64,177.98,7258915505.42
000858.SZ,2020-06-16,24.24,24.29,24.61,23.23,568063004.41
300750.SZ,2020-06-16,91.29,91.98,92.03,89.01,373352719.4
601318.SH,2020-06-16,11.0,11.09,11.12,10.84,316908678.2
000333.SZ,2020-06-16,44.99,44.53,46.04,43.78,912891801.0
600036.SH,2020-06-16,117.36,116.92,117.71,115.83,5195682959.56
002415.SZ,2020-06-16,18.44,18.38,18.5,18.27,244614503.64
600276.SH,2020-06-16,46.37,46.66,46.74,45.69,1270240607.43
002594.SZ,2020-06-16,143.56,144.66,143.71,142.25,1754346401.32
601012.SH,2020-06-16,60.53,60.59,60.56,59.5,1437966570.64
600887.SH,2020-06-16,65.3,65.25,66.51,65.29,2099642257.7
000002.SZ,2020-06-16,125.65,125.72,126.69,125.21,3796191794.02
600519.SH,2020-06-17,186.01,185.38,186.86,184.1,6424938348.9
000858.SZ,2020-06-17,24.66,24.87,25.0,24.41,969912106.59
300750.SZ,2020-06-17,89.5,89.89,90.79,88.79,187233472.38
601318.SH,2020-06-17,11.06,11.03,11.32,10.79,178925478.33
000333.SZ,2020-06-17,45.74,45.77,46.99,44.4,1054830548.95
600036.SH,2020-06-17,117.95,117.45,119.71,116.36,1111464484.18
002415.SZ,2020-06-17,19.48,19.54,19.77,19.43,156983183.86
600276.SH,2020-06-17,47.1,47.64,47.36,45.7,1536333820.65
002594.SZ,2020-06-17,132.89,133.36,133.32,131.82,1680154613.14
601012.SH,2020-06-17,60.12,60.48,60.46,60.11,1856681028.55
600887.SH,2020-06-17,64.13,64.21,65.83,63.33,686140084.54
000002.SZ,2020-06-17,125.07,125.02,125.87,122.43,3786079450.6
600519.SH,2020-06-18,186.16,184.23,187.09,182.0,3097177483.53
000858.SZ,2020-06-18,24.27,24.28,24.34,24.14,1023171969.87
300750.SZ,2020-06-18,87.12,87.04,87.75,84.9,1932684468.3
601318.SH,2020-06-18,11.44,11.53,11.69,11.34,356528776.1
000333.SZ,2020-06-18,46.44,46.62,48.12,46.4,1933547207.15
600036.SH,2020-06-18,116.03,116.07,117.24,111.15,1247471989.24
002415.SZ,2020-06-18,19.83,19.92,20.25,19.45,772723917.0
600276.SH,2020-06-18,47.92,48.05,48.63,47.48,1122449977.76
002594.SZ,2020-06-18,137.17,137.49,141.94,134.33,4803965358.37
601012.SH,2020-06-18,58.57,58.81,59.43,58.38,2719678968.04
600887.SH,2020-06-18,65.41,65.4,65.64,65.38,1829491914.06
000002.SZ,2020-06-18,123.23,123.18,124.94,122.65,224798053.82
600519.SH,2020-06-19,191.63,191.19,192.79,189.18,6045188375.36
000858.SZ,2020-06-19,24.17,24.17,24.75,23.82,774633169.36
300750.SZ,2020-06-19,82.22,82.3,83.22,79.73,1116939932.91
601318.SH,2020-06-19,11.46,11.5,11.62,11.15,271764940.95
000333.SZ,2020-06-19,44.39,44.41,45.18,43.77,826848482.34
600036.SH,2020-06-19,115.46,115.73,118.44,113.97,2487300927.86
002415.SZ,2020-06-19,19.81,19.91,20.29,19.8,797453541.15
600276.SH,2020-06-19,47.46,47.7,47.81,46.89,2010517351.55
002594.SZ,2020-06-19,132.14,132.38,134.01,130.65,2727343362.55
601012.SH,2020-06-19,56.96,56.9,57.97,56.48,765397599.33
600887.SH,2020-06-19,64.06,63.68,64.84,63.76,701964981.35
000002.SZ,2020-06-19,122.53,123.25,125.22,120.89,4166148863.64
600519.SH,2020-06-22,197.9,197.88,203.57,196.42,5926758932.88
000858.SZ,2020-06-22,24.61,24.38,25.05,24.38,869495279.24
300750.SZ,2020-06-22,81.29,80.8,82.0,80.51,1280084971.36
601318.SH,2020-06-22,11.83,11.8,11.99,11.65,473709699.16
000333.SZ,2020-06-22,42.9,43.0,44.05,42.79,467679768.6
600036.SH,2020-06-22,117.5,116.88,118.34,116.58,3473803079.02
002415.SZ,2020-06-22,19.73,19.77,19.81,19.35,578625856.77
600276.SH,2020-06-22,47.76,47.99,48.57,47.41,1556174747.04
002594.SZ,2020-06-22,134.31,133.53,138.06,133.52,6265211373.28
601012.SH,2020-06-22,56.02,56.23,56.05,55.87,1961988054.83
600887.SH,2020-06-22,65.38,65.52,66.35,65.22,2863245791.8
000002.SZ,2020-06-22,122.56,120.75,123.34,121.65,3630218841.92
600519.SH,2020-06-23,209.93,207.64,211.29,207.47,8681327612.75
000858.SZ,2020-06-23,24.43,24.4,24.63,24.34,487330195.72
300750.SZ,2020-06-23,83.91,83.42,84.27,81.47,3250549680.14
601318.SH,2020-06-23,12.03,12.03,12.42,11.96,78486925.95
000333.SZ,2020-06-23,41.66,41.38,41.94,41.53,1370501891.15
600036.SH,2020-06-23,121.55,121.38,123.04,121.29,2365165981.25
002415.SZ,2020-06-23,19.22,19.36,19.35,19.02,695533371.84
600276.SH,2020-06-23,45.12,45.11,45.7,44.82,693384499.44
002594.SZ,2020-06-23,137.25,137.23,139.94,133.2,1869822410.8
601012.SH,2020-06-23,57.55,57.42,58.84,57.35,1485597302.54
600887.SH,2020-06-23,65.49,65.32,66.76,63.9,636642711.2
000002.SZ,2020-06-23,121.82,121.38,122.41,120.6,34718655.77
600519.SH,2020-06-24,218.35,216.58,223.4,216.49,1322013909.34
000858.SZ,2020-06-24,24.88,24.98,24.95,24.77,1095132841.48
300750.SZ,2020-06-24,82.57,82.22,83.18,82.19,1337703398.77
601318.SH,2020-06-24,12.25,12.27,12.5,12.08,419697623.98
000333.SZ,2020-06-24,40.39,40.25,40.66,39.0,1912521619.98
600036.SH,2020-06-24,119.92,119.92,121.24,117.22,2157021527.78
002415.SZ,2020-06-24,18.72,18.68,18.73,18.51,404463132.69
600276.SH,2020-06-24,42.66,42.63,42.87,42.66,1119325770.83
002594.SZ,2020-06-24,133.28,132.66,136.27,131.16,896457262.84
601012.SH,2020-06-24,59.34,59.52,59.68,58.57,1233896153.81
600887.SH,2020-06-24,63.73,63.56,64.41,62.58,2746262510.55
000002.SZ,2020-06-24,120.21,121.25,120.4,117.12,3543436413.2
600519.SH,2020-06-25,212.12,211.25,212.58,208.3,2156350788.16
000858.SZ,2020-06-25,25.43,25.63,26.26,25.28,1269196447.53
300750.SZ,2020-06-25,82.62,83.33,82.84,81.43,3583606336.94
601318.SH,2020-06-25,12.41,12.31,12.44,12.21,594703038.7
000333.SZ,2020-06-25,40.3,40.25,40.4,39.51,542519073.62
600036.SH,2020-06-25,116.46,115.73,118.28,115.41,2401445481.9
002415.SZ,2020-06-25,18.27,18.35,18.71,18.23,559425874.81
600276.SH,2020-06-25,43.58,43.64,43.74,43.54,1328014767.08
002594.SZ,2020-06-25,133.15,133.92,135.53,132.46,93816561.92
601012.SH,2020-06-25,60.52,60.95,60.68,59.23,2493315729.33
600887.SH,2020-06-25,58.72,58.39,58.88,57.81,1693275948.25
000002.SZ,2020-06-25,123.6,122.65,127.15,123.31,2088676320.3
600519.SH,2020-06-26,209.61,210.08,211.65,208.83,2848162970.92
000858.SZ,2020-06-26,26.83,26.96,27.18,26.8,59222420.7
300750.SZ,2020-06-26,81.6,81.79,83.57,80.25,1226314563.99
601318.SH,2020-06-26,12.43,12.49,12.96,12.39,356532955.6
000333.SZ,2020-06-26,40.98,40.69,40.99,40.91,42625785.98
600036.SH,2020-06-26,113.97,114.4,115.64,111.23,4340925870.96
002415.SZ,2020-06-26,18.68,18.81,18.8,18.53,577064676.27
600276.SH,2020-06-26,42.9,42.95,43.01,41.97,1735424697.41
002594.SZ,2020-06-26,137.51,137.99,137.92,133.68,4133948848.08
601012.SH,2020-06-26,61.75,62.11,61.81,60.92,870016861.15
600887.SH,2020-06-26,59.48,59.51,59.62,59.2,127248200.36
000002.SZ,2020-06-26,121.43,121.92,123.9,119.72,4041480333.17
600519.SH,2020-06-29,208.61,207.34,209.3,204.45,9968973862.59
000858.SZ,2020-06-29,27.04,27.09,27.3,26.81,695563613.87
300750.SZ,2020-06-29,77.5,77.22,77.91,76.31,622478494.82
601318.SH,2020-06-29,12.26,12.22,12.48,12.25,444092328.51
000333.SZ,2020-06-29,41.97,42.06,42.43,41.16,1462397706.95
600036.SH,2020-06-29,110.42,109.54,110.88,109.17,3154660016.25
002415.SZ,2020-06-29,19.29,19.36,19.64,19.14,415205701.96
600276.SH,2020-06-29,42.24,42.8,42.29,41.65,1160735670.97
002594.SZ,2020-06-29,138.69,138.44,142.11,137.59,3339654694.35
601012.SH,2020-06-29,60.01,60.28,60.56,59.74,2549040473.82
600887.SH,2020-06-29,60.23,59.79,60.72,59.8,1780306625.47
000002.SZ,2020-06-29,122.89,123.15,124.35,120.69,4190789720.49
600519.SH,2020-06-30,214.64,212.54,221.22,207.94,8208125145.4
000858.SZ,2020-06-30,27.97,27.91,28.45,27.87,414384058.11
300750.SZ,2020-06-30,79.96,80.2,80.9,79.26,1254554036.48
601318.SH,2020-06-30,12.33,12.37,12.51,12.16,15632577.16
000333.SZ,2020-06-30,40.7,40.6,40.87,40.05,451013341.78
600036.SH,2020-06-30,114.13,114.81,115.97,113.82,2873587295.7
002415.SZ,2020-06-30,18.67,18.44,19.05,18.52,634735167.51
600276.SH,2020-06-30,41.8,41.7,41.95,41.73,1699088490.19
002594.SZ,2020-06-30,141.31,141.37,143.55,139.39,5052238572.24
601012.SH,2020-06-30,60.7,60.15,61.39,59.99,2038798052.18
600887.SH,2020-06-30,62.66,62.12,63.21,61.42,2205134923.85
000002.SZ,2020-06-30,122.94,122.86,125.89,121.54,2593336984.92
600519.SH,2020-07-01,205.68,205.41,207.59,196.54,9037203000.75
000858.SZ,2020-07-01,27.79,27.73,28.35,27.63,57960912.35
300750.SZ,2020-07-01,80.35,80.09,80.59,79.23,267858645.68
601318.SH,2020-07-01,12.23,12.22,12.29,12.23,355760135.5
000333.SZ,2020-07-01,42.16,41.73,43.53,42.09,356898343.72
600036.SH,2020-07-01,113.48,112.68,114.02,112.44,1503833088.82
002415.SZ,2020-07-01,18.01,17.92,18.03,17.48,864049615.56
600276.SH,2020-07-01,42.31,42.24,42.56,41.72,322904868.16
002594.SZ,2020-07-01,137.33,136.47,139.06,135.29,5402408276.96
601012.SH,2020-07-01,63.31,63.98,64.38,62.5,1060678541.36
600887.SH,2020-07-01,63.11,63.66,64.14,62.59,1792206590.02
000002.SZ,2020-07-01,118.69,118.59,119.22,116.59,2303747455.61
600519.SH,2020-07-02,211.33,210.33,215.79,209.64,8546288155.27
000858.SZ,2020-07-02,29.45,29.45,29.75,29.04,1348234496.55
300750.SZ,2020-07-02,76.37,75.87,77.62,76.06,458897156.95
601318.SH,2020-07-02,12.51,12.51,12.61,12.48,301553623.9
000333.SZ,2020-07-02,42.69,42.85,43.34,42.02,496279547.92
600036.SH,2020-07-02,114.03,114.54,114.45,111.39,3782590758.46
002415.SZ,2020-07-02,18.17,18.25,18.5,17.94,43730682.37
600276.SH,2020-07-02,42.85,42.7,42.9,42.66,1053832713.94
002594.SZ,2020-07-02,135.02,134.12,135.71,132.72,5841615339.25
601012.SH,2020-07-02,65.58,65.14,66.22,65.56,1165945209.49
600887.SH,2020-07-02,61.01,60.5,61.56,59.61,2338125205.54
000002.SZ,2020-07-02,124.56,124.92,126.03,122.25,5481300530.64
600519.SH,2020-07-03,219.51,220.3,221.24,216.15,8430174195.31
000858.SZ,2020-07-03,28.59,28.43,29.46,28.25,512892899.26
300750.SZ,2020-07-03,76.39,76.1,77.49,75.12,2825293228.84
601318.SH,2020-07-03,12.96,12.9,13.27,12.93,182484416.9
000333.SZ,2020-07-03,42.19,42.38,42.35,41.75,2050107558.56
600036.SH,2020-07-03,113.63,113.6,114.18,112.27,2752187437.91
002415.SZ,2020-07-03,18.0,18.19,18.19,17.87,205520290.34
600276.SH,2020-07-03,44.12,44.2,44.47,43.66,112783666.42
002594.SZ,2020-07-03,133.04,131.39,136.6,130.92,2625834380.52
601012.SH,2020-07-03,65.59,65.89,66.71,65.11,250884630.42
600887.SH,2020-07-03,61.87,62.3,62.18,61.14,1384379459.42
000002.SZ,2020-07-03,123.98,123.51,127.61,122.71,1448409719.67
600519.SH,2020-07-06,214.86,216.78,215.83,212.76,5515038420.56
000858.SZ,2020-07-06,27.65,27.55,27.74,26.52,795365278.99
300750.SZ,2020-07-06,73.53,73.31,75.89,71.5,1560386182.17
601318.SH,2020-07-06,12.58,12.58,12.87,12.22,512693354.03
000333.SZ,2020-07-06,40.39,40.52,40.57,40.04,444716820.4
600036.SH,2020-07-06,111.62,111.98,114.08,111.6,4849046244.71
002415.SZ,2020-07-06,18.14,18.01,18.66,17.86,146820194.32
600276.SH,2020-07-06,44.21,44.46,45.04,43.68,1465912318.43
002594.SZ,2020-07-06,130.35,130.43,132.67,127.08,1368446813.93
601012.SH,2020-07-06,63.96,63.82,65.16,63.66,289561011.0
600887.SH,2020-07-06,60.36,59.73,61.11,59.68,3005936654.78
000002.SZ,2020-07-06,119.74,119.01,119.9,118.64,552526603.74
600519.SH,2020-07-07,208.33,209.37,212.37,205.71,7701915534.45
000858.SZ,2020-07-07,28.16,28.21,28.7,28.02,1122698475.36
300750.SZ,2020-07-07,70.99,71.38,71.17,70.75,1368375949.6
601318.SH,2020-07-07,12.6,12.65,12.74,12.57,112319681.87
000333.SZ,2020-07-07,39.79,40.03,40.47,39.12,1295150988.23
600036.SH,2020-07-07,118.45,118.12,120.26,117.48,4389953627.32
002415.SZ,2020-07-07,17.34,17.44,17.5,17.09,292995051.79
600276.SH,2020-07-07,44.44,44.55,45.79,43.99,175030235.94
002594.SZ,2020-07-07,129.33,128.99,131.03,126.68,6097317904.49
601012.SH,2020-07-07,62.75,62.61,63.09,62.48,2473030843.1
600887.SH,2020-07-07,60.87,60.79,61.56,59.47,183998700.59
000002.SZ,2020-07-07,120.26,120.38,123.06,118.47,1232634632.77
600519.SH,2020-07-08,202.87,201.76,203.14,192.84,6008051408.34
000858.SZ,2020-07-08,28.47,28.55,28.51,28.25,578297579.71
300750.SZ,2020-07-08,71.71,71.09,74.85,69.9,109771958.24
601318.SH,2020-07-08,13.02,13.0,13.3,12.61,413331554.64
000333.SZ,2020-07-08,39.2,39.52,39.39,38.45,756026773.13
600036.SH,2020-07-08,122.86,122.46,123.25,122.03,5472954812.18
002415.SZ,2020-07-08,17.26,17.18,17.4,16.95,854367608.47
600276.SH,2020-07-08,42.27,42.51,43.61,41.46,7381468.06
002594.SZ,2020-07-08,131.09,132.17,131.14,129.72,5320038544.5
601012.SH,2020-07-08,62.66,62.53,63.1,62.42,2660866555.23
600887.SH,2020-07-08,59.56,59.87,60.53,58.86,1754583623.88
000002.SZ,2020-07-08,123.13,123.07,126.97,122.15,1294949107.42
600519.SH,2020-07-09,200.58,199.61,201.78,200.0,3604067416.03
000858.SZ,2020-07-09,29.21,29.36,29.22,29.01,1262515832.02
300750.SZ,2020-07-09,71.6,71.36,72.23,71.03,1449179281.71
601318.SH,2020-07-09,13.27,13.23,13.27,13.22,110025438.08
000333.SZ,2020-07-09,39.89,39.9,41.07,39.42,791106302.33
600036.SH,2020-07-09,124.38,124.58,126.84,121.41,882032716.9
002415.SZ,2020-07-09,16.82,16.88,17.25,16.63,412719048.65
600276.SH,2020-07-09,43.26,43.4,43.58,42.93,1229652995.45
002594.SZ,2020-07-09,131.22,131.35,133.03,129.63,4022749061.79
601012.SH,2020-07-09,65.83,65.64,66.49,64.7,525403413.73
600887.SH,2020-07-09,60.3,60.49,61.55,58.98,2448991771.87
000002.SZ,2020-07-09,125.5,126.41,125.68,124.96,1367353378.88
600519.SH,2020-07-10,196.84,197.94,200.92,195.82,9575018960.33
000858.SZ,2020-07-10,28.93,28.81,28.94,28.53,94613596.04
300750.SZ,2020-07-10,71.81,71.77,72.53,69.2,2800295087.97
601318.SH,2020-07-10,12.88,12.82,13.02,12.82,354468272.38
000333.SZ,2020-07-10,38.74,38.62,38.78,38.39,5408330.16
600036.SH,2020-07-10,124.1,123.86,125.46,123.83,1457933059.38
002415.SZ,2020-07-10,16.8,16.8,17.04,16.5,71838421.58
600276.SH,2020-07-10,43.5,43.75,43.71,43.0,1804878043.04
002594.SZ,2020-07-10,134.95,135.13,135.67,134.72,3097671423.48
601012.SH,2020-07-10,65.2,65.77,66.5,65.06,1037268070.78
600887.SH,2020-07-10,61.36,61.93,62.09,61.2,992707240.52
000002.SZ,2020-07-10,125.11,125.12,125.2,122.92,2731048712.57
600519.SH,2020-07-13,195.99,196.52,197.07,194.29,4929506309.88
000858.SZ,2020-07-13,29.13,28.88,29.78,28.87,781799108.33
300750.SZ,2020-07-13,68.13,68.27,68.23,68.02,319935015.62
601318.SH,2020-07-13,12.91,12.94,13.04,12.86,311454920.23
000333.SZ,2020-07-13,38.14,37.91,38.56,38.05,1523470974.72
600036.SH,2020-07-13,121.28,121.24,123.05,120.34,286500388.4
002415.SZ,2020-07-13,16.02,15.96,16.31,15.93,265860566.11
600276.SH,2020-07-13,43.04,43.21,43.25,42.98,1383853207.41
002594.SZ,2020-07-13,128.69,128.66,128.79,126.34,4228858008.35
601012.SH,2020-07-13,66.65,66.18,66.71,64.83,246466789.69
600887.SH,2020-07-13,61.02,61.2,61.22,61.01,107315869.65
000002.SZ,2020-07-13,119.91,119.82,120.15,119.36,5749975018.05
600519.SH,2020-07-14,192.78,191.99,193.87,188.62,8773001090.59
000858.SZ,2020-07-14,29.69,29.41,30.08,29.64,1234042151.07
300750.SZ,2020-07-14,67.15,67.42,68.6,65.69,98225267.1
601318.SH,2020-07-14,12.83,12.89,12.87,12.8,202942065.01
000333.SZ,2020-07-14,37.81,37.8,38.74,37.71,1858590167.26
600036.SH,2020-07-14,120.95,120.9,124.08,118.73,1254225049.95
002415.SZ,2020-07-14,15.34,15.34,15.47,15.26,30135974.14
600276.SH,2020-07-14,43.01,43.1,43.48,42.99,2102020240.98
002594.SZ,2020-07-14,126.96,127.6,129.01,125.18,4162273228.38
601012.SH,2020-07-14,71.61,71.71,72.91,70.71,2200879650.82
600887.SH,2020-07-14,60.73,60.84,60.83,60.69,935582834.49
000002.SZ,2020-07-14,118.61,118.15,118.74,117.8,1360247590.36
600519.SH,2020-07-15,197.65,197.93,199.31,191.88,7876304648.5
000858.SZ,2020-07-15,29.59,29.86,29.98,28.98,378230566.72
300750.SZ,2020-07-15,67.61,67.78,68.52,67.5,1033359087.1
601318.SH,2020-07-15,12.55,12.59,12.71,12.55,505015304.41
000333.SZ,2020-07-15,39.3,39.14,39.69,38.84,1007952301.47
600036.SH,2020-07-15,119.11,119.13,120.39,118.51,4442506790.84
002415.SZ,2020-07-15,15.49,15.48,15.8,15.34,352428458.07
600276.SH,2020-07-15,44.25,44.44,44.7,43.44,1918907362.36
002594.SZ,2020-07-15,126.05,126.1,128.83,123.53,1128122582.86
601012.SH,2020-07-15,71.64,71.49,72.41,71.5,1454162046.9
600887.SH,2020-07-15,61.65,61.69,62.47,61.25,2958713997.73
000002.SZ,2020-07-15,120.69,121.22,121.81,119.51,5113498008.01
600519.SH,2020-07-16,192.36,192.18,197.23,191.05,7578506907.34
000858.SZ,2020-07-16,29.74,29.79,30.11,29.35,922404343.61
300750.SZ,2020-07-16,66.05,65.81,66.47,65.87,1224322603.75
601318.SH,2020-07-16,12.33,12.43,12.33,11.97,430542612.13
000333.SZ,2020-07-16,38.68,38.9,39.68,38.44,1786975274.94
600036.SH,2020-07-16,122.79,121.32,125.1,120.98,4098779137.55
002415.SZ,2020-07-16,16.12,16.07,16.38,16.0,329591959.9
600276.SH,2020-07-16,47.16,46.81,47.27,45.7,1361532186.08
002594.SZ,2020-07-16,125.94,126.74,127.96,125.22,5736211069.66
601012.SH,2020-07-16,70.17,70.36,70.2,69.13,3241619674.06
600887.SH,2020-07-16,60.18,60.27,60.53,59.66,1380456371.79
000002.SZ,2020-07-16,125.6,125.66,128.3,122.13,5972367993.92
600519.SH,2020-07-17,185.06,185.02,188.55,184.71,8700464496.52
000858.SZ,2020-07-17,29.52,29.63,29.64,28.97,739723072.58
300750.SZ,2020-07-17,65.15,64.71,65.77,63.46,1285051277.65
601318.SH,2020-07-17,12.87,12.89,13.03,12.83,303418842.01
000333.SZ,2020-07-17,37.72,37.55,38.32,37.71,1485716532.61
600036.SH,2020-07-17,126.24,125.17,126.99,125.84,5432743833.05
002415.SZ,2020-07-17,16.66,16.61,16.92,16.23,429975238.07
600276.SH,2020-07-17,46.99,47.28,47.24,46.24,73222576.18
002594.SZ,2020-07-17,127.47,128.61,127.97,125.62,3011941641.4
601012.SH,2020-07-17,67.51,67.56,68.47,65.86,20450228.89
600887.SH,2020-07-17,60.08,60.39,60.71,59.16,1666583679.31
000002.SZ,2020-07-17,124.99,125.32,125.56,122.67,885288068.37
600519.SH,2020-07-20,173.21,173.09,176.59,167.88,8479604343.19
000858.SZ,2020-07-20,29.84,30.12,30.08,29.66,1146817344.56
300750.SZ,2020-07-20,65.76,65.83,66.8,65.19,2757393693.18
601318.SH,2020-07-20,12.33,12.41,12.34,11.76,390699722.87
000333.SZ,2020-07-20,36.41,36.19,36.96,36.1,1669875526.31
600036.SH,2020-07-20,123.94,124.46,124.26,123.1,870131507.18
002415.SZ,2020-07-20,16.45,16.59,16.65,16.0,10957500.63
600276.SH,2020-07-20,46.65,46.38,47.37,46.09,1181647227.91
002594.SZ,2020-07-20,124.48,123.47,129.57,122.41,4376041311.58
601012.SH,2020-07-20,65.84,66.14,66.45,65.29,1518387796.23
600887.SH,2020-07-20,60.57,60.33,61.25,60.13,2693074912.71
000002.SZ,2020-07-20,123.57,123.0,123.83,121.93,3712456980.53
600519.SH,2020-07-21,172.84,174.95,174.17,170.96,6687214782.08
000858.SZ,2020-07-21,29.68,29.77,30.13,29.6,1067046935.53
300750.SZ,2020-07-21,66.54,66.3,66.87,65.09,276620169.96
601318.SH,2020-07-21,12.29,12.24,12.31,12.15,168001362.32
000333.SZ,2020-07-21,37.21,36.94,37.33,36.8,384578604.64
600036.SH,2020-07-21,124.32,123.53,125.22,122.2,635194350.77
002415.SZ,2020-07-21,16.82,16.92,16.91,16.76,613005692.45
600276.SH,2020-07-21,48.13,47.95,49.51,47.72,1190252345.22
002594.SZ,2020-07-21,119.99,120.04,120.68,119.98,633100176.53
601012.SH,2020-07-21,67.39,67.81,68.21,67.34,2207483402.14
600887.SH,2020-07-21,63.3,62.91,64.05,63.26,990430856.31
000002.SZ,2020-07-21,120.62,120.44,121.49,119.99,5500638345.03
600519.SH,2020-07-22,172.79,173.44,175.49,169.05,7999858622.04
000858.SZ,2020-07-22,29.43,29.24,29.89,29.12,51380200.77
300750.SZ,2020-07-22,67.31,67.98,67.76,66.7,491660021.05
601318.SH,2020-07-22,12.46,12.43,12.77,12.37,161516641.19
000333.SZ,2020-07-22,36.61,36.94,37.39,36.47,288498413.35
600036.SH,2020-07-22,128.46,128.93,130.03,127.84,491593216.98
002415.SZ,2020-07-22,16.47,16.55,16.57,16.36,689723555.33
600276.SH,2020-07-22,47.98,47.97,48.28,47.84,2209516401.85
002594.SZ,2020-07-22,123.12,122.94,123.63,122.93,4324665651.84
601012.SH,2020-07-22,70.71,70.56,71.78,70.07,724364395.87
600887.SH,2020-07-22,62.52,62.84,63.62,61.82,2650594995.76
000002.SZ,2020-07-22,123.04,122.78,124.03,122.94,5576342214.33
600519.SH,2020-07-23,173.82,173.78,174.04,170.72,6982500565.11
000858.SZ,2020-07-23,28.28,28.25,28.44,28.18,189852850.46
300750.SZ,2020-07-23,65.74,65.11,66.14,65.57,1596082869.51
601318.SH,2020-07-23,12.09,12.12,12.19,11.79,367716482.63
000333.SZ,2020-07-23,36.16,36.37,36.28,35.53,535174213.13
600036.SH,2020-07-23,127.18,127.14,129.53,126.06,1528518718.89
002415.SZ,2020-07-23,16.49,16.5,16.59,16.23,507354732.58
600276.SH,2020-07-23,49.54,49.4,51.2,48.15,306830310.56
002594.SZ,2020-07-23,124.49,124.03,125.2,124.48,2176363343.03
601012.SH,2020-07-23,75.44,75.66,75.76,75.13,901478744.4
600887.SH,2020-07-23,62.17,62.36,62.49,60.98,1350614249.44
000002.SZ,2020-07-23,125.53,125.8,126.52,123.94,2559035717.21
600519.SH,2020-07-24,175.71,175.7,178.13,174.55,6660752279.43
000858.SZ,2020-07-24,29.36,29.47,29.74,29.35,112898614.88
300750.SZ,2020-07-24,65.15,65.34,65.86,63.37,3043505532.63
601318.SH,2020-07-24,12.35,12.36,12.58,12.3,435582376.12
000333.SZ,2020-07-24,37.65,37.62,38.34,37.15,1139610181.15
600036.SH,2020-07-24,124.96,124.6,130.26,124.73,3740460411.82
002415.SZ,2020-07-24,16.47,16.49,16.47,15.87,577390632.37
600276.SH,2020-07-24,50.19,50.66,50.64,49.5,2356930007.65
002594.SZ,2020-07-24,123.2,123.56,123.82,121.76,5462124972.11
601012.SH,2020-07-24,73.83,74.16,74.25,73.26,2358298449.81
600887.SH,2020-07-24,65.05,65.21,65.35,63.69,1180372260.86
000002.SZ,2020-07-24,124.88,125.47,125.85,123.8,5458397964.69
600519.SH,2020-07-27,183.42,182.08,184.02,178.7,6003263636.31
000858.SZ,2020-07-27,29.0,29.15,29.13,28.18,10272170.46
300750.SZ,2020-07-27,64.84,65.0,65.9,63.86,588991535.86
601318.SH,2020-07-27,12.6,12.58,12.89,12.53,281158309.01
000333.SZ,2020-07-27,37.48,37.62,38.55,36.68,1523730187.41
600036.SH,2020-07-27,122.21,122.23,124.3,120.87,4112179071.92
002415.SZ,2020-07-27,16.18,16.32,16.21,16.07,115209654.19
600276.SH,2020-07-27,50.56,50.64,51.01,50.48,1270249867.9
002594.SZ,2020-07-27,121.21,121.64,122.29,120.92,1399379048.74
601012.SH,2020-07-27,74.03,73.81,74.69,73.8,2061455652.79
600887.SH,2020-07-27,61.41,61.33,62.53,59.6,1618109176.22
000002.SZ,2020-07-27,123.2,123.42,124.78,121.23,3673092509.94
600519.SH,2020-07-28,182.68,183.4,183.12,178.25,2461100372.41
000858.SZ,2020-07-28,28.65,28.7,28.81,28.52,536082163.11
300750.SZ,2020-07-28,63.26,63.36,64.72,62.46,100087597.86
601318.SH,2020-07-28,12.33,12.31,12.52,12.08,120748078.69
000333.SZ,2020-07-28,37.56,38.01,37.84,37.26,1209267633.85
600036.SH,2020-07-28,126.81,126.65,130.43,124.46,61127429.1
002415.SZ,2020-07-28,15.62,15.68,15.7,15.27,281669666.4
600276.SH,2020-07-28,50.23,49.78,52.34,50.09,1505990546.11
002594.SZ,2020-07-28,124.23,123.78,124.53,122.61,5290727403.22
601012.SH,2020-07-28,74.68,75.02,75.62,74.54,2325655814.24
600887.SH,2020-07-28,61.3,61.71,62.08,60.93,1882029465.8
000002.SZ,2020-07-28,121.87,122.32,122.53,121.18,4646780251.28
600519.SH,2020-07-29,182.83,182.86,184.06,181.57,5087896926.21
000858.SZ,2020-07-29,28.59,28.49,28.7,28.25,1263616787.76
300750.SZ,2020-07-29,59.84,59.89,60.01,58.91,1664512387.8
601318.SH,2020-07-29,12.12,12.15,12.15,12.09,135439144.96
000333.SZ,2020-07-29,35.75,35.47,37.01,34.97,48064313.77
600036.SH,2020-07-29,130.97,130.6,133.17,130.91,3837520288.29
002415.SZ,2020-07-29,15.95,15.98,16.04,15.89,578877856.18
600276.SH,2020-07-29,49.27,49.63,49.38,48.72,2261126323.43
002594.SZ,2020-07-29,126.79,126.86,129.82,126.53,5164691532.23
601012.SH,2020-07-29,79.29,79.25,82.12,78.32,3628109387.47
600887.SH,2020-07-29,60.38,60.46,61.56,59.84,1647180483.7
000002.SZ,2020-07-29,125.89,126.9,126.32,123.45,4639591572.93
600519.SH,2020-07-30,184.58,185.21,187.83,181.01,6368940222.29
000858.SZ,2020-07-30,28.43,28.52,28.59,28.24,865108904.62
300750.SZ,2020-07-30,58.21,58.16,58.25,57.96,968927427.47
601318.SH,2020-07-30,11.95,11.96,12.08,11.92,452230923.67
000333.SZ,2020-07-30,35.42,35.16,36.23,35.01,788506413.02
600036.SH,2020-07-30,123.45,123.72,124.55,122.73,4102082440.86
002415.SZ,2020-07-30,16.17,16.27,16.3,16.04,179069945.11
600276.SH,2020-07-30,48.9,48.85,49.49,48.82,1173411951.52
002594.SZ,2020-07-30,128.31,127.6,129.89,125.93,1906457809.93
601012.SH,2020-07-30,78.5,77.91,79.14,76.57,1962097880.11
600887.SH,2020-07-30,64.93,65.17,65.4,64.84,920147337.56
000002.SZ,2020-07-30,120.74,120.68,121.94,118.0,5440041833.07
600519.SH,2020-07-31,180.37,180.72,182.41,179.68,738219029.32
000858.SZ,2020-07-31,28.95,28.95,29.04,28.59,1043173005.17
300750.SZ,2020-07-31,61.67,61.27,63.52,61.32,1651328496.27
601318.SH,2020-07-31,11.66,11.68,11.72,11.53,557950722.59
000333.SZ,2020-07-31,37.05,37.22,37.29,36.69,704153109.73
600036.SH,2020-07-31,120.69,120.01,121.25,119.76,2735170878.44
002415.SZ,2020-07-31,16.7,16.71,17.12,16.67,663977405.11
600276.SH,2020-07-31,49.01,49.15,49.29,48.47,448279645.71
002594.SZ,2020-07-31,135.53,135.57,136.36,132.6,955593561.16
601012.SH,2020-07-31,82.04,81.32,82.32,81.79,91122796.05
600887.SH,2020-07-31,63.91,64.12,65.07,62.29,2207474674.04
000002.SZ,2020-07-31,129.66,130.54,131.36,128.42,654833344.05
600519.SH,2020-08-03,175.39,175.25,176.87,174.49,2660944938.42
000858.SZ,2020-08-03,28.74,28.79,29.19,28.44,1105709991.7
300750.SZ,2020-08-03,64.49,64.74,65.0,64.46,1313398429.82
601318.SH,2020-08-03,11.45,11.49,11.61,11.34,567317195.97
000333.SZ,2020-08-03,36.48,36.61,36.49,36.12,63748174.71
600036.SH,2020-08-03,121.14,121.54,121.89,117.75,3556637445.81
002415.SZ,2020-08-03,16.9,16.82,16.9,16.81,8088783.77
600276.SH,2020-08-03,49.51,49.06,49.96,48.88,1663822676.28
002594.SZ,2020-08-03,133.07,133.9,133.86,132.21,4123441257.69
601012.SH,2020-08-03,82.48,82.26,83.91,82.39,2492967125.19
600887.SH,2020-08-03,64.96,65.43,64.98,64.44,1113820294.94
000002.SZ,2020-08-03,134.6,135.41,135.52,133.93,5666535644.96
600519.SH,2020-08-04,176.92,175.91,179.87,176.32,4556443810.25
000858.SZ,2020-08-04,27.85,28.01,28.6,27.04,432357662.07
300750.SZ,2020-08-04,64.57,64.51,65.83,63.07,737549931.14
601318.SH,2020-08-04,11.28,11.2,11.35,11.0,410411466.63
000333.SZ,2020-08-04,37.7,37.8,37.74,37.56,1228236933.37
600036.SH,2020-08-04,116.13,117.61,119.93,115.37,3108729469.38
002415.SZ,2020-08-04,17.14,17.21,17.25,17.04,718369662.46
600276.SH,2020-08-04,48.22,48.6,49.4,47.78,289391118.78
002594.SZ,2020-08-04,137.36,137.04,140.69,136.41,6268035586.66
601012.SH,2020-08-04,84.11,84.66,85.76,83.21,4096635472.78
600887.SH,2020-08-04,65.35,65.04,65.8,65.05,583074063.13
000002.SZ,2020-08-04,136.36,136.47,140.65,135.57,2858537518.71
600519.SH,2020-08-05,175.52,176.6,178.77,174.92,6150867952.52
000858.SZ,2020-08-05,28.33,28.39,28.57,27.85,577981789.06
300750.SZ,2020-08-05,64.52,64.98,65.22,64.04,229404332.6
601318.SH,2020-08-05,11.49,11.51,11.64,11.37,314953391.34
000333.SZ,2020-08-05,37.77,37.81,37.83,37.33,809726104.59
600036.SH,2020-08-05,108.98,108.53,109.43,108.22,1089948963.01
002415.SZ,2020-08-05,16.93,16.82,16.96,16.85,118322492.94
600276.SH,2020-08-05,50.07,50.02,50.45,49.25,715815243.4
002594.SZ,2020-08-05,142.42,141.69,142.6,141.66,2047271821.19
601012.SH,2020-08-05,84.37,84.28,85.0,83.48,99267542.9
600887.SH,2020-08-05,65.18,65.71,65.47,64.33,2960782607.72
000002.SZ,2020-08-05,135.29,135.46,137.57,134.22,6142411695.75
600519.SH,2020-08-06,178.37,178.77,179.98,177.78,2328919832.23
000858.SZ,2020-08-06,28.76,28.67,29.11,28.24,723580829.95
300750.SZ,2020-08-06,62.97,62.66,63.86,62.22,3037002292.76
601318.SH,2020-08-06,11.69,11.74,11.71,11.61,385666192.02
000333.SZ,2020-08-06,38.96,39.05,39.8,38.31,1719212952.94
600036.SH,2020-08-06,106.43,106.79,107.03,105.51,2792533313.34
002415.SZ,2020-08-06,16.86,16.9,16.89,16.78,686908309.69
600276.SH,2020-08-06,50.68,51.18,50.83,50.25,1087316348.74
002594.SZ,2020-08-06,145.07,144.86,147.29,142.1,6323150180.0
601012.SH,2020-08-06,83.53,82.89,85.07,81.86,2041775064.02
600887.SH,2020-08-06,64.35,64.63,64.38,62.96,2927165663.91
000002.SZ,2020-08-06,133.79,135.2,137.58,133.52,4503909777.71
600519.SH,2020-08-07,180.18,179.59,184.33,174.55,2357230442.62
000858.SZ,2020-08-07,29.08,28.82,29.42,28.95,620914653.63
300750.SZ,2020-08-07,62.98,63.27,64.47,61.67,2616013192.06
601318.SH,2020-08-07,11.3,11.26,11.47,11.27,78978329.52
000333.SZ,2020-08-07,37.91,38.11,37.94,37.41,622444207.79
600036.SH,2020-08-07,108.18,108.69,109.61,107.87,603855408.99
002415.SZ,2020-08-07,16.35,16.36,16.43,16.24,366637324.12
600276.SH,2020-08-07,50.99,51.05,51.76,50.55,1524791834.88
002594.SZ,2020-08-07,143.83,143.9,145.71,141.53,5595500754.89
601012.SH,2020-08-07,82.31,82.37,82.43,79.79,3567220437.16
600887.SH,2020-08-07,64.42,64.8,64.98,63.81,2117740165.15
000002.SZ,2020-08-07,139.46,140.79,140.55,138.68,5493685380.87
600519.SH,2020-08-10,181.57,181.29,184.63,176.46,8488739259.21
000858.SZ,2020-08-10,28.88,28.79,29.1,28.22,11899042.54
300750.SZ,2020-08-10,60.69,61.38,61.99,60.52,2662564937.12
601318.SH,2020-08-10,11.45,11.39,11.69,11.2,167555066.53
000333.SZ,2020-08-10,39.01,38.89,39.55,38.77,1035050201.21
600036.SH,2020-08-10,109.88,110.64,111.38,108.87,3742856950.9
002415.SZ,2020-08-10,16.84,17.07,17.08,16.72,375320947.86
600276.SH,2020-08-10,51.62,51.77,51.68,51.17,149674146.7
002594.SZ,2020-08-10,139.22,138.23,140.55,137.86,2755901911.99
601012.SH,2020-08-10,82.26,82.86,83.88,81.09,56461531.69
600887.SH,2020-08-10,65.3,65.45,66.61,64.39,2560689585.83
000002.SZ,2020-08-10,142.04,140.83,142.84,139.95,44996798.46
600519.SH,2020-08-11,179.42,179.87,180.02,179.0,7374746264.37
000858.SZ,2020-08-11,28.85,28.77,29.34,28.08,1039479013.1
300750.SZ,2020-08-11,61.27,60.91,61.4,61.17,780069904.72
601318.SH,2020-08-11,11.82,11.88,12.03,11.77,121829270.86
000333.SZ,2020-08-11,40.01,40.01,40.64,39.26,49804179.63
600036.SH,2020-08-11,111.71,111.93,111.96,110.73,5458972081.23
002415.SZ,2020-08-11,17.01,16.93,17.08,16.95,593669720.97
600276.SH,2020-08-11,50.33,49.97,51.41,49.32,1612500587.37
002594.SZ,2020-08-11,135.45,135.42,139.99,132.24,4064929649.56
601012.SH,2020-08-11,82.11,81.58,85.65,81.58,3766556913.35
600887.SH,2020-08-11,67.04,66.94,68.6,65.12,493650197.91
000002.SZ,2020-08-11,143.52,143.98,146.16,140.99,684547400.24
600519.SH,2020-08-12,182.03,181.44,182.77,178.25,8102196669.84
000858.SZ,2020-08-12,27.78,27.84,27.98,27.78,462758585.73
300750.SZ,2020-08-12,59.06,58.8,59.7,58.81,2042282326.68
601318.SH,2020-08-12,12.15,12.08,12.17,12.09,533586467.26
000333.SZ,2020-08-12,40.0,40.05,40.71,39.14,1457470015.33
600036.SH,2020-08-12,108.1,108.05,109.31,107.82,378343004.19
002415.SZ,2020-08-12,17.4,17.38,17.6,17.15,777474056.78
600276.SH,2020-08-12,50.67,50.78,51.3,49.7,2113064922.54
002594.SZ,2020-08-12,145.52,145.89,148.4,143.42,1591995767.56
601012.SH,2020-08-12,84.72,85.03,85.13,83.69,2146312137.39
600887.SH,2020-08-12,67.65,67.8,68.99,65.36,1749724780.49
000002.SZ,2020-08-12,143.05,143.17,143.77,141.46,799427141.79
600519.SH,2020-08-13,183.18,183.72,185.71,183.08,8492798840.58
000858.SZ,2020-08-13,27.72,27.78,28.57,27.52,1096121952.57
300750.SZ,2020-08-13,56.97,56.81,57.7,55.94,1841675574.53
601318.SH,2020-08-13,12.44,12.38,12.52,12.16,271899825.82
000333.SZ,2020-08-13,40.29,40.48,40.74,38.99,1044202059.74
600036.SH,2020-08-13,100.71,101.61,101.27,100.41,2880901142.18
002415.SZ,2020-08-13,17.13,17.17,17.35,16.87,447291339.5
600276.SH,2020-08-13,49.65,49.97,49.88,49.27,167672673.04
002594.SZ,2020-08-13,149.16,149.97,151.76,147.83,7301857663.28
601012.SH,2020-08-13,84.67,84.38,84.89,83.88,1514858514.57
600887.SH,2020-08-13,70.2,69.75,70.54,69.2,532291891.4
000002.SZ,2020-08-13,137.43,137.78,138.77,135.99,1655579841.51
600519.SH,2020-08-14,178.34,178.36,182.25,177.93,2529972307.96
000858.SZ,2020-08-14,28.48,28.31,28.96,28.07,136801427.24
300750.SZ,2020-08-14,56.06,56.43,56.8,55.94,1911692979.76
601318.SH,2020-08-14,12.12,12.13,12.26,12.08,258423950.05
000333.SZ,2020-08-14,39.78,39.52,40.02,39.5,1545127449.81
600036.SH,2020-08-14,98.84,99.72,101.45,98.74,1691649069.83
002415.SZ,2020-08-14,17.37,17.46,17.78,17.18,374402684.82
600276.SH,2020-08-14,51.06,51.45,52.09,50.65,654975258.9
002594.SZ,2020-08-14,143.31,143.94,144.19,143.26,2302308957.95
601012.SH,2020-08-14,84.1,83.95,84.95,83.24,1266610513.91
600887.SH,2020-08-14,70.26,70.46,70.74,69.87,674711464.48
000002.SZ,2020-08-14,137.78,137.05,139.98,136.48,3893479432.7
600519.SH,2020-08-17,182.14,180.28,183.14,180.01,6976088653.06
000858.SZ,2020-08-17,28.58,28.41,28.72,27.73,1207282272.76
300750.SZ,2020-08-17,55.28,55.75,55.73,53.45,2626439165.86
601318.SH,2020-08-17,11.79,11.81,12.06,11.55,296040623.08
000333.SZ,2020-08-17,37.99,38.05,38.22,37.9,1750593973.77
600036.SH,2020-08-17,97.98,97.27,98.79,95.55,310363944.27
002415.SZ,2020-08-17,17.38,17.35,17.42,16.95,623092237.82
600276.SH,2020-08-17,52.27,52.48,52.36,51.76,1766002194.99
002594.SZ,2020-08-17,142.03,140.55,142.34,140.11,4682306400.85
601012.SH,2020-08-17,89.02,88.93,90.22,87.36,1994786474.33
600887.SH,2020-08-17,70.16,69.58,70.5,69.23,3169439616.81
000002.SZ,2020-08-17,136.18,135.16,139.0,134.96,3972474988.4
600519.SH,2020-08-18,183.97,183.09,184.39,183.23,7104292568.31
000858.SZ,2020-08-18,27.9,27.75,28.28,27.63,414852172.31
300750.SZ,2020-08-18,55.6,55.25,56.43,54.42,545908551.71
601318.SH,2020-08-18,11.19,11.26,11.19,11.16,344394102.57
000333.SZ,2020-08-18,38.65,38.57,38.9,38.44,270787849.31
600036.SH,2020-08-18,98.19,97.83,99.21,96.2,1795852125.83
002415.SZ,2020-08-18,17.48,17.51,17.84,17.32,732647999.9
600276.SH,2020-08-18,52.49,52.45,53.66,51.86,644068733.2
002594.SZ,2020-08-18,137.58,137.5,137.82,134.44,3297008659.69
601012.SH,2020-08-18,87.07,87.16,87.09,86.65,504086839.22
600887.SH,2020-08-18,72.94,72.42,73.01,71.14,1203907117.85
000002.SZ,2020-08-18,137.94,138.93,137.96,137.01,490391485.58
600519.SH,2020-08-19,181.31,180.81,187.08,180.72,313956660.41
000858.SZ,2020-08-19,28.21,28.22,28.65,27.89,1013060137.87
300750.SZ,2020-08-19,56.19,55.93,57.61,55.23,2426866825.76
601318.SH,2020-08-19,11.74,11.7,11.84,11.68,187813613.8
000333.SZ,2020-08-19,39.74,39.43,39.78,38.95,1194016427.77
600036.SH,2020-08-19,99.25,100.06,100.75,98.03,2347413843.03
002415.SZ,2020-08-19,17.3,17.35,17.4,17.27,437880550.51
600276.SH,2020-08-19,54.86,55.44,55.86,54.26,2340787360.82
002594.SZ,2020-08-19,137.3,137.08,138.68,134.95,641438274.69
601012.SH,2020-08-19,85.22,85.94,86.71,85.17,598365853.88
600887.SH,2020-08-19,70.75,70.55,71.68,69.98,1102906848.33
000002.SZ,2020-08-19,135.03,135.68,136.57,134.65,6003429243.24
600519.SH,2020-08-20,179.75,181.94,184.42,178.34,41419800.11
000858.SZ,2020-08-20,28.76,28.76,29.01,28.15,1057161394.48
300750.SZ,2020-08-20,57.5,57.47,57.65,57.29,878590533.77
601318.SH,2020-08-20,12.08,12.09,12.09,11.76,193906044.57
000333.SZ,2020-08-20,39.91,39.69,40.32,39.7,289265801.1
600036.SH,2020-08-20,101.36,101.65,102.46,100.29,3306314281.94
002415.SZ,2020-08-20,18.28,18.26,18.84,18.22,215721270.45
600276.SH,2020-08-20,56.14,55.96,57.44,55.17,2553531102.35
002594.SZ,2020-08-20,142.87,142.04,145.17,142.16,105993855.77
601012.SH,2020-08-20,82.04,81.8,82.39,81.81,162611372.44
600887.SH,2020-08-20,69.48,70.09,70.1,69.15,1544069020.29
000002.SZ,2020-08-20,132.56,132.43,132.69,132.45,6234636279.35
600519.SH,2020-08-21,167.81,168.44,170.28,164.86,8243284247.3
000858.SZ,2020-08-21,28.83,28.88,28.91,28.16,403754374.33
300750.SZ,2020-08-21,59.53,59.22,61.12,59.08,2034752731.48
601318.SH,2020-08-21,11.93,11.9,12.02,11.84,550756131.76
000333.SZ,2020-08-21,40.13,40.05,40.95,39.9,1546412930.03
600036.SH,2020-08-21,99.25,99.35,100.69,98.11,3192776393.55
002415.SZ,2020-08-21,18.07,17.9,18.1,17.97,574414540.11
600276.SH,2020-08-21,56.57,56.68,57.34,56.47,2783490700.61
002594.SZ,2020-08-21,138.67,138.71,140.43,135.56,1788312956.92
601012.SH,2020-08-21,84.49,84.66,84.6,84.46,1473477583.67
600887.SH,2020-08-21,66.18,66.15,66.56,64.54,126611850.75
000002.SZ,2020-08-21,133.7,131.63,135.17,131.64,1428330067.45
600519.SH,2020-08-24,165.84,165.95,167.67,164.12,7711435113.93
000858.SZ,2020-08-24,29.91,29.79,30.41,29.53,436209048.04
300750.SZ,2020-08-24,60.7,60.94,61.59,59.19,429883363.07
601318.SH,2020-08-24,11.31,11.3,11.42,11.25,564798128.36
000333.SZ,2020-08-24,37.72,37.7,38.24,36.82,767007376.23
600036.SH,2020-08-24,96.81,96.95,98.46,96.66,4196922798.44
002415.SZ,2020-08-24,17.85,17.75,17.87,17.75,474493147.04
600276.SH,2020-08-24,56.33,56.22,56.55,55.78,2610664226.67
002594.SZ,2020-08-24,138.85,138.07,139.89,137.85,622068164.07
601012.SH,2020-08-24,85.96,85.61,87.45,83.77,3364130325.72
600887.SH,2020-08-24,63.95,64.34,65.8,63.69,1363032728.64
000002.SZ,2020-08-24,127.75,128.08,129.86,126.83,4418386973.67
600519.SH,2020-08-25,166.97,168.26,167.24,165.74,730089523.1
000858.SZ,2020-08-25,29.66,29.86,30.31,29.16,253100862.11
300750.SZ,2020-08-25,60.57,60.16,60.97,59.92,2930119822.88
601318.SH,2020-08-25,11.13,11.06,11.27,11.13,325451204.84
000333.SZ,2020-08-25,37.57,37.66,38.25,37.18,1170816175.88
600036.SH,2020-08-25,100.46,100.73,101.32,100.35,1627749350.46
002415.SZ,2020-08-25,17.13,17.05,17.31,17.04,162403134.76
600276.SH,2020-08-25,54.63,54.96,56.57,53.9,1456221759.38
002594.SZ,2020-08-25,141.14,140.49,145.53,136.75,2062975890.63
601012.SH,2020-08-25,89.37,88.85,89.46,88.73,4233033658.53
600887.SH,2020-08-25,63.66,63.38,64.37,62.58,3034755455.54
000002.SZ,2020-08-25,123.78,123.38,126.77,120.2,5342495363.13
600519.SH,2020-08-26,158.7,159.19,160.33,156.24,651591345.34
000858.SZ,2020-08-26,29.87,29.97,30.8,29.06,786313098.95
300750.SZ,2020-08-26,58.71,59.29,59.15,58.54,2110446069.76
601318.SH,2020-08-26,11.75,11.76,11.8,11.62,413810732.5
000333.SZ,2020-08-26,39.79,39.99,41.11,38.63,698079794.08
600036.SH,2020-08-26,101.08,100.68,101.55,100.96,1184845418.22
002415.SZ,2020-08-26,17.35,17.4,17.36,17.3,634646647.83
600276.SH,2020-08-26,54.49,54.63,55.18,53.56,178961376.66
002594.SZ,2020-08-26,145.24,143.86,145.43,143.54,4157362775.99
601012.SH,2020-08-26,89.41,89.49,90.74,89.14,2878149028.07
600887.SH,2020-08-26,63.79,63.2,66.39,62.81,1305295167.26
000002.SZ,2020-08-26,128.05,129.11,128.28,127.11,3596059288.27
600519.SH,2020-08-27,161.26,160.0,164.61,155.32,5157570025.78
000858.SZ,2020-08-27,31.47,31.51,31.73,31.44,414125870.97
300750.SZ,2020-08-27,56.34,56.46,57.07,56.22,1978334279.56
601318.SH,2020-08-27,11.59,11.56,11.74,11.51,272702871.27
000333.SZ,2020-08-27,38.91,38.98,39.71,38.01,638094579.15
600036.SH,2020-08-27,103.25,103.22,105.02,101.67,4166997679.56
002415.SZ,2020-08-27,17.14,17.15,17.36,16.53,316079129.64
600276.SH,2020-08-27,55.34,55.11,56.55,54.56,1375389729.2
002594.SZ,2020-08-27,141.07,141.73,141.71,138.01,2561555590.83
601012.SH,2020-08-27,89.24,88.79,90.29,86.25,983560408.2
600887.SH,2020-08-27,67.48,67.42,67.81,66.7,1855369012.71
000002.SZ,2020-08-27,133.36,133.84,136.98,132.51,2368610031.67
600519.SH,2020-08-28,153.77,154.13,154.86,153.74,1536919622.73
000858.SZ,2020-08-28,31.78,31.65,32.0,31.03,365720539.34
300750.SZ,2020-08-28,57.53,57.78,57.82,56.65,465109363.11
601318.SH,2020-08-28,11.45,11.43,11.63,11.35,249248367.04
000333.SZ,2020-08-28,37.86,37.73,38.16,37.73,1629696935.29
600036.SH,2020-08-28,105.01,105.29,105.68,103.36,2759091202.26
002415.SZ,2020-08-28,17.2,17.3,17.2,17.05,665110565.55
600276.SH,2020-08-28,56.13,56.0,56.98,54.96,1714533889.9
002594.SZ,2020-08-28,140.58,140.84,144.47,140.56,6856518532.09
601012.SH,2020-08-28,94.48,94.84,96.22,93.68,1599352718.47
600887.SH,2020-08-28,65.98,65.67,66.18,65.83,1057217956.56
000002.SZ,2020-08-28,131.77,130.61,137.71,129.44,222805874.84
600519.SH,2020-08-31,155.82,156.1,157.47,152.13,79268518.5
000858.SZ,2020-08-31,32.37,32.43,32.75,32.27,1485836091.66
300750.SZ,2020-08-31,55.57,55.6,56.98,54.4,1244676262.33
601318.SH,2020-08-31,11.83,11.79,12.01,11.72,84927048.8
000333.SZ,2020-08-31,36.5,36.65,36.58,35.68,1218299463.54
600036.SH,2020-08-31,105.08,104.19,105.23,105.05,2958613142.36
002415.SZ,2020-08-31,17.07,17.16,17.12,16.66,95362989.06
600276.SH,2020-08-31,55.17,55.92,55.6,55.06,1924892963.63
002594.SZ,2020-08-31,144.64,146.9,144.84,143.26,4072949508.12
601012.SH,2020-08-31,88.99,89.03,89.45,87.85,3937489811.57
600887.SH,2020-08-31,64.8,65.03,65.64,64.67,2180589963.94
000002.SZ,2020-08-31,128.86,129.84,129.01,127.49,3173153338.53
600519.SH,2020-09-01,159.31,160.16,162.44,157.69,5778413631.65
000858.SZ,2020-09-01,33.64,33.92,33.87,33.48,1106078014.13
300750.SZ,2020-09-01,56.68,56.48,56.99,56.09,527903909.17
601318.SH,2020-09-01,12.25,12.2,12.39,12.21,338181735.84
000333.SZ,2020-09-01,34.49,34.58,34.91,34.17,194475469.53
600036.SH,2020-09-01,105.56,106.28,106.99,105.09,1187589862.01
002415.SZ,2020-09-01,16.49,16.54,16.86,16.37,787120357.61
600276.SH,2020-09-01,54.68,54.86,54.76,53.3,2670703314.72
002594.SZ,2020-09-01,145.59,146.0,149.48,143.56,2369739174.67
601012.SH,2020-09-01,89.24,88.82,90.99,88.31,4119960300.41
600887.SH,2020-09-01,67.06,66.89,67.85,67.04,1525200107.43
000002.SZ,2020-09-01,122.55,122.12,125.62,121.94,842185983.32
600519.SH,2020-09-02,156.06,156.65,160.23,154.71,3459681342.22
000858.SZ,2020-09-02,32.42,32.47,33.69,31.3,230342703.34
300750.SZ,2020-09-02,54.38,54.59,54.75,52.31,1957032138.29
601318.SH,2020-09-02,12.56,12.59,12.59,12.25,478289844.84
000333.SZ,2020-09-02,34.66,34.66,34.9,34.66,448885195.19
600036.SH,2020-09-02,109.73,109.59,113.03,106.68,3597312394.81
002415.SZ,2020-09-02,16.99,16.98,17.01,16.92,485726737.83
600276.SH,2020-09-02,54.8,54.73,56.14,54.02,663137111.89
002594.SZ,2020-09-02,142.14,142.27,143.65,140.72,537317662.38
601012.SH,2020-09-02,91.5,91.22,91.61,88.24,1428060231.1
600887.SH,2020-09-02,65.94,66.23,66.12,64.95,476577920.18
000002.SZ,2020-09-02,118.94,118.41,120.64,115.37,4189566141.14
600519.SH,2020-09-03,151.65,151.17,152.45,149.82,7221300675.63
000858.SZ,2020-09-03,32.53,32.16,32.72,31.7,1346994097.54
300750.SZ,2020-09-03,56.13,55.78,56.34,55.43,969594223.6
601318.SH,2020-09-03,12.58,12.57,12.84,12.48,409557840.2
000333.SZ,2020-09-03,35.74,35.9,35.92,35.52,656750509.22
600036.SH,2020-09-03,110.03,109.52,110.61,109.32,975715269.24
002415.SZ,2020-09-03,16.81,16.81,16.93,16.8,645317840.38
600276.SH,2020-09-03,58.56,58.89,59.48,58.2,1777663307.47
002594.SZ,2020-09-03,148.68,149.77,150.07,148.55,2131053955.53
601012.SH,2020-09-03,92.0,92.09,92.16,89.07,2402464366.34
600887.SH,2020-09-03,64.6,64.48,65.95,64.58,1207254643.58
000002.SZ,2020-09-03,114.21,115.4,114.83,113.85,228761727.12
600519.SH,2020-09-04,153.25,152.99,154.35,150.62,923047647.92
000858.SZ,2020-09-04,32.34,32.32,32.61,32.01,661640299.67
300750.SZ,2020-09-04,56.82,56.76,57.2,56.37,364341697.52
601318.SH,2020-09-04,12.69,12.63,13.09,12.42,513570578.44
000333.SZ,2020-09-04,36.15,36.25,36.35,36.01,774433699.34
600036.SH,2020-09-04,113.23,113.46,113.51,112.58,314026802.38
002415.SZ,2020-09-04,16.95,16.89,16.96,16.85,504000271.17
600276.SH,2020-09-04,57.53,57.41,57.55,56.41,222526200.11
002594.SZ,2020-09-04,145.89,145.66,147.27,142.21,843821287.63
601012.SH,2020-09-04,93.38,93.58,94.13,93.26,2403775186.2
600887.SH,2020-09-04,62.9,62.89,62.91,62.36,1873391395.54
000002.SZ,2020-09-04,116.32,115.9,118.39,114.41,2177629915.57
600519.SH,2020-09-07,156.06,156.26,157.75,155.92,7711062882.27
000858.SZ,2020-09-07,32.32,32.34,33.16,32.29,611706383.6
300750.SZ,2020-09-07,55.73,55.81,56.32,54.58,2472588760.43
601318.SH,2020-09-07,12.13,12.14,12.14,11.98,210858037.53
000333.SZ,2020-09-07,35.15,35.37,35.39,34.57,699110428.52
600036.SH,2020-09-07,108.68,108.67,108.9,105.86,1487076626.05
002415.SZ,2020-09-07,16.97,16.87,17.22,16.9,585963235.64
600276.SH,2020-09-07,56.92,57.2,57.23,56.27,201122761.31
002594.SZ,2020-09-07,142.6,142.51,143.77,141.96,699225050.64
601012.SH,2020-09-07,95.47,94.89,96.42,94.98,2627083267.34
600887.SH,2020-09-07,63.14,63.27,63.57,61.63,321764783.24
000002.SZ,2020-09-07,116.52,116.81,116.58,114.82,596278027.34
600519.SH,2020-09-08,158.32,158.15,159.57,155.92,4336360099.01
000858.SZ,2020-09-08,33.17,33.29,33.41,32.89,55505105.87
300750.SZ,2020-09-08,53.53,53.36,53.69,53.33,1800635520.4
601318.SH,2020-09-08,12.36,12.23,12.65,12.31,394069443.68
000333.SZ,2020-09-08,33.58,33.63,34.53,33.53,1121830692.76
600036.SH,2020-09-08,106.58,107.26,109.82,104.64,2557480987.72
002415.SZ,2020-09-08,17.41,17.42,17.67,16.98,516571974.3
600276.SH,2020-09-08,57.93,57.97,58.28,56.99,1399552289.51
002594.SZ,2020-09-08,145.04,145.19,145.18,143.89,5205913203.67
601012.SH,2020-09-08,95.95,96.22,96.67,92.27,4382499931.67
600887.SH,2020-09-08,65.4,65.06,65.68,65.29,2598521014.94
000002.SZ,2020-09-08,112.09,112.62,112.78,109.68,4698048024.39
600519.SH,2020-09-09,157.19,156.97,158.53,154.39,650481196.35
000858.SZ,2020-09-09,33.23,33.28,33.9,32.68,1252704328.25
300750.SZ,2020-09-09,56.28,55.92,57.33,56.06,1026085786.97
601318.SH,2020-09-09,12.68,12.72,12.76,12.61,251437302.49
000333.SZ,2020-09-09,34.46,34.3,35.28,34.0,860788351.03
600036.SH,2020-09-09,104.6,104.26,104.75,102.9,3582575319.95
002415.SZ,2020-09-09,18.4,18.52,18.71,18.11,131642572.87
600276.SH,2020-09-09,58.64,58.64,59.68,58.12,1178703190.91
002594.SZ,2020-09-09,141.47,141.95,143.08,139.17,3124621002.76
601012.SH,2020-09-09,101.62,100.61,101.69,101.29,1853258815.51
600887.SH,2020-09-09,63.1,63.13,63.51,61.32,1510769028.44
000002.SZ,2020-09-09,109.71,109.41,110.88,104.68,919052068.21
600519.SH,2020-09-10,156.35,157.11,159.1,152.78,2267900199.42
000858.SZ,2020-09-10,32.43,32.31,32.57,32.31,484085155.55
300750.SZ,2020-09-10,57.05,56.83,57.58,56.47,627469282.73
601318.SH,2020-09-10,12.77,12.77,12.86,12.5,46923137.17
000333.SZ,2020-09-10,34.58,34.29,34.82,34.45,1161187205.65
600036.SH,2020-09-10,109.61,109.3,110.58,108.63,1251228425.49
002415.SZ,2020-09-10,17.66,17.44,18.14,17.64,815139731.33
600276.SH,2020-09-10,60.68,60.47,60.69,60.46,763762278.29
002594.SZ,2020-09-10,138.62,138.29,141.01,136.07,6256006815.97
601012.SH,2020-09-10,105.39,105.11,106.38,104.9,2909293506.74
600887.SH,2020-09-10,66.13,66.18,66.84,64.91,1611843720.12
000002.SZ,2020-09-10,116.08,116.21,118.06,114.57,2337583584.98
600519.SH,2020-09-11,155.68,155.9,160.13,155.38,1422623628.8
000858.SZ,2020-09-11,31.5,31.3,32.29,31.26,1114535562.6
300750.SZ,2020-09-11,57.55,57.68,57.68,56.93,171300032.82
601318.SH,2020-09-11,12.76,12.7,12.83,12.64,42296077.0
000333.SZ,2020-09-11,33.07,33.12,33.16,33.04,958871947.72
600036.SH,2020-09-11,111.68,110.83,113.28,110.77,726050747.33
002415.SZ,2020-09-11,17.26,17.31,17.51,17.21,463772158.48
600276.SH,2020-09-11,62.89,62.89,64.07,62.48,3109849467.58
002594.SZ,2020-09-11,142.04,141.85,142.45,141.14,3190900261.11
601012.SH,2020-09-11,104.7,104.28,106.81,102.89,3809665765.04
600887.SH,2020-09-11,66.23,65.88,67.79,65.42,2036710875.36
000002.SZ,2020-09-11,115.43,115.5,115.85,115.01,940236300.57
600519.SH,2020-09-14,153.98,154.22,154.78,152.65,6574531263.49
000858.SZ,2020-09-14,33.96,34.06,34.34,32.5,606599556.71
300750.SZ,2020-09-14,56.23,56.2,57.29,55.85,2644377008.22
601318.SH,2020-09-14,12.79,12.78,12.99,12.74,315511933.84
000333.SZ,2020-09-14,33.91,33.74,34.48,33.14,691020545.23
600036.SH,2020-09-14,110.66,110.43,110.88,105.42,1116101242.23
002415.SZ,2020-09-14,17.0,17.09,17.19,16.76,300591458.14
600276.SH,2020-09-14,60.84,60.8,61.46,59.46,2292844465.67
002594.SZ,2020-09-14,146.34,147.13,148.13,145.15,6688017699.04
601012.SH,2020-09-14,106.62,106.38,107.31,106.59,4475249720.8
600887.SH,2020-09-14,67.04,67.2,68.95,66.68,2974088800.27
000002.SZ,2020-09-14,111.14,110.36,113.07,110.46,5267071079.52
600519.SH,2020-09-15,155.99,155.87,157.08,154.84,3904441711.63
000858.SZ,2020-09-15,34.22,34.53,34.76,33.95,325344260.94
300750.SZ,2020-09-15,55.78,55.71,56.25,54.62,1929072723.1
601318.SH,2020-09-15,12.35,12.42,12.43,12.31,517498487.65
000333.SZ,2020-09-15,33.88,34.09,34.2,33.48,65313347.93
600036.SH,2020-09-15,108.31,108.23,109.12,107.16,3264621672.11
002415.SZ,2020-09-15,17.04,17.13,17.14,16.92,253263425.02
600276.SH,2020-09-15,60.96,61.21,61.78,60.88,690265756.99
002594.SZ,2020-09-15,145.18,144.64,149.61,144.5,4344487328.84
601012.SH,2020-09-15,109.02,108.66,111.39,107.6,683644000.41
600887.SH,2020-09-15,66.96,66.69,67.05,66.81,521687558.3
000002.SZ,2020-09-15,112.66,111.9,115.14,111.1,5025770384.66
600519.SH,2020-09-16,157.7,158.83,160.36,154.8,5837263837.99
000858.SZ,2020-09-16,35.1,35.2,35.58,34.13,120453968.54
300750.SZ,2020-09-16,54.46,54.41,56.77,53.87,1346731561.65
601318.SH,2020-09-16,12.25,12.24,12.35,12.2,572885399.28
000333.SZ,2020-09-16,34.68,34.9,36.13,34.53,68048328.11
600036.SH,2020-09-16,108.78,108.24,109.32,107.23,3112673116.78
002415.SZ,2020-09-16,17.53,17.52,17.73,17.34,487054545.14
600276.SH,2020-09-16,62.13,61.68,62.3,61.75,1214087954.73
002594.SZ,2020-09-16,143.64,143.79,146.53,139.94,3385167331.58
601012.SH,2020-09-16,111.48,111.53,113.47,110.03,1889506091.9
600887.SH,2020-09-16,66.56,66.66,66.64,65.25,1022551000.95
000002.SZ,2020-09-16,115.41,114.95,117.09,113.87,2688427063.05
600519.SH,2020-09-17,165.09,163.83,169.09,158.04,5052223779.75
000858.SZ,2020-09-17,36.08,36.18,36.64,35.45,833299880.13
300750.SZ,2020-09-17,57.61,57.21,58.98,56.62,2666906114.94
601318.SH,2020-09-17,11.78,11.91,11.97,11.68,40302251.7
000333.SZ,2020-09-17,34.22,34.34,35.49,33.04,776604588.25
600036.SH,2020-09-17,108.11,108.34,108.98,107.99,2593827180.68
002415.SZ,2020-09-17,17.36,17.37,17.58,16.78,266510889.52
600276.SH,2020-09-17,62.74,62.79,63.53,61.64,2307200878.25
002594.SZ,2020-09-17,142.39,142.68,142.71,139.12,5978847013.97
601012.SH,2020-09-17,114.61,113.82,115.02,111.51,2366608658.21
600887.SH,2020-09-17,68.24,68.42,68.58,68.15,3077352483.77
000002.SZ,2020-09-17,116.66,117.17,118.48,115.44,3788707201.01
600519.SH,2020-09-18,161.0,160.76,162.77,159.13,7026385698.16
000858.SZ,2020-09-18,36.59,37.06,36.69,35.78,1223494061.21
300750.SZ,2020-09-18,58.61,58.74,59.2,58.08,27276853.52
601318.SH,2020-09-18,11.89,11.8,12.05,11.78,209512370.37
000333.SZ,2020-09-18,34.26,34.32,34.4,33.96,1127274806.94
600036.SH,2020-09-18,111.95,111.36,113.67,111.73,1541580852.71
002415.SZ,2020-09-18,17.13,17.05,17.35,16.89,166197015.43
600276.SH,2020-09-18,62.19,62.41,63.61,61.84,2790835441.07
002594.SZ,2020-09-18,144.83,144.21,145.22,144.26,6076373290.74
601012.SH,2020-09-18,116.19,115.92,118.83,116.03,3627176427.73
600887.SH,2020-09-18,69.72,69.07,69.83,69.41,3144590754.51
000002.SZ,2020-09-18,115.89,116.04,115.97,115.49,1166079737.87
600519.SH,2020-09-21,155.78,154.98,157.95,154.5,7712058642.34
000858.SZ,2020-09-21,35.47,35.68,36.77,35.18,431669332.83
300750.SZ,2020-09-21,58.0,57.79,58.58,56.23,1231354005.97
601318.SH,2020-09-21,12.13,12.06,12.19,12.04,211307430.61
000333.SZ,2020-09-21,34.96,34.98,35.47,34.75,117618443.85
600036.SH,2020-09-21,106.92,106.82,108.16,104.41,1034395431.34
002415.SZ,2020-09-21,17.37,17.3,17.81,17.25,266557465.36
600276.SH,2020-09-21,62.09,61.57,62.34,60.8,467219717.87
002594.SZ,2020-09-21,141.13,141.87,141.16,139.6,1916691114.08
601012.SH,2020-09-21,122.61,123.52,123.81,119.51,4139422796.71
600887.SH,2020-09-21,70.22,69.97,70.4,70.17,1306718167.02
000002.SZ,2020-09-21,118.35,118.75,121.04,117.26,2263319870.42
600519.SH,2020-09-22,165.86,166.38,166.96,163.28,6707070503.09
000858.SZ,2020-09-22,34.98,35.02,35.1,34.67,438227770.47
300750.SZ,2020-09-22,57.46,57.2,57.78,57.12,951230010.43
601318.SH,2020-09-22,12.59,12.57,12.74,12.57,214913155.59
000333.SZ,2020-09-22,33.83,33.94,34.41,33.04,1442663331.0
600036.SH,2020-09-22,107.17,108.36,109.69,104.37,4326187245.98
002415.SZ,2020-09-22,17.4,17.52,17.42,16.97,734051722.25
600276.SH,2020-09-22,63.63,63.13,64.11,63.09,1361818347.82
002594.SZ,2020-09-22,142.63,143.83,145.09,140.95,2311140690.59
601012.SH,2020-09-22,119.88,120.13,122.82,117.84,2433768260.3
600887.SH,2020-09-22,71.96,72.34,72.29,71.53,23463323.54
000002.SZ,2020-09-22,120.91,120.21,121.15,117.67,2064751347.61
600519.SH,2020-09-23,161.59,162.22,163.77,156.15,7966067504.15
000858.SZ,2020-09-23,34.39,34.5,34.44,33.68,693267863.33
300750.SZ,2020-09-23,56.73,56.21,58.25,55.7,1736146105.23
601318.SH,2020-09-23,12.24,12.27,12.24,12.2,429133911.92
000333.SZ,2020-09-23,34.75,34.42,35.02,34.09,1506010568.52
600036.SH,2020-09-23,106.36,105.51,106.83,106.15,4501996729.32
002415.SZ,2020-09-23,17.29,17.15,17.68,16.7,187086030.22
600276.SH,2020-09-23,62.01,62.4,63.65,61.76,2949049094.99
002594.SZ,2020-09-23,141.3,142.0,142.25,140.04,2541778757.07
601012.SH,2020-09-23,124.39,124.99,125.89,123.7,4063159349.77
600887.SH,2020-09-23,73.34,73.87,74.16,73.15,358389545.69
000002.SZ,2020-09-23,116.08,116.13,117.53,116.0,3272552388.94
600519.SH,2020-09-24,157.67,157.59,159.14,157.33,7612415446.51
000858.SZ,2020-09-24,34.96,35.07,35.53,34.48,762142862.21
300750.SZ,2020-09-24,56.05,56.0,56.07,54.15,912411776.93
601318.SH,2020-09-24,12.07,12.05,12.29,11.93,472058406.15
000333.SZ,2020-09-24,34.02,33.79,34.45,33.92,585915602.86
600036.SH,2020-09-24,102.87,102.51,105.63,102.06,3857080250.3
002415.SZ,2020-09-24,17.34,17.33,17.5,17.24,720964569.26
600276.SH,2020-09-24,61.45,61.4,61.99,61.32,1021502306.18
002594.SZ,2020-09-24,145.4,144.82,146.01,144.27,418634249.69
601012.SH,2020-09-24,124.24,124.31,126.63,121.43,3353506036.77
600887.SH,2020-09-24,71.61,72.53,74.5,71.02,1352131738.89
000002.SZ,2020-09-24,118.15,118.31,119.19,116.29,4666980069.24
600519.SH,2020-09-25,163.05,162.11,166.05,163.04,4678216367.15
000858.SZ,2020-09-25,34.33,34.58,34.36,33.8,961524767.71
300750.SZ,2020-09-25,53.69,53.95,53.95,53.36,56130829.27
601318.SH,2020-09-25,11.93,11.98,11.96,11.9,48519938.47
000333.SZ,2020-09-25,32.89,32.9,33.42,32.3,141236689.96
600036.SH,2020-09-25,107.14,106.8,107.95,104.96,18914728.06
002415.SZ,2020-09-25,16.74,16.69,17.29,16.65,727047276.29
600276.SH,2020-09-25,60.98,60.84,61.24,60.0,1601035758.55
002594.SZ,2020-09-25,150.82,150.84,151.54,150.4,1119021868.79
601012.SH,2020-09-25,127.01,127.56,129.98,125.95,1379321980.12
600887.SH,2020-09-25,70.73,70.63,71.54,70.16,1802282868.18
000002.SZ,2020-09-25,115.9,115.57,118.25,114.24,4168180462.25
600519.SH,2020-09-28,162.4,162.51,165.4,161.76,1818064905.41
000858.SZ,2020-09-28,34.14,34.05,34.64,33.94,815666439.68
300750.SZ,2020-09-28,55.73,56.06,57.24,55.17,350497533.85
601318.SH,2020-09-28,11.89,11.91,12.03,11.85,213280840.84
000333.SZ,2020-09-28,31.79,31.63,31.91,31.34,618944959.76
600036.SH,2020-09-28,109.84,108.81,111.51,109.21,1727392825.53
002415.SZ,2020-09-28,17.19,17.3,17.28,16.7,520914444.63
600276.SH,2020-09-28,60.66,60.3,60.94,60.0,1506835522.85
002594.SZ,2020-09-28,153.81,153.92,156.02,153.54,1853023067.72
601012.SH,2020-09-28,127.24,127.75,127.73,125.04,2135094189.2
600887.SH,2020-09-28,68.63,68.06,69.67,67.55,875832279.61
000002.SZ,2020-09-28,115.72,115.93,115.91,115.36,4361071363.29
600519.SH,2020-09-29,157.83,157.88,160.18,155.47,212850107.18
000858.SZ,2020-09-29,33.62,33.71,33.69,33.54,1457018812.26
300750.SZ,2020-09-29,54.45,54.23,54.81,54.13,548097521.16
601318.SH,2020-09-29,12.0,12.06,12.13,11.92,283337648.74
000333.SZ,2020-09-29,31.96,32.03,32.76,31.36,1261046755.02
600036.SH,2020-09-29,106.27,106.53,106.57,105.88,4523885807.64
002415.SZ,2020-09-29,16.8,16.79,17.25,16.63,426031461.4
600276.SH,2020-09-29,60.69,60.89,60.72,59.93,803698451.04
002594.SZ,2020-09-29,155.67,155.76,162.34,154.61,3298884954.05
601012.SH,2020-09-29,127.53,126.65,127.65,122.79,5827806280.45
600887.SH,2020-09-29,64.88,64.99,65.26,62.5,2050184254.51
000002.SZ,2020-09-29,119.5,120.41,121.8,118.15,92324873.9
600519.SH,2020-09-30,164.9,165.52,165.4,155.36,6079828602.93
000858.SZ,2020-09-30,34.96,35.09,35.74,34.6,1425333551.12
300750.SZ,2020-09-30,55.22,54.82,55.92,54.66,222271123.43
601318.SH,2020-09-30,12.21,12.26,12.3,11.98,347028904.42
000333.SZ,2020-09-30,31.45,31.42,32.34,31.25,162916021.5
600036.SH,2020-09-30,106.82,106.81,108.26,105.59,4002541409.36
002415.SZ,2020-09-30,16.33,16.15,16.51,16.25,596694262.92
600276.SH,2020-09-30,60.9,60.97,61.85,60.72,288749225.66
002594.SZ,2020-09-30,150.19,149.51,152.73,146.85,2118411122.04
601012.SH,2020-09-30,129.46,129.39,131.95,128.84,2596253748.28
600887.SH,2020-09-30,64.33,64.01,65.7,62.84,2279812469.27
000002.SZ,2020-09-30,121.85,122.7,123.61,121.68,821895974.97
600519.SH,2020-10-01,165.74,163.85,169.63,165.34,5325286177.09
000858.SZ,2020-10-01,34.58,34.56,35.33,34.24,1213735165.71
300750.SZ,2020-10-01,56.41,56.4,56.48,55.85,1402868364.26
601318.SH,2020-10-01,11.86,11.94,12.15,11.66,187855401.46
000333.SZ,2020-10-01,31.26,31.38,31.86,30.91,1429773757.93
600036.SH,2020-10-01,105.44,105.05,105.93,105.22,364289032.0
002415.SZ,2020-10-01,16.64,16.72,16.86,16.49,257076465.33
600276.SH,2020-10-01,60.82,61.0,61.24,60.35,1798994244.72
002594.SZ,2020-10-01,151.28,151.98,152.62,151.15,1986465846.74
601012.SH,2020-10-01,131.22,130.63,131.73,129.63,852597769.13
600887.SH,2020-10-01,60.59,60.75,61.74,60.56,2718748169.45
000002.SZ,2020-10-01,119.09,119.2,119.85,118.32,4302534140.92
600519.SH,2020-10-02,166.3,166.5,169.09,165.94,697815616.85
000858.SZ,2020-10-02,35.47,35.64,36.17,35.07,1339584564.64
300750.SZ,2020-10-02,57.25,57.04,57.66,56.57,869673812.74
601318.SH,2020-10-02,12.25,12.2,12.39,11.78,562772406.27
000333.SZ,2020-10-02,31.1,31.31,31.42,30.66,583367010.44
600036.SH,2020-10-02,105.76,105.79,106.18,101.97,2218672071.47
002415.SZ,2020-10-02,16.44,16.38,16.86,16.09,769422721.26
600276.SH,2020-10-02,60.19,60.79,60.32,59.34,509931759.58
002594.SZ,2020-10-02,148.21,148.9,150.12,146.07,5981190279.52
601012.SH,2020-10-02,129.51,130.68,131.89,128.6,1974859044.06
600887.SH,2020-10-02,60.33,60.74,61.39,59.84,3010537778.15
000002.SZ,2020-10-02,117.21,117.38,118.77,117.01,4735517667.98
600519.SH,2020-10-05,166.49,167.69,172.17,164.36,6313290273.7
000858.SZ,2020-10-05,33.88,34.0,34.15,33.31,1596625655.16
300750.SZ,2020-10-05,57.89,58.05,58.24,55.77,270666047.56
601318.SH,2020-10-05,12.31,12.28,12.55,12.11,451090083.11
000333.SZ,2020-10-05,31.46,31.86,31.52,31.13,607894610.55
600036.SH,2020-10-05,104.59,104.75,104.73,102.14,5135535355.88
002415.SZ,2020-10-05,16.24,16.33,16.72,15.98,301509491.84
600276.SH,2020-10-05,61.69,61.95,63.42,61.29,3017212716.18
002594.SZ,2020-10-05,147.71,148.52,151.19,147.62,481451844.62
601012.SH,2020-10-05,136.0,135.69,136.91,133.88,1324711066.77
600887.SH,2020-10-05,58.24,58.35,58.44,58.18,730830998.94
000002.SZ,2020-10-05,116.54,116.3,117.78,114.37,2119465894.58
600519.SH,2020-10-06,161.88,163.05,166.75,161.59,491871500.73
000858.SZ,2020-10-06,33.23,33.27,33.25,33.16,734462921.18
300750.SZ,2020-10-06,56.77,57.15,57.48,55.85,2521310551.36
601318.SH,2020-10-06,12.17,12.12,12.38,12.03,185246861.44
000333.SZ,2020-10-06,32.1,32.11,32.52,31.33,695335837.3
600036.SH,2020-10-06,101.65,102.19,101.65,100.35,5021286890.71
002415.SZ,2020-10-06,16.5,16.45,16.91,16.49,488242490.1
600276.SH,2020-10-06,59.5,59.31,60.83,57.87,2552580814.81
002594.SZ,2020-10-06,146.29,145.74,147.45,144.52,613463296.4
601012.SH,2020-10-06,140.56,140.76,143.09,138.24,736337549.79
600887.SH,2020-10-06,58.94,58.82,59.15,58.65,1890462923.53
000002.SZ,2020-10-06,117.4,116.85,117.68,116.67,356623542.17
600519.SH,2020-10-07,164.52,164.55,169.24,163.62,1103485857.99
000858.SZ,2020-10-07,33.72,33.53,33.86,33.49,1248736151.89
300750.SZ,2020-10-07,57.69,57.56,57.96,56.81,443190787.23
601318.SH,2020-10-07,12.6,12.47,12.9,12.43,225016531.54
000333.SZ,2020-10-07,31.28,31.22,31.5,31.1,890399678.04
600036.SH,2020-10-07,101.52,100.57,102.15,100.94,2690351422.57
002415.SZ,2020-10-07,16.77,16.7,16.99,16.65,625761815.61
600276.SH,2020-10-07,60.65,60.19,61.82,60.57,427183376.84
002594.SZ,2020-10-07,148.4,148.73,151.4,145.49,3660304639.79
601012.SH,2020-10-07,145.22,144.82,145.39,142.47,3317944657.82
600887.SH,2020-10-07,58.24,58.19,58.73,56.06,1926697419.55
000002.SZ,2020-10-07,113.49,113.77,114.64,112.79,1934614011.55
600519.SH,2020-10-08,169.83,169.39,169.89,168.73,7976925977.32
000858.SZ,2020-10-08,33.74,33.54,34.03,33.37,500445707.85
300750.SZ,2020-10-08,56.93,57.11,58.18,55.7,1459368908.78
601318.SH,2020-10-08,12.62,12.65,12.86,12.5,446135296.76
000333.SZ,2020-10-08,30.96,31.09,31.48,30.87,590237611.61
600036.SH,2020-10-08,104.12,104.11,104.21,103.76,4121787192.99
002415.SZ,2020-10-08,17.15,17.18,17.33,16.94,258855612.86
600276.SH,2020-10-08,61.15,61.29,62.14,61.01,2461414662.58
002594.SZ,2020-10-08,150.48,150.12,153.37,148.54,189964943.86
601012.SH,2020-10-08,145.41,146.38,147.54,143.16,7067775117.84
600887.SH,2020-10-08,59.76,59.53,60.17,58.69,615013676.86
000002.SZ,2020-10-08,106.84,107.36,108.17,105.96,3353589252.2
600519.SH,2020-10-09,164.96,164.05,168.5,164.37,4386021447.92
000858.SZ,2020-10-09,33.72,33.93,34.21,33.48,1484334680.28
300750.SZ,2020-10-09,56.37,56.12,57.44,55.38,2339120051.92
601318.SH,2020-10-09,12.33,12.28,12.49,12.24,591045143.96
000333.SZ,2020-10-09,31.45,31.38,31.57,30.64,39288640.95
600036.SH,2020-10-09,101.63,101.2,102.22,101.26,3696548156.63
002415.SZ,2020-10-09,17.25,17.28,17.49,16.99,508941462.32
600276.SH,2020-10-09,61.37,61.21,61.88,60.51,2707825455.28
002594.SZ,2020-10-09,150.78,150.8,153.9,150.68,2492426250.82
601012.SH,2020-10-09,142.47,142.6,142.69,139.02,6105709873.6
600887.SH,2020-10-09,59.5,58.97,59.71,59.36,1668997870.18
000002.SZ,2020-10-09,110.18,109.29,112.22,109.52,1704541821.29
600519.SH,2020-10-12,167.28,166.09,169.51,167.0,6119215661.38
000858.SZ,2020-10-12,34.55,34.87,34.92,34.45,762928997.34
300750.SZ,2020-10-12,56.28,55.94,56.7,54.71,1153893510.53
601318.SH,2020-10-12,11.81,11.71,11.82,11.75,333710052.81
000333.SZ,2020-10-12,31.1,31.09,31.34,31.03,1256768498.65
600036.SH,2020-10-12,101.3,100.71,101.36,99.48,2623752440.89
002415.SZ,2020-10-12,17.82,17.87,18.13,17.76,296826646.59
600276.SH,2020-10-12,63.14,62.55,63.35,62.65,2813528722.73
002594.SZ,2020-10-12,152.45,151.7,154.95,150.69,6653757965.26
601012.SH,2020-10-12,139.49,138.61,141.96,135.66,5004002853.54
600887.SH,2020-10-12,59.72,60.13,60.6,59.24,737498671.8
000002.SZ,2020-10-12,109.51,109.76,109.95,107.81,2797601762.02
600519.SH,2020-10-13,166.34,165.78,168.92,164.57,3522858391.05
000858.SZ,2020-10-13,33.5,33.89,34.1,33.11,843238407.56
300750.SZ,2020-10-13,56.97,56.74,57.52,56.48,1369080454.0
601318.SH,2020-10-13,11.8,11.87,11.82,11.66,192882071.36
000333.SZ,2020-10-13,31.74,31.61,31.94,31.35,321003286.78
600036.SH,2020-10-13,97.65,97.87,98.84,97.15,1688899654.69
002415.SZ,2020-10-13,17.33,17.35,17.56,16.92,607110731.69
600276.SH,2020-10-13,68.93,68.37,70.21,68.84,1580064469.19
002594.SZ,2020-10-13,149.18,148.85,154.94,146.25,7240896529.86
601012.SH,2020-10-13,140.56,140.96,143.88,137.67,6526945603.81
600887.SH,2020-10-13,60.41,60.16,60.75,59.31,361164469.03
000002.SZ,2020-10-13,106.88,107.48,108.26,105.62,1382204511.14
600519.SH,2020-10-14,173.61,173.81,177.15,172.21,6666448569.94
000858.SZ,2020-10-14,33.47,33.58,33.56,32.94,1484086112.85
300750.SZ,2020-10-14,57.21,56.97,57.8,56.69,2068541224.02
601318.SH,2020-10-14,12.35,12.32,12.4,12.32,589865184.44
000333.SZ,2020-10-14,31.13,31.02,31.57,30.77,618239914.79
600036.SH,2020-10-14,96.5,97.34,96.65,96.13,3662738852.12
002415.SZ,2020-10-14,17.19,17.14,17.45,17.09,242563158.8
600276.SH,2020-10-14,66.6,66.44,67.17,66.02,1806118420.25
002594.SZ,2020-10-14,150.28,150.26,152.2,149.57,2876384753.71
601012.SH,2020-10-14,142.3,141.93,144.91,141.39,3705800945.7
600887.SH,2020-10-14,60.71,60.7,62.04,60.35,1926097105.25
000002.SZ,2020-10-14,108.68,108.75,109.11,108.66,54831999.66
600519.SH,2020-10-15,177.46,178.01,183.06,176.49,7582932087.8
000858.SZ,2020-10-15,33.77,33.74,34.14,33.37,411135831.78
300750.SZ,2020-10-15,56.89,56.99,57.89,55.74,301853705.98
601318.SH,2020-10-15,12.73,12.79,12.81,12.61,266045110.62
000333.SZ,2020-10-15,30.6,30.72,30.64,30.34,942287251.69
600036.SH,2020-10-15,99.92,100.33,102.65,98.79,4653996480.55
002415.SZ,2020-10-15,17.12,17.15,17.35,17.02,42772573.51
600276.SH,2020-10-15,67.91,67.53,68.25,67.31,3141861497.19
002594.SZ,2020-10-15,157.22,157.61,158.8,156.21,5435678760.14
601012.SH,2020-10-15,134.31,134.17,135.23,130.69,2352611567.08
600887.SH,2020-10-15,60.45,60.05,60.89,59.78,1105347579.88
000002.SZ,2020-10-15,107.64,106.75,112.03,106.44,4734555852.53
600519.SH,2020-10-16,185.12,187.45,187.42,184.2,6013717259.24
000858.SZ,2020-10-16,33.44,33.12,33.79,32.91,1439822495.56
300750.SZ,2020-10-16,60.8,60.65,61.69,59.99,277132329.96
601318.SH,2020-10-16,12.25,12.19,12.31,12.15,160043571.71
000333.SZ,2020-10-16,30.89,31.02,31.04,30.34,447826080.57
600036.SH,2020-10-16,99.01,99.09,100.28,98.02,3021133783.5
002415.SZ,2020-10-16,17.34,17.42,17.77,17.29,677745426.67
600276.SH,2020-10-16,66.98,66.86,68.19,66.48,341124639.7
002594.SZ,2020-10-16,155.52,154.66,155.6,154.9,4459131856.04
601012.SH,2020-10-16,128.26,128.43,128.87,126.76,5090998629.52
600887.SH,2020-10-16,60.64,60.5,60.98,60.53,2783026955.22
000002.SZ,2020-10-16,103.66,103.89,104.37,103.0,3938160341.17
600519.SH,2020-10-19,179.15,179.22,182.39,176.7,4272019051.09
000858.SZ,2020-10-19,33.53,33.33,34.03,33.33,637830537.13
300750.SZ,2020-10-19,60.65,60.37,62.41,59.79,922988263.63
601318.SH,2020-10-19,12.57,12.58,12.78,12.39,445585828.51
000333.SZ,2020-10-19,29.86,29.77,30.15,29.38,704312508.45
600036.SH,2020-10-19,100.1,100.04,101.46,100.03,2060545411.34
002415.SZ,2020-10-19,17.49,17.29,17.74,17.41,233558538.07
600276.SH,2020-10-19,66.51,65.89,68.13,65.13,1622514247.15
002594.SZ,2020-10-19,152.47,153.58,153.63,152.14,1616905911.24
601012.SH,2020-10-19,128.07,128.37,129.86,126.87,6365700097.8
600887.SH,2020-10-19,62.01,61.94,62.4,60.75,1436946171.76
000002.SZ,2020-10-19,102.74,102.51,104.4,100.71,3161086465.73
600519.SH,2020-10-20,183.04,182.93,187.07,181.35,6359087413.41
000858.SZ,2020-10-20,33.32,33.09,33.62,33.28,1570310988.06
300750.SZ,2020-10-20,63.29,62.93,63.51,62.93,1088366689.63
601318.SH,2020-10-20,12.59,12.6,12.77,12.34,307593319.58
000333.SZ,2020-10-20,29.74,29.89,30.05,29.43,320547701.07
600036.SH,2020-10-20,96.12,95.79,96.54,95.4,4137746143.37
002415.SZ,2020-10-20,16.87,16.66,17.02,16.85,654425426.25
600276.SH,2020-10-20,67.18,67.23,67.18,65.41,2811361279.94
002594.SZ,2020-10-20,151.68,150.66,151.95,150.61,3811687019.6
601012.SH,2020-10-20,129.03,128.5,130.15,127.42,1013369257.25
600887.SH,2020-10-20,60.98,61.29,61.66,59.9,363841969.83
000002.SZ,2020-10-20,102.41,102.02,102.73,101.54,1100784595.83
600519.SH,2020-10-21,180.27,180.13,185.01,178.38,2721965526.53
000858.SZ,2020-10-21,33.58,33.44,33.95,33.49,1355281354.81
300750.SZ,2020-10-21,62.98,63.32,63.0,62.83,3083115783.48
601318.SH,2020-10-21,13.18,13.13,13.29,12.98,533538368.8
000333.SZ,2020-10-21,29.24,29.29,29.54,29.1,1044293216.59
600036.SH,2020-10-21,98.85,99.46,103.17,96.76,2566061256.71
002415.SZ,2020-10-21,16.44,16.48,17.01,16.14,32056343.71
600276.SH,2020-10-21,66.43,66.84,67.06,66.27,2740185289.07
002594.SZ,2020-10-21,148.57,148.81,149.1,146.63,4900805378.52
601012.SH,2020-10-21,133.16,133.98,134.07,132.93,4994840975.15
600887.SH,2020-10-21,61.68,62.0,62.06,61.5,109103941.81
000002.SZ,2020-10-21,102.81,102.42,105.12,102.17,923975006.94
600519.SH,2020-10-22,181.42,180.65,181.85,176.61,1431256910.17
000858.SZ,2020-10-22,32.68,32.89,32.69,32.22,1325022135.16
300750.SZ,2020-10-22,65.22,65.25,66.45,64.88,1455270669.85
601318.SH,2020-10-22,13.64,13.55,13.73,13.47,136114339.43
000333.SZ,2020-10-22,29.23,28.68,30.03,28.79,522289068.13
600036.SH,2020-10-22,98.94,99.48,100.43,98.68,2424275995.51
002415.SZ,2020-10-22,16.71,16.67,16.75,16.52,72866856.4
600276.SH,2020-10-22,66.17,66.11,66.58,64.43,2715110916.05
002594.SZ,2020-10-22,147.9,147.92,150.95,146.62,4469480355.71
601012.SH,2020-10-22,131.59,131.78,133.03,130.68,3246960205.16
600887.SH,2020-10-22,61.18,61.02,62.36,59.55,2823516295.81
000002.SZ,2020-10-22,101.64,102.05,102.58,99.42,3698271463.69
600519.SH,2020-10-23,184.82,183.47,187.26,179.74,2490410877.51
000858.SZ,2020-10-23,32.43,32.17,32.75,32.36,1245578226.56
300750.SZ,2020-10-23,64.55,65.02,64.79,63.45,2176043254.61
601318.SH,2020-10-23,13.44,13.31,13.46,13.25,422969650.79
000333.SZ,2020-10-23,28.15,28.25,28.6,27.7,724388276.18
600036.SH,2020-10-23,102.84,103.63,104.24,102.62,4878333930.4
002415.SZ,2020-10-23,16.93,16.9,17.1,16.87,800985775.1
600276.SH,2020-10-23,67.64,67.03,68.12,65.88,484311323.12
002594.SZ,2020-10-23,146.01,144.78,146.17,142.02,770070882.82
601012.SH,2020-10-23,136.44,137.47,137.57,133.6,6528885702.03
600887.SH,2020-10-23,61.43,61.49,61.96,61.31,994042626.85
000002.SZ,2020-10-23,105.38,106.15,106.21,104.09,4865584801.54
600519.SH,2020-10-26,184.85,183.45,187.36,180.04,1372092501.7
000858.SZ,2020-10-26,32.41,32.33,32.75,31.83,498375001.25
300750.SZ,2020-10-26,63.73,64.26,63.97,63.02,2007115102.02
601318.SH,2020-10-26,13.47,13.48,13.61,13.33,145685802.76
000333.SZ,2020-10-26,28.32,28.14,28.88,28.14,157418662.51
600036.SH,2020-10-26,106.73,107.92,108.99,105.15,2845822899.8
002415.SZ,2020-10-26,17.59,17.71,18.06,17.49,810614241.73
600276.SH,2020-10-26,67.82,68.02,68.84,65.37,2332370288.47
002594.SZ,2020-10-26,150.54,150.85,151.75,149.06,768242151.66
601012.SH,2020-10-26,127.24,126.43,128.97,126.1,6052413201.31
600887.SH,2020-10-26,60.74,60.51,61.07,59.46,853089623.49
000002.SZ,2020-10-26,106.09,106.63,106.74,106.08,2032917204.7
600519.SH,2020-10-27,189.04,189.19,189.55,185.32,2319024649.61
000858.SZ,2020-10-27,32.77,32.88,32.79,32.38,100846913.51
300750.SZ,2020-10-27,63.67,63.84,64.03,63.36,1242899851.06
601318.SH,2020-10-27,13.32,13.36,13.4,13.1,585188964.89
000333.SZ,2020-10-27,27.77,27.68,27.98,27.66,796855829.55
600036.SH,2020-10-27,111.86,111.77,114.33,111.73,2708183653.56
002415.SZ,2020-10-27,18.1,18.18,18.31,18.05,670413890.18
600276.SH,2020-10-27,70.07,69.74,70.92,69.21,2294596170.52
002594.SZ,2020-10-27,150.65,150.55,151.43,145.73,3766231734.49
601012.SH,2020-10-27,125.61,126.4,127.89,124.99,5312291719.72
600887.SH,2020-10-27,61.61,61.54,61.79,61.28,2508537687.16
000002.SZ,2020-10-27,106.08,106.67,106.28,104.96,4388802253.79
600519.SH,2020-10-28,188.53,189.49,193.18,185.68,2433860698.32
000858.SZ,2020-10-28,32.77,32.53,33.14,32.59,966056666.16
300750.SZ,2020-10-28,62.7,62.77,62.83,62.41,728030471.83
601318.SH,2020-10-28,13.04,12.94,13.12,12.86,594377007.4
000333.SZ,2020-10-28,27.62,27.67,28.13,26.97,1037284014.19
600036.SH,2020-10-28,108.04,107.86,108.76,107.12,715392140.67
002415.SZ,2020-10-28,18.37,18.5,19.27,18.27,627791742.62
600276.SH,2020-10-28,71.58,71.12,71.87,71.29,3090961705.7
002594.SZ,2020-10-28,147.83,147.51,148.2,145.61,4290141898.5
601012.SH,2020-10-28,119.93,120.38,120.19,119.87,1671337928.55
600887.SH,2020-10-28,62.25,62.46,62.82,62.22,1986823169.49
000002.SZ,2020-10-28,106.76,107.49,107.47,106.24,4670318048.13
600519.SH,2020-10-29,188.72,189.64,189.57,186.97,4006580388.52
000858.SZ,2020-10-29,31.69,31.69,31.77,30.89,873556338.37
300750.SZ,2020-10-29,59.72,59.44,59.78,59.7,2583413579.89
601318.SH,2020-10-29,13.6,13.61,13.73,13.54,525760018.07
000333.SZ,2020-10-29,27.48,27.41,27.7,27.13,938603091.34
600036.SH,2020-10-29,109.46,109.45,109.95,108.99,2240842840.47
002415.SZ,2020-10-29,18.35,18.17,18.53,18.3,287089169.6
600276.SH,2020-10-29,72.35,72.49,73.28,71.84,793142654.26
002594.SZ,2020-10-29,143.18,142.94,145.02,141.92,596516546.17
601012.SH,2020-10-29,118.65,118.71,121.75,117.71,535428836.42
600887.SH,2020-10-29,60.17,60.36,60.53,59.48,1547009884.36
000002.SZ,2020-10-29,103.92,104.16,105.53,102.09,2946699896.83
600519.SH,2020-10-30,185.47,186.13,185.62,183.5,4218477838.05
000858.SZ,2020-10-30,30.28,29.99,30.8,30.25,1297757356.78
300750.SZ,2020-10-30,59.07,59.01,59.62,58.48,2680816570.71
601318.SH,2020-10-30,13.37,13.43,13.5,13.26,87750961.88
000333.SZ,2020-10-30,26.68,26.85,27.01,26.5,524770392.14
600036.SH,2020-10-30,109.15,109.16,110.3,108.85,3467305040.42
002415.SZ,2020-10-30,18.36,18.28,18.44,18.34,238944363.03
600276.SH,2020-10-30,70.88,71.23,70.92,69.71,2952253122.22
002594.SZ,2020-10-30,150.45,149.0,151.65,149.72,2926288697.76
601012.SH,2020-10-30,120.84,120.93,121.1,119.26,5765833308.43
600887.SH,2020-10-30,61.89,62.28,63.68,61.58,1967297847.28
000002.SZ,2020-10-30,103.12,102.57,104.74,100.62,3298526621.67
600519.SH,2020-11-02,189.71,189.02,190.07,189.46,5510903995.56
000858.SZ,2020-11-02,30.87,30.97,31.63,30.45,1120333420.36
300750.SZ,2020-11-02,57.59,57.35,58.85,55.17,2863889224.37
601318.SH,2020-11-02,13.14,13.14,13.33,12.86,199522012.39
000333.SZ,2020-11-02,28.64,28.6,29.16,28.29,1250770699.33
600036.SH,2020-11-02,108.08,108.21,110.79,106.99,4561171052.3
002415.SZ,2020-11-02,18.59,18.31,18.81,18.17,785757173.1
600276.SH,2020-11-02,70.53,70.99,70.71,70.24,2098908760.53
002594.SZ,2020-11-02,153.65,154.6,157.6,151.72,6837581774.0
601012.SH,2020-11-02,117.9,118.5,118.49,116.17,702282943.53
600887.SH,2020-11-02,60.36,60.64,61.02,59.34,929792269.71
000002.SZ,2020-11-02,106.09,106.07,107.34,105.68,3944959333.37
600519.SH,2020-11-03,190.75,189.82,192.31,185.7,1462994498.43
000858.SZ,2020-11-03,28.97,28.95,29.41,28.6,430905097.58
300750.SZ,2020-11-03,57.65,57.29,59.42,57.04,1674296308.54
601318.SH,2020-11-03,13.09,12.99,13.21,13.0,448960712.98
000333.SZ,2020-11-03,29.16,29.03,29.23,28.43,554353349.84
600036.SH,2020-11-03,109.0,109.53,110.87,107.82,5026895553.32
002415.SZ,2020-11-03,18.76,18.9,18.88,18.59,125624147.66
600276.SH,2020-11-03,70.72,70.86,71.85,70.0,126247074.93
002594.SZ,2020-11-03,154.85,154.94,157.34,152.46,4621821233.0
601012.SH,2020-11-03,114.56,114.79,117.39,113.99,1184050368.35
600887.SH,2020-11-03,59.16,58.66,59.82,58.78,1388889681.51
000002.SZ,2020-11-03,103.88,104.17,104.93,101.53,3943842020.16
600519.SH,2020-11-04,184.45,183.16,185.86,178.69,7006821972.94
000858.SZ,2020-11-04,29.56,29.74,29.79,29.54,819942140.34
300750.SZ,2020-11-04,59.24,59.07,59.51,58.99,2863762448.02
601318.SH,2020-11-04,13.3,13.23,13.37,13.2,135187054.12
000333.SZ,2020-11-04,28.74,28.76,29.39,28.71,208076121.56
600036.SH,2020-11-04,107.6,107.42,110.35,105.11,1364994787.01
002415.SZ,2020-11-04,18.56,18.44,18.9,18.33,774725998.36
600276.SH,2020-11-04,72.72,72.02,73.74,72.41,3581479569.91
002594.SZ,2020-11-04,156.96,156.93,158.65,154.9,2708425737.24
601012.SH,2020-11-04,119.6,119.3,120.72,118.4,3220859628.41
600887.SH,2020-11-04,57.76,57.37,58.71,57.45,1463749701.99
000002.SZ,2020-11-04,103.35,103.22,103.47,100.89,260766312.0
600519.SH,2020-11-05,178.72,179.12,183.92,178.42,7402527337.97
000858.SZ,2020-11-05,28.53,28.7,28.8,28.07,1112963470.17
300750.SZ,2020-11-05,59.04,58.96,59.39,57.82,2258520152.35
601318.SH,2020-11-05,13.19,13.17,13.22,13.19,111079223.13
000333.SZ,2020-11-05,28.38,28.31,28.68,27.91,461707822.27
600036.SH,2020-11-05,103.52,104.25,105.1,103.27,5141750273.26
002415.SZ,2020-11-05,18.66,18.75,18.71,18.56,802316086.91
600276.SH,2020-11-05,72.25,71.85,73.55,71.83,2305578927.85
002594.SZ,2020-11-05,160.63,159.87,161.43,160.33,5804142013.09
601012.SH,2020-11-05,121.3,121.14,122.36,120.97,1519997258.37
600887.SH,2020-11-05,55.89,56.18,56.33,55.59,2707833468.16
000002.SZ,2020-11-05,104.42,104.29,106.07,103.28,5035974773.37
600519.SH,2020-11-06,176.14,178.05,179.18,175.51,4763357458.86
000858.SZ,2020-11-06,29.63,29.42,30.17,29.54,718707523.27
300750.SZ,2020-11-06,59.02,59.33,59.54,58.56,230584957.29
601318.SH,2020-11-06,13.03,13.15,13.15,12.7,370327692.3
000333.SZ,2020-11-06,28.11,28.13,28.36,27.91,937722947.26
600036.SH,2020-11-06,99.69,99.17,100.67,98.9,2134612898.62
002415.SZ,2020-11-06,19.26,19.28,19.75,18.93,454695939.19
600276.SH,2020-11-06,76.11,75.99,76.57,76.05,164565814.01
002594.SZ,2020-11-06,153.77,153.11,154.1,153.24,178059575.74
601012.SH,2020-11-06,120.6,120.29,121.83,117.94,3960388076.95
600887.SH,2020-11-06,55.77,56.22,55.8,55.07,2641260406.96
000002.SZ,2020-11-06,102.92,102.95,104.06,102.42,2569466895.3
600519.SH,2020-11-09,181.59,182.77,185.73,176.6,2456173703.77
000858.SZ,2020-11-09,30.57,30.7,31.38,30.1,490529633.32
300750.SZ,2020-11-09,58.69,58.66,60.22,58.14,1998898465.6
601318.SH,2020-11-09,13.72,13.77,13.87,13.66,566163604.52
000333.SZ,2020-11-09,28.15,28.17,28.82,27.66,1080068914.04
600036.SH,2020-11-09,99.14,99.34,99.62,97.34,4654284680.4
002415.SZ,2020-11-09,19.41,19.41,19.45,19.07,479801725.78
600276.SH,2020-11-09,74.73,74.64,76.13,73.74,813540029.0
002594.SZ,2020-11-09,159.43,158.31,160.18,155.62,6892906396.25
601012.SH,2020-11-09,122.52,123.01,125.12,118.16,950899962.89
600887.SH,2020-11-09,55.3,55.51,56.02,55.16,949960901.6
000002.SZ,2020-11-09,102.5,103.25,103.11,100.45,2364549601.66
600519.SH,2020-11-10,177.56,177.78,178.01,175.34,5416265402.22
000858.SZ,2020-11-10,30.79,30.89,31.09,30.35,206234389.16
300750.SZ,2020-11-10,56.82,56.62,57.35,56.58,2411132291.22
601318.SH,2020-11-10,13.72,13.71,13.91,13.45,242990220.26
000333.SZ,2020-11-10,27.8,27.81,28.45,27.35,7982230.11
600036.SH,2020-11-10,100.59,100.49,100.85,98.43,1002428725.15
002415.SZ,2020-11-10,19.92,19.83,19.96,19.58,343673874.94
600276.SH,2020-11-10,76.24,76.94,77.81,75.88,1422584271.77
002594.SZ,2020-11-10,159.02,158.84,160.13,157.54,4811544423.2
601012.SH,2020-11-10,120.41,120.59,121.79,119.9,1002668326.31
600887.SH,2020-11-10,54.91,55.39,55.09,53.94,834978165.57
000002.SZ,2020-11-10,102.51,103.55,105.67,98.64,4936972952.2
600519.SH,2020-11-11,179.81,180.46,180.97,177.93,5247441243.53
000858.SZ,2020-11-11,30.37,30.1,30.5,30.16,914155984.25
300750.SZ,2020-11-11,55.47,55.13,55.59,55.29,1813543461.69
601318.SH,2020-11-11,13.79,13.75,14.31,13.63,630952203.07
000333.SZ,2020-11-11,28.75,28.74,29.07,28.35,1135553745.22
600036.SH,2020-11-11,105.35,105.09,108.59,104.94,1366207604.18
002415.SZ,2020-11-11,20.33,20.36,20.57,20.14,310722573.09
600276.SH,2020-11-11,74.39,74.14,75.46,73.57,619118236.38
002594.SZ,2020-11-11,164.7,165.49,165.08,162.48,3354008861.36
601012.SH,2020-11-11,117.92,118.0,118.29,116.45,5274353038.45
600887.SH,2020-11-11,53.88,54.14,54.75,53.32,1541667962.96
000002.SZ,2020-11-11,103.65,103.04,103.74,102.54,4810791836.43
600519.SH,2020-11-12,173.7,172.95,176.68,171.62,7507322632.01
000858.SZ,2020-11-12,30.99,31.11,31.62,30.83,1118046276.37
300750.SZ,2020-11-12,55.43,55.39,55.48,54.25,1341253849.11
601318.SH,2020-11-12,13.93,13.98,14.04,13.92,612564868.51
000333.SZ,2020-11-12,28.18,28.0,28.54,27.39,179824238.43
600036.SH,2020-11-12,107.63,107.43,107.7,106.7,188283907.5
002415.SZ,2020-11-12,20.6,20.48,20.82,20.11,739951210.7
600276.SH,2020-11-12,73.75,73.95,73.99,71.68,3593684272.9
002594.SZ,2020-11-12,168.67,169.76,170.67,167.55,7964231338.39
601012.SH,2020-11-12,110.14,110.47,111.53,108.94,4515467503.59
600887.SH,2020-11-12,54.4,53.92,55.49,54.29,896510881.67
000002.SZ,2020-11-12,103.43,104.74,105.89,102.24,4545857535.38
600519.SH,2020-11-13,170.33,169.64,172.65,167.86,1910513754.41
000858.SZ,2020-11-13,31.14,31.29,31.78,31.06,1533910335.13
300750.SZ,2020-11-13,56.15,56.08,57.65,55.58,1791398941.83
601318.SH,2020-11-13,13.68,13.76,13.95,13.23,443435693.77
000333.SZ,2020-11-13,28.11,28.04,28.5,27.55,1107329909.61
600036.SH,2020-11-13,107.57,107.99,107.77,106.93,1905159896.15
002415.SZ,2020-11-13,20.81,20.83,20.86,20.65,950048426.84
600276.SH,2020-11-13,76.05,76.4,76.11,74.77,2965086327.13
002594.SZ,2020-11-13,166.8,166.7,167.01,166.54,4700828924.26
601012.SH,2020-11-13,113.82,113.51,116.19,112.62,3624526158.09
600887.SH,2020-11-13,52.65,52.19,53.28,51.34,1699722234.44
000002.SZ,2020-11-13,104.26,104.83,104.8,102.63,2553833842.54
600519.SH,2020-11-16,163.09,163.79,166.3,161.61,443555121.47
000858.SZ,2020-11-16,31.21,31.42,31.47,31.08,390313991.79
300750.SZ,2020-11-16,57.19,56.92,57.77,56.36,180271287.82
601318.SH,2020-11-16,14.38,14.47,14.87,14.17,583823414.37
000333.SZ,2020-11-16,28.16,28.14,28.7,27.9,327640508.11
600036.SH,2020-11-16,105.61,105.3,107.5,104.66,1471333171.06
002415.SZ,2020-11-16,21.36,21.46,21.77,21.05,845321119.99
600276.SH,2020-11-16,76.16,75.49,76.43,75.51,1789327300.11
002594.SZ,2020-11-16,167.3,167.03,169.42,165.79,6912172209.63
601012.SH,2020-11-16,116.49,117.52,117.49,115.77,126123164.8
600887.SH,2020-11-16,54.12,53.9,54.19,54.1,1839613677.45
000002.SZ,2020-11-16,99.79,100.86,103.94,98.43,2116905552.78
600519.SH,2020-11-17,163.39,163.8,164.3,162.64,2083098365.59
000858.SZ,2020-11-17,31.22,31.39,31.61,30.78,300457368.6
300750.SZ,2020-11-17,55.69,55.76,56.13,55.65,906480627.71
601318.SH,2020-11-17,13.81,13.87,13.87,13.78,172611544.98
000333.SZ,2020-11-17,28.12,28.17,28.26,27.47,515919044.91
600036.SH,2020-11-17,104.44,104.59,105.64,102.92,2609301379.76
002415.SZ,2020-11-17,20.98,21.07,21.72,20.87,56882107.4
600276.SH,2020-11-17,75.94,77.25,77.34,73.96,3106596161.81
002594.SZ,2020-11-17,165.91,165.0,171.28,165.16,4932065434.52
601012.SH,2020-11-17,116.6,116.74,118.38,113.93,4991147722.85
600887.SH,2020-11-17,56.28,56.42,56.73,56.21,1371333506.47
000002.SZ,2020-11-17,99.77,99.64,101.75,99.56,4214195774.58
600519.SH,2020-11-18,171.15,171.76,174.9,166.96,3000212331.64
000858.SZ,2020-11-18,32.2,31.97,32.24,31.42,501474699.56
300750.SZ,2020-11-18,57.06,57.71,57.55,55.9,2495818792.23
601318.SH,2020-11-18,13.56,13.55,13.8,13.36,582224483.21
000333.SZ,2020-11-18,27.93,27.87,28.38,27.23,605221787.79
600036.SH,2020-11-18,102.09,102.91,102.56,98.26,3228928048.57
002415.SZ,2020-11-18,21.21,21.27,21.4,21.19,457832416.98
600276.SH,2020-11-18,75.85,76.58,75.87,75.24,3232590516.5
002594.SZ,2020-11-18,167.83,167.02,172.32,164.9,6013930913.04
601012.SH,2020-11-18,117.54,116.5,117.61,116.6,5137842447.75
600887.SH,2020-11-18,56.54,56.84,56.55,56.32,439716460.15
000002.SZ,2020-11-18,98.93,98.99,99.68,97.17,1912494321.59
600519.SH,2020-11-19,167.07,167.52,170.54,164.69,7330311946.75
000858.SZ,2020-11-19,31.86,31.95,32.12,31.18,1104640409.32
300750.SZ,2020-11-19,58.12,57.55,59.02,56.67,1725079572.14
601318.SH,2020-11-19,13.51,13.51,13.58,13.46,193213829.78
000333.SZ,2020-11-19,27.9,27.91,28.58,27.5,838045088.09
600036.SH,2020-11-19,104.36,103.67,106.23,104.19,2618575630.3
002415.SZ,2020-11-19,21.48,21.6,21.73,20.92,962289389.14
600276.SH,2020-11-19,73.09,73.25,73.69,72.19,893852512.56
002594.SZ,2020-11-19,167.57,166.72,167.94,163.64,6153188769.14
601012.SH,2020-11-19,115.04,114.99,117.74,113.35,2039085334.22
600887.SH,2020-11-19,56.49,56.16,57.04,55.3,1868589753.88
000002.SZ,2020-11-19,99.94,99.91,103.44,96.74,3793985388.49
600519.SH,2020-11-20,169.28,168.79,169.62,166.22,118560522.28
000858.SZ,2020-11-20,33.21,33.23,33.95,32.96,262787224.78
300750.SZ,2020-11-20,57.42,57.83,57.43,56.2,2709358134.07
601318.SH,2020-11-20,13.42,13.39,13.45,13.31,130694328.48
000333.SZ,2020-11-20,28.32,28.35,28.75,27.81,1030304746.66
600036.SH,2020-11-20,106.92,106.99,107.01,106.55,2856958759.11
002415.SZ,2020-11-20,20.94,21.04,21.03,20.32,796301692.01
600276.SH,2020-11-20,74.38,74.65,77.27,72.7,1385315495.9
002594.SZ,2020-11-20,170.44,169.95,172.28,169.76,3518246769.11
601012.SH,2020-11-20,114.66,115.37,115.7,113.82,2762423784.15
600887.SH,2020-11-20,56.13,55.51,56.92,55.39,1175883694.21
000002.SZ,2020-11-20,101.82,102.25,103.97,99.62,1725664225.22
600519.SH,2020-11-23,171.17,170.78,171.24,169.03,405195111.66
000858.SZ,2020-11-23,33.55,33.63,33.99,32.77,1378063538.2
300750.SZ,2020-11-23,56.39,56.46,57.09,56.07,143008969.53
601318.SH,2020-11-23,12.85,12.84,13.0,12.7,378664961.19
000333.SZ,2020-11-23,28.26,28.4,28.8,27.92,1358675495.61
600036.SH,2020-11-23,106.25,106.74,108.67,105.08,1144853982.99
002415.SZ,2020-11-23,21.19,21.21,21.68,20.95,717833662.73
600276.SH,2020-11-23,73.0,73.03,74.04,72.25,2036983166.42
002594.SZ,2020-11-23,173.23,174.41,176.09,172.57,2465161161.92
601012.SH,2020-11-23,115.89,115.66,116.89,115.77,4939368786.86
600887.SH,2020-11-23,55.11,55.37,56.07,54.6,2255380032.91
000002.SZ,2020-11-23,104.28,104.67,104.46,103.99,311213746.25
600519.SH,2020-11-24,169.79,169.17,172.64,161.86,6116618659.4
000858.SZ,2020-11-24,32.99,33.09,33.32,32.42,909555958.25
300750.SZ,2020-11-24,56.78,56.92,58.37,56.01,1480138070.67
601318.SH,2020-11-24,12.85,12.89,13.02,12.83,63742166.46
000333.SZ,2020-11-24,27.64,27.66,27.91,27.55,728427066.33
600036.SH,2020-11-24,107.95,107.53,108.03,107.39,171906086.51
002415.SZ,2020-11-24,21.19,21.26,21.3,21.04,992790285.67
600276.SH,2020-11-24,71.65,71.91,72.9,71.54,3488344359.03
002594.SZ,2020-11-24,165.72,165.57,168.35,159.95,3430088054.22
601012.SH,2020-11-24,117.19,116.56,119.0,117.08,2277560566.44
600887.SH,2020-11-24,55.28,54.96,55.35,55.15,1676123118.4
000002.SZ,2020-11-24,104.64,104.87,105.28,104.03,820890903.72
600519.SH,2020-11-25,175.72,175.94,179.39,174.23,2208050791.23
000858.SZ,2020-11-25,30.95,30.98,31.63,30.23,446288660.85
300750.SZ,2020-11-25,58.61,58.27,59.65,56.98,2794217648.56
601318.SH,2020-11-25,13.3,13.33,13.33,13.22,246117432.92
000333.SZ,2020-11-25,26.98,26.94,27.02,26.9,1148002434.9
600036.SH,2020-11-25,110.74,111.99,112.41,107.89,4888202834.04
002415.SZ,2020-11-25,20.77,20.81,20.78,20.7,564148628.5
600276.SH,2020-11-25,69.82,69.88,70.31,69.38,2024597281.32
002594.SZ,2020-11-25,165.39,164.34,165.63,165.0,5085512569.69
601012.SH,2020-11-25,122.6,121.9,124.16,121.69,1197254814.71
600887.SH,2020-11-25,55.81,55.94,56.04,55.23,1541795692.14
000002.SZ,2020-11-25,104.83,105.12,106.01,101.95,1594099691.39
600519.SH,2020-11-26,179.7,179.98,180.95,179.06,4997567695.54
000858.SZ,2020-11-26,30.48,30.37,30.49,29.91,600678734.56
300750.SZ,2020-11-26,60.83,60.79,61.5,59.84,917329083.6
601318.SH,2020-11-26,13.82,13.84,14.3,13.7,579184039.85
000333.SZ,2020-11-26,27.28,27.49,27.93,27.05,927039206.94
600036.SH,2020-11-26,108.62,108.68,110.64,106.43,4997700878.71
002415.SZ,2020-11-26,21.34,21.37,21.76,21.34,8949970.18
600276.SH,2020-11-26,70.37,70.83,71.08,69.95,3275000450.19
002594.SZ,2020-11-26,168.13,168.53,173.11,164.34,6987174420.57
601012.SH,2020-11-26,126.14,125.71,127.49,123.0,3887775456.38
600887.SH,2020-11-26,56.44,56.39,58.08,55.55,1693432874.17
000002.SZ,2020-11-26,102.51,103.03,104.4,100.92,2103521464.29
600519.SH,2020-11-27,186.49,184.96,188.05,184.68,2070023848.58
000858.SZ,2020-11-27,30.71,31.1,30.89,30.62,1161063318.43
300750.SZ,2020-11-27,61.35,61.21,61.4,60.22,1945587860.73
601318.SH,2020-11-27,14.04,13.94,14.24,13.57,240936648.11
000333.SZ,2020-11-27,27.5,27.69,27.84,27.18,613419254.02
600036.SH,2020-11-27,110.7,111.36,110.8,110.64,1733566274.23
002415.SZ,2020-11-27,21.46,21.55,21.53,20.92,850482172.24
600276.SH,2020-11-27,70.09,70.1,70.88,67.96,1592218029.59
002594.SZ,2020-11-27,165.9,165.47,170.3,164.24,196904744.11
601012.SH,2020-11-27,124.59,124.7,127.29,122.52,2211412880.71
600887.SH,2020-11-27,56.06,56.25,56.42,54.06,432150610.18
000002.SZ,2020-11-27,105.1,105.31,107.14,101.29,3155355018.25
600519.SH,2020-11-30,185.01,185.27,187.97,184.79,7938109252.7
000858.SZ,2020-11-30,30.64,30.75,30.98,30.5,948360477.29
300750.SZ,2020-11-30,61.23,60.63,62.23,61.15,2885990090.95
601318.SH,2020-11-30,14.24,14.24,14.24,14.14,163954550.34
000333.SZ,2020-11-30,27.96,27.96,29.51,27.9,882030364.19
600036.SH,2020-11-30,116.22,116.58,116.87,116.07,4845212687.49
002415.SZ,2020-11-30,20.72,20.78,20.74,20.7,243729526.77
600276.SH,2020-11-30,69.73,69.35,71.11,69.12,165190463.64
002594.SZ,2020-11-30,168.36,166.32,168.79,168.16,321010318.41
601012.SH,2020-11-30,119.41,120.31,121.59,119.04,2431332184.4
600887.SH,2020-11-30,58.53,58.39,59.31,57.89,1162979635.77
000002.SZ,2020-11-30,104.85,105.11,105.84,104.01,331896721.5
600519.SH,2020-12-01,181.43,179.36,183.85,178.45,7956180293.77
000858.SZ,2020-12-01,31.4,31.53,31.88,30.94,918013951.31
300750.SZ,2020-12-01,57.9,57.67,57.98,57.89,40795411.96
601318.SH,2020-12-01,14.32,14.35,14.45,14.14,77555280.01
000333.SZ,2020-12-01,27.29,27.59,27.35,26.84,1028651107.36
600036.SH,2020-12-01,116.24,116.41,120.24,114.78,4450043057.02
002415.SZ,2020-12-01,20.92,20.94,21.28,20.68,208052035.86
600276.SH,2020-12-01,71.14,71.01,72.11,68.04,138367128.47
002594.SZ,2020-12-01,170.18,169.77,170.39,168.11,4889094997.06
601012.SH,2020-12-01,125.69,125.25,125.89,122.14,6238965518.61
600887.SH,2020-12-01,58.65,58.64,58.84,58.04,865540585.68
000002.SZ,2020-12-01,104.0,103.81,106.68,103.04,1744772468.85
600519.SH,2020-12-02,187.08,186.23,188.75,186.79,6198491816.55
000858.SZ,2020-12-02,31.37,31.48,31.56,30.79,640385019.73
300750.SZ,2020-12-02,58.53,58.45,59.3,57.94,2884534921.45
601318.SH,2020-12-02,12.92,12.9,13.21,12.88,528949132.91
000333.SZ,2020-12-02,27.61,27.59,28.0,26.9,1045832707.2
600036.SH,2020-12-02,116.08,115.42,117.08,113.59,3403937061.06
002415.SZ,2020-12-02,20.71,20.77,21.1,20.49,400806413.79
600276.SH,2020-12-02,70.01,69.98,71.33,68.9,1675603399.12
002594.SZ,2020-12-02,174.11,174.42,175.77,172.28,4951458143.34
601012.SH,2020-12-02,119.34,119.33,119.97,117.56,5449237333.74
600887.SH,2020-12-02,63.3,63.25,64.4,62.93,625674679.22
000002.SZ,2020-12-02,107.06,105.84,107.11,105.0,1875095466.21
600519.SH,2020-12-03,188.9,187.06,189.82,186.82,5879532700.84
000858.SZ,2020-12-03,32.87,32.85,33.35,32.33,639740195.09
300750.SZ,2020-12-03,58.96,58.84,59.07,58.14,2827288622.97
601318.SH,2020-12-03,12.64,12.45,12.65,12.51,79681160.3
000333.SZ,2020-12-03,28.33,28.36,29.28,27.56,611330717.44
600036.SH,2020-12-03,111.39,112.22,112.8,109.79,574011527.52
002415.SZ,2020-12-03,21.03,21.16,21.45,20.87,926305724.12
600276.SH,2020-12-03,72.14,72.19,72.57,71.74,95404422.84
002594.SZ,2020-12-03,176.52,176.14,179.85,171.82,3285514624.22
601012.SH,2020-12-03,115.07,114.2,115.19,113.61,1209457329.47
600887.SH,2020-12-03,63.66,63.25,64.46,63.24,946508056.25
000002.SZ,2020-12-03,106.78,106.86,109.07,106.45,1932196071.63
600519.SH,2020-12-04,185.49,187.38,185.67,183.83,6140637991.12
000858.SZ,2020-12-04,30.99,30.92,31.87,30.85,156266633.37
300750.SZ,2020-12-04,57.24,56.97,57.46,56.15,436801338.45
601318.SH,2020-12-04,12.48,12.46,12.6,12.25,532154870.21
000333.SZ,2020-12-04,29.14,29.17,29.17,28.76,80854237.29
600036.SH,2020-12-04,119.11,118.84,119.81,118.89,5708364361.35
002415.SZ,2020-12-04,21.49,21.55,21.92,21.49,352450285.3
600276.SH,2020-12-04,70.76,70.61,71.12,70.58,2074078396.32
002594.SZ,2020-12-04,174.75,174.99,176.65,174.68,5454324872.61
601012.SH,2020-12-04,118.24,119.26,119.21,118.16,529400338.08
600887.SH,2020-12-04,64.67,64.68,64.96,64.59,2120501383.77
000002.SZ,2020-12-04,107.88,107.23,108.99,104.91,3595998329.46
600519.SH,2020-12-07,186.69,185.83,189.27,182.68,8869732606.02
000858.SZ,2020-12-07,31.93,32.01,32.69,31.47,1361885772.78
300750.SZ,2020-12-07,60.47,60.27,60.55,60.15,801753309.25
601318.SH,2020-12-07,12.49,12.48,12.5,12.4,422843440.88
000333.SZ,2020-12-07,29.27,29.43,29.44,28.84,605751903.56
600036.SH,2020-12-07,120.67,120.06,122.07,119.67,1920945974.8
002415.SZ,2020-12-07,21.25,21.12,21.46,21.16,1053295702.09
600276.SH,2020-12-07,66.91,67.01,68.89,66.31,76781799.8
002594.SZ,2020-12-07,177.0,177.08,178.06,176.61,2556274499.73
601012.SH,2020-12-07,116.13,115.55,116.76,116.06,3660722287.41
600887.SH,2020-12-07,66.83,67.06,66.94,66.19,879682520.9
000002.SZ,2020-12-07,108.42,108.49,110.13,106.9,3297913549.48
600519.SH,2020-12-08,193.77,193.22,194.64,190.37,658682489.78
000858.SZ,2020-12-08,31.26,31.15,31.55,30.85,26449783.17
300750.SZ,2020-12-08,62.21,62.22,62.88,61.9,1780562861.19
601318.SH,2020-12-08,11.99,11.98,12.01,11.88,206587008.94
000333.SZ,2020-12-08,29.97,30.02,30.51,29.49,604739540.1
600036.SH,2020-12-08,120.02,119.45,120.82,119.78,2290948220.5
002415.SZ,2020-12-08,21.76,21.66,21.98,21.72,618530421.84
600276.SH,2020-12-08,66.35,66.99,66.69,65.86,624099625.33
002594.SZ,2020-12-08,180.1,180.6,183.53,179.95,6163387541.97
601012.SH,2020-12-08,117.65,117.2,118.45,113.22,4716809959.25
600887.SH,2020-12-08,67.5,67.49,68.57,67.13,1715441029.04
000002.SZ,2020-12-08,109.68,109.02,112.05,107.22,418075769.45
600519.SH,2020-12-09,202.01,202.16,204.11,199.77,6118756667.48
000858.SZ,2020-12-09,30.84,30.87,31.24,30.79,772059804.4
300750.SZ,2020-12-09,64.43,64.68,64.87,64.04,2127989587.64
601318.SH,2020-12-09,11.89,11.81,11.99,11.6,540997646.04
000333.SZ,2020-12-09,30.89,30.86,31.16,30.37,943057369.17
600036.SH,2020-12-09,127.1,127.18,127.94,125.52,634038984.42
002415.SZ,2020-12-09,21.34,21.43,21.75,21.3,252727775.01
600276.SH,2020-12-09,62.81,63.12,63.28,61.96,2784023327.1
002594.SZ,2020-12-09,180.93,181.82,181.5,179.42,2943320104.88
601012.SH,2020-12-09,115.68,115.72,116.3,113.62,50319031.78
600887.SH,2020-12-09,66.65,66.42,67.28,65.7,1635223836.82
000002.SZ,2020-12-09,108.83,108.35,109.15,106.24,5279526706.1
600519.SH,2020-12-10,199.41,199.6,201.3,195.44,8505122347.66
000858.SZ,2020-12-10,31.96,31.58,32.14,31.55,903155893.57
300750.SZ,2020-12-10,66.27,66.15,66.71,66.12,288830990.71
601318.SH,2020-12-10,12.24,12.19,12.49,12.13,604459603.75
000333.SZ,2020-12-10,32.69,32.87,32.82,32.58,245404185.97
600036.SH,2020-12-10,124.71,125.46,127.6,120.99,2893853917.5
002415.SZ,2020-12-10,20.01,19.97,20.07,19.76,731344659.05
600276.SH,2020-12-10,66.01,66.33,66.38,65.44,2630306405.65
002594.SZ,2020-12-10,182.15,181.32,182.85,181.48,8632636770.88
601012.SH,2020-12-10,115.57,115.53,116.28,113.41,969626613.04
600887.SH,2020-12-10,63.67,63.67,65.03,62.99,3061549393.91
000002.SZ,2020-12-10,105.21,105.66,105.72,104.39,591312824.39
600519.SH,2020-12-11,202.96,204.14,205.95,200.93,1759910403.45
000858.SZ,2020-12-11,31.86,31.85,32.57,31.59,1563761939.15
300750.SZ,2020-12-11,62.74,62.76,63.51,62.39,1483694805.18
601318.SH,2020-12-11,11.96,11.99,12.21,11.95,505405219.6
000333.SZ,2020-12-11,33.57,33.48,33.65,32.64,119529313.15
600036.SH,2020-12-11,128.76,128.99,129.23,127.72,3951931743.23
002415.SZ,2020-12-11,20.13,19.94,20.4,19.95,159739127.2
600276.SH,2020-12-11,70.72,70.5,70.83,69.79,1178809635.97
002594.SZ,2020-12-11,186.92,186.85,187.43,181.3,320535533.32
601012.SH,2020-12-11,120.86,120.52,122.02,119.84,3255313132.96
600887.SH,2020-12-11,65.83,65.82,66.35,65.28,2273399918.42
000002.SZ,2020-12-11,107.45,107.59,109.12,107.31,5351027723.61
600519.SH,2020-12-14,196.27,196.75,197.91,191.54,5200063297.01
000858.SZ,2020-12-14,30.6,30.66,31.6,30.58,1025660876.12
300750.SZ,2020-12-14,61.61,61.35,63.33,61.21,1410705052.12
601318.SH,2020-12-14,12.04,12.01,12.12,11.82,590436323.74
000333.SZ,2020-12-14,33.59,33.6,33.86,33.47,1019214757.87
600036.SH,2020-12-14,130.03,129.99,132.15,127.81,1447700782.24
002415.SZ,2020-12-14,20.13,19.94,20.44,19.86,562709636.81
600276.SH,2020-12-14,71.6,71.76,71.74,70.7,895886420.08
002594.SZ,2020-12-14,191.63,192.09,193.34,191.24,9035145539.62
601012.SH,2020-12-14,120.94,121.4,122.44,119.7,1604786818.29
600887.SH,2020-12-14,65.39,65.31,65.44,64.61,2402710094.8
000002.SZ,2020-12-14,100.46,100.34,101.11,100.24,3663774914.24
600519.SH,2020-12-15,200.65,201.5,202.38,196.12,8331648108.63
000858.SZ,2020-12-15,30.03,30.31,30.04,29.99,197169594.5
300750.SZ,2020-12-15,60.24,60.47,60.72,60.16,1839057299.16
601318.SH,2020-12-15,12.31,12.32,12.4,12.07,602073839.29
000333.SZ,2020-12-15,34.37,34.13,34.8,34.34,1438170150.7
600036.SH,2020-12-15,132.31,131.97,132.8,130.46,4622329202.29
002415.SZ,2020-12-15,20.62,20.6,20.78,20.52,51447916.92
600276.SH,2020-12-15,69.68,69.26,71.0,69.66,3428826770.64
002594.SZ,2020-12-15,190.63,189.82,193.88,190.02,7059775733.32
601012.SH,2020-12-15,119.34,120.68,122.69,118.36,1834588943.29
600887.SH,2020-12-15,68.25,68.46,68.27,67.14,682755675.91
000002.SZ,2020-12-15,102.68,103.55,104.42,100.68,455715165.77
600519.SH,2020-12-16,199.52,201.01,202.17,198.45,6848190520.53
000858.SZ,2020-12-16,30.67,30.55,30.93,30.23,1080757745.67
300750.SZ,2020-12-16,60.83,60.65,61.01,60.46,1357278285.37
601318.SH,2020-12-16,12.28,12.29,12.31,12.27,147030987.53
000333.SZ,2020-12-16,34.79,34.78,36.14,34.58,1388094129.78
600036.SH,2020-12-16,135.19,134.4,138.6,135.03,3190008527.98
002415.SZ,2020-12-16,20.56,20.61,20.84,20.38,319555517.06
600276.SH,2020-12-16,67.54,66.91,68.05,67.17,3348786949.67
002594.SZ,2020-12-16,192.41,192.86,199.53,190.32,2851805107.31
601012.SH,2020-12-16,118.61,119.42,118.9,116.24,1083446964.45
600887.SH,2020-12-16,66.33,66.06,67.9,65.34,1479207236.21
000002.SZ,2020-12-16,100.76,100.55,104.24,98.24,453846012.76
600519.SH,2020-12-17,198.38,197.65,203.11,193.07,2232295429.2
000858.SZ,2020-12-17,30.71,30.69,30.91,29.96,719803485.83
300750.SZ,2020-12-17,61.71,62.04,61.89,61.71,2108987329.19
601318.SH,2020-12-17,12.22,12.32,12.37,12.12,336287563.74
000333.SZ,2020-12-17,35.2,35.54,35.34,34.53,1604702601.28
600036.SH,2020-12-17,133.99,133.82,137.27,133.17,5885141667.66
002415.SZ,2020-12-17,20.85,20.7,21.53,20.62,211631638.92
600276.SH,2020-12-17,68.25,68.79,68.6,66.92,1287275171.8
002594.SZ,2020-12-17,195.25,196.42,195.42,194.81,7310380228.49
601012.SH,2020-12-17,122.93,123.58,124.44,121.34,3556577606.21
600887.SH,2020-12-17,65.89,65.44,66.03,65.68,3033811670.8
000002.SZ,2020-12-17,96.79,97.52,97.4,93.72,3586203037.92
600519.SH,2020-12-18,198.09,198.07,202.9,193.61,4756267883.82
000858.SZ,2020-12-18,31.35,31.23,32.02,30.74,201223664.46
300750.SZ,2020-12-18,61.78,62.31,63.02,61.35,156132507.92
601318.SH,2020-12-18,12.32,12.38,12.4,11.97,131131835.71
000333.SZ,2020-12-18,33.7,33.58,34.45,33.14,1487543011.53
600036.SH,2020-12-18,131.26,130.6,132.41,129.78,4222908635.64
002415.SZ,2020-12-18,21.14,21.34,21.36,20.76,112786270.3
600276.SH,2020-12-18,69.61,69.58,69.73,68.82,822774679.72
002594.SZ,2020-12-18,191.68,190.82,193.0,191.47,8594515442.47
601012.SH,2020-12-18,124.12,125.1,124.29,124.12,1481656530.54
600887.SH,2020-12-18,64.75,64.37,65.45,62.88,3052351633.92
000002.SZ,2020-12-18,94.05,93.94,94.73,93.08,1308010093.09
600519.SH,2020-12-21,198.54,196.47,200.04,195.31,3088219522.55
000858.SZ,2020-12-21,31.53,31.26,32.47,30.75,714166226.76
300750.SZ,2020-12-21,62.43,61.92,63.29,62.41,2000696098.71
601318.SH,2020-12-21,12.55,12.52,12.69,12.49,146756289.63
000333.SZ,2020-12-21,35.13,35.17,36.12,34.88,688976743.0
600036.SH,2020-12-21,134.44,134.43,137.47,133.17,1687168605.7
002415.SZ,2020-12-21,20.96,20.75,21.3,20.85,346605708.1
600276.SH,2020-12-21,71.28,71.76,72.46,70.08,2026450748.63
002594.SZ,2020-12-21,184.74,186.34,186.44,183.72,3975099393.83
601012.SH,2020-12-21,124.5,123.72,126.12,124.43,3164563784.32
600887.SH,2020-12-21,66.49,66.58,67.96,65.78,2652267273.87
000002.SZ,2020-12-21,95.7,96.32,97.17,94.98,1487203216.15
600519.SH,2020-12-22,202.75,204.15,211.1,201.2,9684887203.73
000858.SZ,2020-12-22,33.05,32.88,33.46,31.45,1078907525.04
300750.SZ,2020-12-22,61.3,61.68,62.11,59.05,293428744.52
601318.SH,2020-12-22,12.81,12.84,13.05,12.68,124845256.85
000333.SZ,2020-12-22,35.07,34.93,35.7,34.44,384829485.84
600036.SH,2020-12-22,138.26,138.27,139.27,137.66,1375490583.9
002415.SZ,2020-12-22,21.03,21.01,21.3,20.35,431139505.74
600276.SH,2020-12-22,72.71,72.78,73.56,72.19,3468531915.73
002594.SZ,2020-12-22,191.98,191.17,196.23,191.7,7347577053.18
601012.SH,2020-12-22,126.52,126.08,130.77,125.49,4327211041.27
600887.SH,2020-12-22,66.18,66.01,66.59,65.34,2222295751.01
000002.SZ,2020-12-22,94.87,94.97,95.22,94.24,2958990579.15
600519.SH,2020-12-23,199.34,200.08,202.67,197.79,1292731845.22
000858.SZ,2020-12-23,33.93,33.96,33.99,33.34,497761926.35
300750.SZ,2020-12-23,63.34,63.42,64.16,62.65,1134561894.89
601318.SH,2020-12-23,12.74,12.75,12.94,12.52,628450331.59
000333.SZ,2020-12-23,33.5,33.96,33.87,33.0,789448469.98
600036.SH,2020-12-23,136.14,136.3,138.04,135.19,2113850514.92
002415.SZ,2020-12-23,21.27,21.44,21.49,20.74,850403209.7
600276.SH,2020-12-23,71.03,70.78,71.51,70.62,1960074183.71
002594.SZ,2020-12-23,182.68,182.68,186.72,179.44,4371950439.25
601012.SH,2020-12-23,125.18,125.67,125.55,121.91,5276767697.39
600887.SH,2020-12-23,62.83,62.68,63.74,61.14,535729652.06
000002.SZ,2020-12-23,95.69,96.27,98.03,92.48,3108870850.76
600519.SH,2020-12-24,197.44,196.66,200.92,195.8,4150227810.2
000858.SZ,2020-12-24,33.99,34.1,34.13,33.63,10814053.34
300750.SZ,2020-12-24,65.43,65.42,66.37,65.09,1093654516.9
601318.SH,2020-12-24,12.46,12.4,12.59,12.32,439850449.39
000333.SZ,2020-12-24,31.72,31.55,31.96,31.13,1272502750.64
600036.SH,2020-12-24,136.11,136.18,137.48,132.75,1589890324.59
002415.SZ,2020-12-24,21.53,21.6,21.78,21.11,647436650.08
600276.SH,2020-12-24,68.53,68.49,68.68,66.62,127783150.08
002594.SZ,2020-12-24,181.09,179.7,181.6,179.84,3425011816.26
601012.SH,2020-12-24,124.16,123.6,125.99,121.24,892901626.53
600887.SH,2020-12-24,62.91,63.55,63.4,62.35,2158665323.94
000002.SZ,2020-12-24,94.26,94.15,95.34,92.79,1771052318.06
600519.SH,2020-12-25,210.68,210.56,211.27,206.36,411380465.05
000858.SZ,2020-12-25,33.79,33.97,34.49,32.9,43434317.04
300750.SZ,2020-12-25,65.77,65.62,68.19,65.5,189755575.15
601318.SH,2020-12-25,12.31,12.28,12.42,12.25,191258615.23
000333.SZ,2020-12-25,29.64,29.79,29.74,29.37,172305279.27
600036.SH,2020-12-25,140.87,140.94,141.22,140.12,4576694412.03
002415.SZ,2020-12-25,19.84,19.78,20.3,19.68,630910512.22
600276.SH,2020-12-25,70.88,70.45,71.81,69.4,564368598.59
002594.SZ,2020-12-25,175.19,176.54,177.41,174.2,7449245428.55
601012.SH,2020-12-25,120.0,119.82,120.33,117.97,967796041.47
600887.SH,2020-12-25,62.77,62.85,62.9,61.64,2776573789.82
000002.SZ,2020-12-25,99.48,99.7,101.65,99.33,2216393772.64
600519.SH,2020-12-28,212.47,212.26,215.92,210.01,5954967403.48
000858.SZ,2020-12-28,33.64,33.69,34.27,33.61,1496077380.84
300750.SZ,2020-12-28,64.54,64.7,66.51,64.22,629657862.63
601318.SH,2020-12-28,12.52,12.51,12.67,12.29,520043855.41
000333.SZ,2020-12-28,29.38,29.38,29.48,28.06,620674092.51
600036.SH,2020-12-28,143.46,144.62,144.09,143.13,2098471523.24
002415.SZ,2020-12-28,18.88,18.79,19.03,18.63,699601245.57
600276.SH,2020-12-28,71.86,71.85,72.0,70.76,3035763186.56
002594.SZ,2020-12-28,176.67,175.5,178.7,173.9,7337756136.1
601012.SH,2020-12-28,115.98,116.06,116.08,114.97,3643979036.01
600887.SH,2020-12-28,61.18,62.19,62.93,60.73,1389227315.61
000002.SZ,2020-12-28,99.17,99.66,100.27,98.93,2458470648.6
600519.SH,2020-12-29,209.99,210.67,211.36,204.63,7346406102.08
000858.SZ,2020-12-29,33.9,34.02,33.97,33.46,795346727.67
300750.SZ,2020-12-29,62.26,62.27,62.56,61.78,1916190649.74
601318.SH,2020-12-29,12.25,12.26,12.45,12.25,564221400.93
000333.SZ,2020-12-29,30.95,30.86,31.02,30.13,213611635.89
600036.SH,2020-12-29,140.51,140.33,140.85,139.37,2826004990.75
002415.SZ,2020-12-29,18.69,18.66,19.12,18.68,409864609.31
600276.SH,2020-12-29,71.57,71.3,72.28,71.57,1766831076.48
002594.SZ,2020-12-29,175.53,174.26,180.5,172.98,6299866429.36
601012.SH,2020-12-29,119.54,119.66,119.79,119.47,1212497898.22
600887.SH,2020-12-29,60.34,60.05,62.5,59.71,1426957650.11
000002.SZ,2020-12-29,101.34,101.59,103.32,99.22,3226036091.84
600519.SH,2020-12-30,205.61,206.45,208.82,205.03,1807829548.72
000858.SZ,2020-12-30,34.58,34.66,34.61,34.17,963884689.6
300750.SZ,2020-12-30,61.95,61.39,63.99,61.61,2598247092.87
601318.SH,2020-12-30,12.2,12.16,12.22,12.12,368855552.68
000333.SZ,2020-12-30,30.89,31.09,30.98,30.89,681343357.59
600036.SH,2020-12-30,142.51,142.65,143.49,142.06,22604820.44
002415.SZ,2020-12-30,18.14,17.99,18.18,17.69,94833258.0
600276.SH,2020-12-30,69.87,70.29,70.45,68.82,2269374108.7
002594.SZ,2020-12-30,184.56,184.51,185.48,184.11,2100633291.53
601012.SH,2020-12-30,121.11,120.93,123.15,120.07,2266281075.33
600887.SH,2020-12-30,59.82,59.55,60.13,59.42,882617010.25
000002.SZ,2020-12-30,103.01,102.31,103.46,102.76,5019271607.87
600519.SH,2020-12-31,205.4,207.37,209.23,205.31,6952170194.4
000858.SZ,2020-12-31,32.65,32.65,32.87,32.57,907870875.84
300750.SZ,2020-12-31,62.23,61.91,63.38,61.94,1086977680.31
601318.SH,2020-12-31,12.17,12.17,12.22,11.97,417794996.81
000333.SZ,2020-12-31,31.18,31.28,31.32,31.06,130545883.89
600036.SH,2020-12-31,139.82,139.43,141.11,139.74,6301969116.09
002415.SZ,2020-12-31,18.05,17.86,18.16,17.97,585755227.81
600276.SH,2020-12-31,71.9,71.51,72.62,70.51,3093201731.03
002594.SZ,2020-12-31,183.96,183.62,185.68,181.98,7977584364.94
601012.SH,2020-12-31,119.87,119.57,122.85,119.64,1533766927.55
600887.SH,2020-12-31,60.4,60.42,61.23,59.38,1861142052.16
000002.SZ,2020-12-31,102.05,102.56,102.16,99.78,854313258.29
600519.SH,2021-01-01,210.99,210.78,214.15,206.82,2244564429.58
000858.SZ,2021-01-01,32.52,32.71,32.82,31.4,1280275144.23
300750.SZ,2021-01-01,62.83,62.91,63.17,62.34,1444060276.49
601318.SH,2021-01-01,11.96,11.94,12.01,11.72,138323178.99
000333.SZ,2021-01-01,30.22,30.07,30.38,30.21,1166352951.82
600036.SH,2021-01-01,142.41,141.24,143.31,140.26,3805891953.02
002415.SZ,2021-01-01,18.17,18.17,18.76,18.17,482661602.15
600276.SH,2021-01-01,73.09,73.05,74.12,71.53,2955270952.69
002594.SZ,2021-01-01,187.44,186.21,188.43,184.88,2808528858.49
601012.SH,2021-01-01,115.53,115.69,115.88,113.47,466069836.16
600887.SH,2021-01-01,60.61,60.55,61.85,59.98,2484486360.88
000002.SZ,2021-01-01,96.98,96.95,97.75,95.73,1380427844.92
600519.SH,2021-01-04,213.83,214.8,214.67,213.73,6049421879.4
000858.SZ,2021-01-04,31.66,31.8,32.11,31.42,291692849.85
300750.SZ,2021-01-04,63.6,63.43,64.1,62.97,1882375806.56
601318.SH,2021-01-04,12.18,12.24,12.26,12.13,421588464.21
000333.SZ,2021-01-04,29.83,30.04,30.07,29.35,108391948.2
600036.SH,2021-01-04,142.4,143.19,144.54,141.93,3029084670.33
002415.SZ,2021-01-04,18.74,18.62,18.77,18.49,209811614.97
600276.SH,2021-01-04,70.1,70.09,70.5,69.42,2898982699.24
002594.SZ,2021-01-04,190.55,189.59,192.31,189.22,4335417758.3
601012.SH,2021-01-04,115.93,116.97,116.79,113.56,4021596566.8
600887.SH,2021-01-04,62.08,62.1,62.17,61.96,464016944.06
000002.SZ,2021-01-04,93.03,92.06,93.72,92.18,1616203138.91
600519.SH,2021-01-05,213.96,215.18,214.71,213.57,9113146605.84
000858.SZ,2021-01-05,32.55,32.54,32.81,31.67,1339218921.79
300750.SZ,2021-01-05,65.79,65.11,66.01,64.05,2844484414.93
601318.SH,2021-01-05,11.95,11.97,11.97,11.86,39516213.49
000333.SZ,2021-01-05,29.63,29.64,30.0,29.3,1080738233.79
600036.SH,2021-01-05,149.02,148.92,149.38,147.15,51487801.86
002415.SZ,2021-01-05,18.08,18.11,18.27,17.96,652464991.04
600276.SH,2021-01-05,70.05,70.1,71.44,69.28,3456133561.63
002594.SZ,2021-01-05,191.49,191.77,192.29,188.61,4787531797.09
601012.SH,2021-01-05,116.5,116.77,119.6,115.8,2012163266.68
600887.SH,2021-01-05,60.66,61.01,62.01,60.24,2859515058.62
000002.SZ,2021-01-05,95.32,95.79,98.2,93.91,2475504524.68
600519.SH,2021-01-06,218.82,217.75,221.79,215.29,5160794693.11
000858.SZ,2021-01-06,34.04,33.99,34.16,33.6,441600441.07
300750.SZ,2021-01-06,64.52,64.26,64.76,63.81,378444396.78
601318.SH,2021-01-06,11.82,11.84,12.26,11.45,426942028.68
000333.SZ,2021-01-06,30.46,30.26,30.8,30.12,1396816368.45
600036.SH,2021-01-06,155.86,158.32,158.02,150.27,3398507341.2
002415.SZ,2021-01-06,18.09,18.06,18.32,17.28,526598705.63
600276.SH,2021-01-06,67.41,67.36,67.43,65.26,1742310597.63
002594.SZ,2021-01-06,190.55,191.09,190.83,189.13,2741698994.27
601012.SH,2021-01-06,119.36,120.98,120.04,117.02,2525065110.98
600887.SH,2021-01-06,61.72,61.78,62.55,60.3,3027827381.14
000002.SZ,2021-01-06,98.02,98.71,100.25,96.59,675477179.75
600519.SH,2021-01-07,229.46,231.2,235.2,228.63,10807600582.22
000858.SZ,2021-01-07,33.69,33.64,34.41,33.53,567016552.07
300750.SZ,2021-01-07,63.09,63.09,63.33,62.81,1198756001.69
601318.SH,2021-01-07,11.47,11.51,11.53,11.4,364890642.22
000333.SZ,2021-01-07,30.38,30.35,30.71,30.27,1026702473.48
600036.SH,2021-01-07,159.91,160.75,161.82,154.96,5725113777.18
002415.SZ,2021-01-07,18.88,18.91,18.94,18.53,269673136.33
600276.SH,2021-01-07,67.82,68.07,69.81,67.26,1422556215.62
002594.SZ,2021-01-07,190.71,191.82,194.63,187.55,2014767323.21
601012.SH,2021-01-07,119.03,119.54,119.69,117.06,5045186819.24
600887.SH,2021-01-07,63.64,63.29,64.03,63.62,1260999616.72
000002.SZ,2021-01-07,96.2,96.05,98.17,95.15,1443967132.19
600519.SH,2021-01-08,228.97,227.99,231.83,225.64,4063461917.47
000858.SZ,2021-01-08,33.64,33.63,34.08,32.79,137498282.67
300750.SZ,2021-01-08,63.08,63.25,63.32,62.21,560362107.37
601318.SH,2021-01-08,11.99,11.92,12.26,11.67,548638279.15
000333.SZ,2021-01-08,29.72,29.54,29.8,29.6,1375294076.99
600036.SH,2021-01-08,169.81,169.91,171.58,166.77,3322524065.84
002415.SZ,2021-01-08,18.58,18.69,18.76,18.57,466776230.31
600276.SH,2021-01-08,66.46,66.25,67.31,65.19,1772961787.6
002594.SZ,2021-01-08,187.66,187.21,193.34,187.26,760801988.84
601012.SH,2021-01-08,121.02,121.18,121.52,118.34,4930589741.17
600887.SH,2021-01-08,63.65,63.03,64.13,62.01,2403100158.06
000002.SZ,2021-01-08,98.94,99.16,100.16,96.81,4542057292.09
600519.SH,2021-01-11,224.37,224.68,227.83,221.72,3302670251.25
000858.SZ,2021-01-11,32.25,32.37,32.51,31.17,1208540868.25
300750.SZ,2021-01-11,62.53,62.36,62.67,61.15,2433015852.54
601318.SH,2021-01-11,12.08,12.05,12.12,11.99,280194320.76
000333.SZ,2021-01-11,28.64,28.62,28.72,28.64,1423521070.24
600036.SH,2021-01-11,169.44,169.53,172.68,169.09,7044388461.0
002415.SZ,2021-01-11,18.84,18.8,18.88,18.82,627724251.43
600276.SH,2021-01-11,65.15,64.82,65.25,64.47,2079819087.18
002594.SZ,2021-01-11,183.89,182.82,188.46,183.59,6480365358.62
601012.SH,2021-01-11,117.76,116.29,119.37,117.56,2510911316.01
600887.SH,2021-01-11,63.45,63.61,64.74,62.28,1440374719.39
000002.SZ,2021-01-11,100.12,99.36,101.7,98.1,289460615.06
600519.SH,2021-01-12,239.89,239.36,242.76,236.94,2637491486.66
000858.SZ,2021-01-12,33.21,33.38,34.01,32.9,368893455.77
300750.SZ,2021-01-12,60.59,60.21,61.86,60.18,2800906281.28
601318.SH,2021-01-12,11.62,11.67,11.99,11.5,182223271.16
000333.SZ,2021-01-12,28.58,28.64,28.86,28.48,474989929.57
600036.SH,2021-01-12,176.18,173.85,179.21,171.26,4599799057.86
002415.SZ,2021-01-12,19.16,19.13,19.6,19.09,431917808.74
600276.SH,2021-01-12,64.33,64.74,65.25,63.78,130581637.45
002594.SZ,2021-01-12,188.58,189.36,190.37,185.13,8999459327.1
601012.SH,2021-01-12,121.88,121.74,123.42,120.01,3890068099.62
600887.SH,2021-01-12,65.8,66.02,66.55,65.36,1290344727.39
000002.SZ,2021-01-12,97.5,97.22,98.18,94.6,1859111522.24
600519.SH,2021-01-13,242.64,245.76,243.24,241.67,10894223326.15
000858.SZ,2021-01-13,32.16,32.39,32.17,31.65,1200525141.85
300750.SZ,2021-01-13,59.4,59.52,60.75,59.15,2050341895.84
601318.SH,2021-01-13,11.26,11.24,11.31,11.03,199002872.55
000333.SZ,2021-01-13,28.41,28.19,28.55,27.79,602769078.77
600036.SH,2021-01-13,169.94,170.17,171.97,166.69,2236872866.09
002415.SZ,2021-01-13,19.54,19.46,20.05,19.43,157595800.19
600276.SH,2021-01-13,64.34,64.1,64.51,63.23,83579548.88
002594.SZ,2021-01-13,184.6,183.83,185.43,183.25,6636176953.8
601012.SH,2021-01-13,123.42,123.54,124.13,118.86,3559172032.02
600887.SH,2021-01-13,68.35,68.52,68.45,68.14,317618462.26
000002.SZ,2021-01-13,98.39,97.82,98.44,97.57,1108860452.05
600519.SH,2021-01-14,239.22,238.29,242.79,232.08,6566777857.46
000858.SZ,2021-01-14,31.95,32.06,32.08,31.95,1077106353.57
300750.SZ,2021-01-14,59.27,59.54,59.55,59.08,2483522589.75
601318.SH,2021-01-14,11.07,11.13,11.12,10.91,12799488.48
000333.SZ,2021-01-14,27.2,27.11,27.54,26.85,98938106.95
600036.SH,2021-01-14,168.42,169.66,169.46,166.17,5127909211.72
002415.SZ,2021-01-14,20.15,20.1,20.4,20.02,905026714.04
600276.SH,2021-01-14,63.04,62.65,63.71,62.16,1794136628.1
002594.SZ,2021-01-14,175.79,175.14,177.42,172.04,2861444176.58
601012.SH,2021-01-14,123.21,124.16,124.89,120.94,2389872376.45
600887.SH,2021-01-14,70.27,69.81,70.85,69.44,1285336202.58
000002.SZ,2021-01-14,94.2,94.34,96.29,92.48,4228690453.83
600519.SH,2021-01-15,240.48,238.91,242.31,235.32,1595786509.98
000858.SZ,2021-01-15,32.29,32.2,32.92,31.47,234315363.86
300750.SZ,2021-01-15,60.1,60.75,60.98,58.87,1940930615.25
601318.SH,2021-01-15,11.23,11.17,11.52,11.22,42744867.89
000333.SZ,2021-01-15,27.63,27.6,27.78,27.1,257811472.41
600036.SH,2021-01-15,161.84,162.3,163.45,156.79,3984769609.69
002415.SZ,2021-01-15,20.47,20.45,20.73,20.28,808592740.7
600276.SH,2021-01-15,65.24,65.32,65.81,64.29,1262257654.85
002594.SZ,2021-01-15,174.9,174.41,176.33,173.97,6777863870.14
601012.SH,2021-01-15,124.41,125.12,127.3,120.85,1182998088.91
600887.SH,2021-01-15,68.52,68.46,70.07,68.44,319936239.38
000002.SZ,2021-01-15,97.32,98.1,99.54,93.36,4273771654.43
600519.SH,2021-01-18,236.88,236.45,242.54,235.77,9159561346.73
000858.SZ,2021-01-18,33.64,33.74,33.71,32.92,1336670698.09
300750.SZ,2021-01-18,59.55,59.78,59.65,58.92,2450966132.46
601318.SH,2021-01-18,11.42,11.5,11.55,11.33,474433589.32
000333.SZ,2021-01-18,27.28,27.36,27.68,27.06,965597343.67
600036.SH,2021-01-18,169.51,170.52,170.46,164.92,5158054490.44
002415.SZ,2021-01-18,19.47,19.47,19.63,19.29,151462942.61
600276.SH,2021-01-18,65.88,65.75,65.92,65.76,1826708152.3
002594.SZ,2021-01-18,165.89,164.18,169.35,165.56,2521583286.61
601012.SH,2021-01-18,120.73,120.33,125.58,119.58,1590337330.86
600887.SH,2021-01-18,71.8,71.46,71.81,71.12,2755688145.65
000002.SZ,2021-01-18,99.58,99.72,101.21,97.97,4444678711.45
600519.SH,2021-01-19,225.09,224.04,226.63,224.11,9225843824.17
000858.SZ,2021-01-19,33.65,33.77,33.84,33.48,46889346.65
300750.SZ,2021-01-19,58.66,58.73,58.98,58.46,250533340.13
601318.SH,2021-01-19,11.59,11.55,11.6,11.51,343562614.35
000333.SZ,2021-01-19,28.55,28.54,28.66,27.78,75147695.37
600036.SH,2021-01-19,172.37,170.94,175.41,171.49,621355357.74
002415.SZ,2021-01-19,19.7,19.62,19.9,19.63,116972646.95
600276.SH,2021-01-19,66.75,66.56,68.1,66.09,2900552040.16
002594.SZ,2021-01-19,161.45,161.9,161.76,160.69,3178627594.35
601012.SH,2021-01-19,122.9,122.55,126.05,121.62,1281156723.13
600887.SH,2021-01-19,73.49,73.29,73.71,73.34,2303086969.86
000002.SZ,2021-01-19,98.1,97.09,102.65,97.79,4776874557.54
600519.SH,2021-01-20,221.59,221.18,226.57,218.12,147604535.42
000858.SZ,2021-01-20,34.89,34.97,35.34,34.22,1573621229.05
300750.SZ,2021-01-20,59.0,59.12,59.24,57.5,861315784.62
601318.SH,2021-01-20,11.27,11.26,11.41,10.96,64097644.14
000333.SZ,2021-01-20,28.26,28.22,28.99,27.39,354034873.2
600036.SH,2021-01-20,170.49,170.74,172.4,169.9,3146683306.23
002415.SZ,2021-01-20,19.67,19.79,19.73,19.66,757819768.08
600276.SH,2021-01-20,66.66,67.06,67.71,65.11,1656269044.05
002594.SZ,2021-01-20,160.52,159.81,163.6,157.52,3694474607.61
601012.SH,2021-01-20,128.11,129.09,128.64,124.56,4844958612.21
600887.SH,2021-01-20,75.05,75.15,76.15,74.21,3601742671.5
000002.SZ,2021-01-20,101.79,101.14,102.4,101.77,3323501276.28
600519.SH,2021-01-21,212.31,213.37,216.51,211.98,9437549459.84
000858.SZ,2021-01-21,35.0,34.85,35.05,33.56,1699525179.19
300750.SZ,2021-01-21,60.76,61.25,61.2,59.96,2345174599.28
601318.SH,2021-01-21,11.48,11.45,11.64,11.41,265512879.78
000333.SZ,2021-01-21,27.8,27.98,27.85,27.62,1199413470.02
600036.SH,2021-01-21,167.35,169.17,169.82,166.84,5065532013.81
002415.SZ,2021-01-21,20.16,20.19,20.28,20.13,465878371.93
600276.SH,2021-01-21,66.34,66.11,66.81,66.25,2261543017.7
002594.SZ,2021-01-21,163.2,163.09,163.25,160.38,7452192561.87
601012.SH,2021-01-21,128.67,128.8,128.77,128.07,2715091785.04
600887.SH,2021-01-21,74.87,74.87,75.66,74.81,2819410709.41
000002.SZ,2021-01-21,102.15,102.27,103.14,100.53,2512485813.43
600519.SH,2021-01-22,208.01,207.66,212.71,206.64,6487970998.9
000858.SZ,2021-01-22,36.51,36.29,36.75,36.18,614036388.66
300750.SZ,2021-01-22,61.62,61.56,63.38,61.11,2622740093.23
601318.SH,2021-01-22,11.88,11.88,11.98,11.68,411787813.91
000333.SZ,2021-01-22,27.44,27.38,27.92,27.27,436000553.67
600036.SH,2021-01-22,165.17,165.73,166.34,163.93,6357072936.77
002415.SZ,2021-01-22,20.0,20.2,20.47,19.85,919704086.19
600276.SH,2021-01-22,64.94,64.12,65.52,64.87,2440167879.68
002594.SZ,2021-01-22,166.05,165.12,167.41,163.41,4068754047.75
601012.SH,2021-01-22,131.03,130.58,133.04,129.5,4164346447.68
600887.SH,2021-01-22,73.95,74.12,74.6,73.1,875977277.82
000002.SZ,2021-01-22,101.38,101.42,101.43,99.93,1584478443.15
600519.SH,2021-01-25,210.08,208.42,212.76,204.95,9913897551.74
000858.SZ,2021-01-25,35.84,35.81,35.89,35.31,881850744.88
300750.SZ,2021-01-25,61.02,61.1,61.16,60.88,1057284515.86
601318.SH,2021-01-25,12.35,12.42,12.45,12.18,247568247.91
000333.SZ,2021-01-25,26.95,27.04,27.21,26.79,151822360.16
600036.SH,2021-01-25,163.12,164.05,163.43,161.28,663179685.9
002415.SZ,2021-01-25,21.27,21.14,21.42,21.13,748220728.64
600276.SH,2021-01-25,61.52,61.06,61.8,61.3,1660910662.43
002594.SZ,2021-01-25,161.22,161.73,162.62,157.05,7074986410.82
601012.SH,2021-01-25,136.98,136.31,139.18,135.84,1151015009.13
600887.SH,2021-01-25,73.23,73.23,73.46,72.73,2311573207.51
000002.SZ,2021-01-25,102.7,103.1,103.74,101.71,1333480378.2
600519.SH,2021-01-26,221.31,221.24,225.22,221.23,2843610189.04
000858.SZ,2021-01-26,35.21,35.42,35.75,34.47,1489476046.1
300750.SZ,2021-01-26,60.15,60.19,61.13,58.52,601540268.87
601318.SH,2021-01-26,12.49,12.48,12.69,12.29,394932086.39
000333.SZ,2021-01-26,26.91,26.74,28.06,26.69,553574413.85
600036.SH,2021-01-26,161.06,160.44,161.35,160.91,7992543279.05
002415.SZ,2021-01-26,21.21,21.23,21.32,20.77,147802714.73
600276.SH,2021-01-26,59.51,59.39,60.02,59.5,660879264.75
002594.SZ,2021-01-26,163.17,161.73,163.8,161.28,1039883432.13
601012.SH,2021-01-26,139.91,140.01,143.27,137.5,6757396426.9
600887.SH,2021-01-26,72.97,72.27,73.72,72.46,851155501.45
000002.SZ,2021-01-26,102.18,103.06,103.99,100.19,292446825.65
600519.SH,2021-01-27,224.46,222.59,227.59,223.98,8870786761.86
000858.SZ,2021-01-27,34.76,34.73,34.8,34.64,1245583895.41
300750.SZ,2021-01-27,59.72,59.45,60.13,58.98,1625859008.7
601318.SH,2021-01-27,12.47,12.44,12.65,12.39,432594396.53
000333.SZ,2021-01-27,27.91,27.89,28.79,27.9,385946657.52
600036.SH,2021-01-27,160.94,160.79,162.75,160.62,2200617331.51
002415.SZ,2021-01-27,21.16,21.34,21.74,21.13,731662466.74
600276.SH,2021-01-27,59.3,59.22,59.78,58.39,1693705088.5
002594.SZ,2021-01-27,161.69,161.44,164.78,160.8,6562051412.95
601012.SH,2021-01-27,136.6,136.36,138.2,135.53,1956937987.26
600887.SH,2021-01-27,71.33,71.33,72.46,71.05,308051685.06
000002.SZ,2021-01-27,104.42,104.67,104.55,102.01,4400873391.9
600519.SH,2021-01-28,221.38,221.05,224.32,217.92,1884137526.41
000858.SZ,2021-01-28,34.86,34.93,34.94,34.85,725144167.2
300750.SZ,2021-01-28,59.04,59.6,59.83,57.96,202802314.47
601318.SH,2021-01-28,12.06,12.0,12.19,12.06,185417299.95
000333.SZ,2021-01-28,27.6,27.39,27.95,27.48,256359997.95
600036.SH,2021-01-28,166.64,165.95,167.13,165.49,3420201476.04
002415.SZ,2021-01-28,20.95,20.97,21.17,20.82,767570531.75
600276.SH,2021-01-28,58.32,58.52,59.42,57.46,2004786985.57
002594.SZ,2021-01-28,160.04,159.94,160.72,159.72,4457760891.34
601012.SH,2021-01-28,135.53,135.59,136.52,135.18,4829429485.04
600887.SH,2021-01-28,71.77,71.66,73.31,69.26,2649093600.97
000002.SZ,2021-01-28,103.4,103.81,103.6,100.35,4519734143.75
600519.SH,2021-01-29,220.95,221.41,228.69,220.09,7727161720.15
000858.SZ,2021-01-29,34.45,34.58,34.64,34.19,1216291302.33
300750.SZ,2021-01-29,59.59,59.19,61.02,59.55,2307257565.1
601318.SH,2021-01-29,12.16,12.26,12.25,11.79,542548202.56
000333.SZ,2021-01-29,27.76,27.79,28.04,27.51,656462726.26
600036.SH,2021-01-29,169.36,170.28,171.01,167.36,4174491197.56
002415.SZ,2021-01-29,20.91,20.96,20.91,20.72,434579048.62
600276.SH,2021-01-29,60.12,60.77,60.45,59.48,1375056198.05
002594.SZ,2021-01-29,161.99,161.9,163.05,159.44,1066159726.1
601012.SH,2021-01-29,140.64,141.06,141.45,134.6,5879507513.0
600887.SH,2021-01-29,71.67,72.27,73.71,70.1,1872964288.4
000002.SZ,2021-01-29,104.16,103.96,104.66,103.82,3760530302.04
600519.SH,2021-02-01,217.29,219.04,217.36,210.2,1314846509.18
000858.SZ,2021-02-01,34.48,34.83,34.64,33.98,441420628.86
300750.SZ,2021-02-01,60.84,60.81,61.21,59.88,1538801318.79
601318.SH,2021-02-01,12.06,12.11,12.28,11.97,219758568.44
000333.SZ,2021-02-01,28.81,28.73,29.47,28.5,308941686.2
600036.SH,2021-02-01,169.56,171.36,170.06,165.23,4384330741.36
002415.SZ,2021-02-01,21.74,21.59,21.88,21.48,263866677.21
600276.SH,2021-02-01,58.57,58.97,59.88,58.57,2842460066.36
002594.SZ,2021-02-01,160.95,159.52,162.63,160.58,469910298.83
601012.SH,2021-02-01,138.96,138.2,143.01,137.35,4399970988.85
600887.SH,2021-02-01,73.51,73.39,74.08,72.93,2762071249.92
000002.SZ,2021-02-01,105.88,105.75,106.17,103.88,173288188.42
600519.SH,2021-02-02,216.98,218.77,218.04,213.46,6361820630.55
000858.SZ,2021-02-02,34.1,34.22,34.67,33.6,704374962.29
300750.SZ,2021-02-02,60.83,61.21,60.97,59.9,623113200.35
601318.SH,2021-02-02,12.28,12.36,12.63,12.27,397505086.09
000333.SZ,2021-02-02,29.43,29.39,29.55,29.16,984790297.05
600036.SH,2021-02-02,169.39,170.72,170.2,168.48,6079790525.89
002415.SZ,2021-02-02,21.51,21.55,21.7,21.15,895254656.11
600276.SH,2021-02-02,58.75,58.74,58.76,57.06,67955707.89
002594.SZ,2021-02-02,161.55,162.13,162.07,160.7,5106936551.44
601012.SH,2021-02-02,139.91,139.88,139.93,137.73,4995949099.51
600887.SH,2021-02-02,72.72,72.77,74.53,71.99,140017830.45
000002.SZ,2021-02-02,110.54,110.39,111.46,107.74,3907005802.58
600519.SH,2021-02-03,213.68,211.66,216.57,211.13,2914379953.31
000858.SZ,2021-02-03,35.41,35.39,35.87,34.73,772456118.68
300750.SZ,2021-02-03,62.98,62.91,64.14,61.52,559442713.95
601318.SH,2021-02-03,12.58,12.47,12.63,12.54,299268723.64
000333.SZ,2021-02-03,30.82,30.75,31.72,30.64,682311752.0
600036.SH,2021-02-03,171.83,171.03,174.15,170.69,5821794316.12
002415.SZ,2021-02-03,21.35,21.47,21.58,21.27,1065458158.7
600276.SH,2021-02-03,58.01,58.13,58.15,57.03,1019091687.68
002594.SZ,2021-02-03,158.92,159.83,162.26,158.18,1065644001.58
601012.SH,2021-02-03,142.91,143.51,143.72,141.8,6966926713.04
600887.SH,2021-02-03,70.06,69.19,72.02,69.95,2961669373.54
000002.SZ,2021-02-03,106.67,107.03,109.69,104.13,1371599577.67
600519.SH,2021-02-04,221.98,223.17,228.68,219.72,134171753.58
000858.SZ,2021-02-04,36.32,36.28,37.1,35.83,1814448030.42
300750.SZ,2021-02-04,63.67,63.13,64.06,63.59,2333293564.6
601318.SH,2021-02-04,12.88,12.98,12.89,12.79,332134700.17
000333.SZ,2021-02-04,31.43,31.49,31.65,30.67,580503685.32
600036.SH,2021-02-04,171.11,171.42,173.96,168.26,1725709784.31
002415.SZ,2021-02-04,20.58,20.59,20.98,20.47,822119337.03
600276.SH,2021-02-04,59.9,59.89,60.9,58.35,1200004426.2
002594.SZ,2021-02-04,160.77,161.5,161.9,159.33,3967670357.6
601012.SH,2021-02-04,138.06,137.87,138.86,131.6,906104939.66
600887.SH,2021-02-04,70.34,70.02,70.55,68.87,2712604026.73
000002.SZ,2021-02-04,105.47,106.0,105.57,104.61,4149938472.28
600519.SH,2021-02-05,221.45,221.92,223.29,220.47,8319883333.52
000858.SZ,2021-02-05,36.04,35.94,36.08,35.9,1460234591.83
300750.SZ,2021-02-05,64.58,64.45,66.35,64.42,177906193.71
601318.SH,2021-02-05,12.82,12.71,13.06,12.75,92453820.49
000333.SZ,2021-02-05,30.54,30.64,31.58,29.8,20032312.49
600036.SH,2021-02-05,174.08,174.38,174.69,172.28,6633529378.24
002415.SZ,2021-02-05,20.84,20.78,21.24,20.29,221030786.5
600276.SH,2021-02-05,57.8,57.68,57.97,56.94,2215173726.02
002594.SZ,2021-02-05,162.5,163.16,163.64,159.44,7491657042.46
601012.SH,2021-02-05,141.2,141.27,141.38,139.72,725927889.56
600887.SH,2021-02-05,70.11,69.57,70.36,68.88,2410807817.09
000002.SZ,2021-02-05,106.02,105.38,108.95,103.47,3033259902.56
600519.SH,2021-02-08,217.33,217.18,217.72,212.79,3229465961.33
000858.SZ,2021-02-08,34.48,34.45,34.75,34.08,523881145.46
300750.SZ,2021-02-08,65.45,65.54,65.93,64.47,1768139235.75
601318.SH,2021-02-08,12.79,12.86,12.84,12.53,101723954.57
000333.SZ,2021-02-08,30.88,30.85,31.28,30.74,697062843.21
600036.SH,2021-02-08,173.14,171.95,177.91,166.78,5223077004.14
002415.SZ,2021-02-08,20.71,20.62,20.76,20.57,139328956.34
600276.SH,2021-02-08,58.06,58.51,58.66,58.03,2331731522.79
002594.SZ,2021-02-08,162.32,163.39,163.1,159.8,7417002203.88
601012.SH,2021-02-08,144.32,143.68,145.48,141.98,1582210412.79
600887.SH,2021-02-08,69.4,69.53,70.96,68.78,2063622073.33
000002.SZ,2021-02-08,102.24,102.29,103.67,100.8,3449846482.87
600519.SH,2021-02-09,218.22,220.12,219.53,217.31,7943423965.01
000858.SZ,2021-02-09,33.38,33.13,33.43,33.32,729354616.25
300750.SZ,2021-02-09,61.34,61.7,62.39,60.04,2354956086.69
601318.SH,2021-02-09,12.45,12.44,12.62,12.33,616522246.61
000333.SZ,2021-02-09,30.56,30.39,30.58,29.97,882992012.46
600036.SH,2021-02-09,169.78,168.63,171.66,169.4,4757276107.87
002415.SZ,2021-02-09,19.93,19.84,20.25,19.92,526815386.7
600276.SH,2021-02-09,57.77,57.76,57.96,57.32,1359686890.48
002594.SZ,2021-02-09,167.34,167.53,168.36,164.79,2037572711.55
601012.SH,2021-02-09,147.39,148.38,148.21,145.73,4227236757.55
600887.SH,2021-02-09,69.45,69.7,69.52,68.31,3184805721.95
000002.SZ,2021-02-09,104.65,104.21,104.9,103.63,2949765198.0
600519.SH,2021-02-10,215.92,215.16,220.76,212.95,7160003800.19
000858.SZ,2021-02-10,32.66,32.75,32.79,32.52,98122456.01
300750.SZ,2021-02-10,62.41,62.33,62.42,61.33,55133426.02
601318.SH,2021-02-10,12.12,12.21,12.32,11.86,284047415.23
000333.SZ,2021-02-10,30.83,30.9,31.49,30.7,261158510.48
600036.SH,2021-02-10,169.76,171.14,170.09,166.05,3923823844.51
002415.SZ,2021-02-10,19.76,19.72,20.3,19.53,283053104.81
600276.SH,2021-02-10,57.13,57.54,57.81,57.11,615316257.65
002594.SZ,2021-02-10,172.18,173.08,172.52,168.6,5002630516.3
601012.SH,2021-02-10,141.61,142.4,141.91,141.54,3891475782.34
600887.SH,2021-02-10,69.95,69.45,70.66,69.71,732618852.96
000002.SZ,2021-02-10,103.94,103.09,104.51,103.24,1615930142.42
600519.SH,2021-02-11,212.03,213.05,213.62,211.25,6665080190.38
000858.SZ,2021-02-11,32.71,32.37,32.88,32.18,586561918.48
300750.SZ,2021-02-11,62.93,62.45,64.63,60.48,2502695697.41
601318.SH,2021-02-11,12.11,12.21,12.16,11.86,15230559.22
000333.SZ,2021-02-11,31.04,31.06,31.23,30.15,1197399732.68
600036.SH,2021-02-11,175.85,176.84,177.24,173.75,8350052516.08
002415.SZ,2021-02-11,19.47,19.53,19.62,19.47,697418258.01
600276.SH,2021-02-11,57.76,57.23,59.68,56.67,2413482799.52
002594.SZ,2021-02-11,164.78,164.75,167.66,163.35,1938984557.65
601012.SH,2021-02-11,143.3,145.07,145.82,142.3,421613177.98
600887.SH,2021-02-11,66.72,66.82,68.82,66.6,3147702292.37
000002.SZ,2021-02-11,105.64,105.37,107.03,105.37,2312757665.62
600519.SH,2021-02-12,209.62,210.01,210.28,208.2,9371344734.7
000858.SZ,2021-02-12,32.86,33.05,32.89,32.32,976210537.29
300750.SZ,2021-02-12,60.67,61.01,61.2,60.59,749376581.35
601318.SH,2021-02-12,12.12,12.18,12.12,12.07,496744989.29
000333.SZ,2021-02-12,31.69,31.47,31.72,31.21,1184305680.44
600036.SH,2021-02-12,178.66,178.64,180.52,177.96,4578024843.4
002415.SZ,2021-02-12,19.47,19.36,19.64,19.36,781462870.94
600276.SH,2021-02-12,57.78,57.57,58.28,57.62,2688041987.75
002594.SZ,2021-02-12,169.58,169.07,174.53,167.62,5050770176.94
601012.SH,2021-02-12,146.0,146.7,146.48,145.05,5990567184.82
600887.SH,2021-02-12,65.72,65.59,66.62,65.2,214792747.72
000002.SZ,2021-02-12,104.16,103.6,104.63,104.1,1726201774.29
600519.SH,2021-02-15,206.16,205.63,210.17,206.07,3103261932.14
000858.SZ,2021-02-15,32.84,32.85,32.95,32.52,662711678.25
300750.SZ,2021-02-15,58.94,58.64,59.3,58.83,1938515693.6
601318.SH,2021-02-15,11.47,11.4,11.6,11.35,107766451.42
000333.SZ,2021-02-15,31.53,31.64,31.82,31.19,907230516.99
600036.SH,2021-02-15,179.88,179.82,181.65,176.09,8805817094.56
002415.SZ,2021-02-15,19.57,19.48,19.67,18.9,70454503.61
600276.SH,2021-02-15,59.37,59.36,60.55,58.88,131573231.17
002594.SZ,2021-02-15,164.19,164.39,165.3,162.46,1791617947.5
601012.SH,2021-02-15,144.2,144.14,146.05,142.22,5156847441.02
600887.SH,2021-02-15,63.38,63.37,63.42,62.92,1004617842.3
000002.SZ,2021-02-15,104.85,104.27,107.98,104.84,886068770.08
600519.SH,2021-02-16,205.72,204.65,210.86,204.42,1107983339.51
000858.SZ,2021-02-16,32.47,32.65,32.55,32.38,301911203.52
300750.SZ,2021-02-16,59.03,58.96,59.83,56.81,278807489.78
601318.SH,2021-02-16,11.27,11.31,11.31,11.23,421756762.96
000333.SZ,2021-02-16,30.74,30.71,30.91,30.58,890403160.45
600036.SH,2021-02-16,187.08,188.24,188.13,184.44,7341312132.69
002415.SZ,2021-02-16,19.98,19.84,20.42,19.78,671821315.15
600276.SH,2021-02-16,59.13,59.46,59.21,57.94,2464681639.74
002594.SZ,2021-02-16,157.94,157.08,159.29,155.74,5219525610.01
601012.SH,2021-02-16,143.5,143.88,143.74,143.38,96471141.96
600887.SH,2021-02-16,64.32,64.03,66.49,63.79,529386532.43
000002.SZ,2021-02-16,105.35,105.14,107.39,101.93,2946500029.54
600519.SH,2021-02-17,211.02,210.62,216.41,208.24,5184813535.57
000858.SZ,2021-02-17,33.48,33.41,33.67,33.35,709246629.88
300750.SZ,2021-02-17,58.94,59.16,59.91,58.81,2248146120.65
601318.SH,2021-02-17,11.15,11.18,11.18,10.99,536102638.12
000333.SZ,2021-02-17,30.38,30.68,30.62,29.85,65719010.58
600036.SH,2021-02-17,185.24,183.94,193.41,182.46,1989180246.66
002415.SZ,2021-02-17,20.44,20.47,20.53,20.12,534657396.13
600276.SH,2021-02-17,58.53,58.38,58.83,58.12,1317182912.84
002594.SZ,2021-02-17,151.38,150.66,151.96,148.65,6785813469.66
601012.SH,2021-02-17,145.24,145.93,149.94,144.7,5732836832.25
600887.SH,2021-02-17,64.19,64.16,65.73,62.93,3192602807.55
000002.SZ,2021-02-17,104.17,103.23,106.64,102.56,4913234486.4
600519.SH,2021-02-18,200.76,199.71,202.27,199.55,5573767500.26
000858.SZ,2021-02-18,34.47,34.52,35.18,34.25,935875047.95
300750.SZ,2021-02-18,59.99,60.35,60.78,59.09,1937138809.74
601318.SH,2021-02-18,10.84,10.9,10.87,10.59,457344453.34
000333.SZ,2021-02-18,30.51,30.6,30.64,30.33,1334897225.31
600036.SH,2021-02-18,180.31,181.08,183.47,180.15,6502041958.44
002415.SZ,2021-02-18,19.76,19.83,19.99,19.67,282439502.71
600276.SH,2021-02-18,55.49,55.6,56.08,54.53,1542260935.54
002594.SZ,2021-02-18,154.41,153.95,157.73,150.15,6532484204.33
601012.SH,2021-02-18,148.51,148.48,151.07,146.15,4707770700.73
600887.SH,2021-02-18,63.73,63.43,64.15,61.34,1148987365.62
000002.SZ,2021-02-18,104.07,103.67,104.44,103.51,742515309.71
600519.SH,2021-02-19,209.67,210.37,210.34,206.31,4257781083.44
000858.SZ,2021-02-19,33.84,33.94,33.88,33.61,1166881429.01
300750.SZ,2021-02-19,58.25,58.2,58.3,58.2,1188980346.42
601318.SH,2021-02-19,10.88,10.97,11.07,10.82,41997937.69
000333.SZ,2021-02-19,30.94,30.69,31.59,30.91,855148078.98
600036.SH,2021-02-19,179.06,180.68,179.31,176.25,2927967738.34
002415.SZ,2021-02-19,19.06,19.03,19.63,18.78,563704455.08
600276.SH,2021-02-19,54.45,54.51,54.96,53.21,2257066025.83
002594.SZ,2021-02-19,157.13,157.31,157.46,155.43,3596876710.77
601012.SH,2021-02-19,151.24,150.21,152.54,149.2,4222472008.1
600887.SH,2021-02-19,61.1,60.92,62.29,60.37,1999596629.52
000002.SZ,2021-02-19,100.94,100.7,101.77,100.87,4960276088.0
600519.SH,2021-02-22,204.61,205.11,205.42,204.21,6353801581.04
000858.SZ,2021-02-22,33.83,33.81,34.8,33.55,1101730669.53
300750.SZ,2021-02-22,61.49,61.65,61.81,60.69,1930297953.76
601318.SH,2021-02-22,10.8,10.74,10.84,10.64,211632101.95
000333.SZ,2021-02-22,31.01,31.19,31.33,30.93,607692087.22
600036.SH,2021-02-22,175.58,175.8,176.93,173.89,1235287103.97
002415.SZ,2021-02-22,20.3,20.41,20.34,20.05,723596234.28
600276.SH,2021-02-22,53.66,53.7,54.21,53.21,2433099444.83
002594.SZ,2021-02-22,155.2,156.1,158.24,154.72,6262466814.71
601012.SH,2021-02-22,151.9,151.54,152.83,151.65,5765063547.33
600887.SH,2021-02-22,59.11,58.72,60.1,58.19,2271010743.76
000002.SZ,2021-02-22,103.03,102.89,103.7,101.28,1398768256.12
600519.SH,2021-02-23,204.67,206.62,206.94,201.08,8049018432.6
000858.SZ,2021-02-23,33.14,33.01,33.75,32.76,209911746.55
300750.SZ,2021-02-23,60.6,60.48,60.99,59.55,2074025999.48
601318.SH,2021-02-23,10.3,10.3,10.35,10.28,188041882.82
000333.SZ,2021-02-23,30.59,30.94,31.04,30.39,228253463.05
600036.SH,2021-02-23,165.69,166.95,166.62,164.44,1695584707.81
002415.SZ,2021-02-23,20.09,20.19,20.55,20.02,524178495.42
600276.SH,2021-02-23,53.02,53.07,53.05,52.06,1643910889.51
002594.SZ,2021-02-23,152.99,151.72,155.77,151.94,7312050843.33
601012.SH,2021-02-23,149.77,149.87,153.39,148.42,76667136.71
600887.SH,2021-02-23,57.89,57.59,58.98,57.81,259008515.6
000002.SZ,2021-02-23,106.26,106.61,106.63,104.38,1980270601.81
600519.SH,2021-02-24,212.14,211.33,213.61,207.82,3071541711.95
000858.SZ,2021-02-24,33.01,32.96,33.18,32.79,1198691236.2
300750.SZ,2021-02-24,62.37,62.36,62.47,61.91,2739252901.18
601318.SH,2021-02-24,10.22,10.24,10.24,10.11,380696324.5
000333.SZ,2021-02-24,30.38,30.34,31.18,30.26,1213816464.95
600036.SH,2021-02-24,162.34,163.58,162.46,161.74,7333908728.39
002415.SZ,2021-02-24,20.45,20.55,20.6,20.36,818590325.19
600276.SH,2021-02-24,53.87,54.28,54.38,52.4,1256905177.41
002594.SZ,2021-02-24,148.13,148.63,150.7,144.86,2259970968.29
601012.SH,2021-02-24,150.44,150.13,150.48,149.42,876526780.17
600887.SH,2021-02-24,57.17,57.32,57.38,56.34,2688335410.88
000002.SZ,2021-02-24,103.92,104.25,106.14,101.41,2691495633.43
600519.SH,2021-02-25,212.11,210.57,212.17,206.54,6020998961.95
000858.SZ,2021-02-25,31.45,31.38,31.69,31.12,1530681683.04
300750.SZ,2021-02-25,61.72,61.53,62.58,61.5,1346616197.37
601318.SH,2021-02-25,10.71,10.62,10.74,10.57,270451277.87
000333.SZ,2021-02-25,30.72,30.6,30.83,30.32,198530458.7
600036.SH,2021-02-25,157.81,157.56,158.65,154.22,3970996835.7
002415.SZ,2021-02-25,20.74,20.79,20.79,20.73,854753174.44
600276.SH,2021-02-25,54.02,53.18,54.43,53.45,2021165514.28
002594.SZ,2021-02-25,147.02,147.47,148.42,146.63,3432937314.98
601012.SH,2021-02-25,148.31,148.56,151.11,147.84,1395574228.92
600887.SH,2021-02-25,57.2,57.29,57.24,57.2,663365194.63
000002.SZ,2021-02-25,102.43,102.89,102.51,101.45,4928186636.73
600519.SH,2021-02-26,211.3,212.98,219.15,207.95,4024466924.4
000858.SZ,2021-02-26,32.04,32.11,32.15,31.95,208687268.46
300750.SZ,2021-02-26,63.01,62.66,63.33,62.38,1580181322.31
601318.SH,2021-02-26,10.37,10.44,10.57,10.26,29817830.86
000333.SZ,2021-02-26,30.38,30.28,30.43,30.04,1089581139.82
600036.SH,2021-02-26,164.23,162.83,166.02,162.75,1570046639.21
002415.SZ,2021-02-26,21.68,21.56,22.07,21.57,712580057.17
600276.SH,2021-02-26,54.54,54.65,56.08,54.21,1942935362.2
002594.SZ,2021-02-26,153.01,153.56,153.65,151.46,4867923936.95
601012.SH,2021-02-26,152.87,152.72,155.86,149.99,637885333.77
600887.SH,2021-02-26,57.04,57.28,57.42,55.59,1092872852.34
000002.SZ,2021-02-26,97.37,96.84,98.16,95.22,1525109792.79
600519.SH,2021-03-01,211.08,211.74,211.99,207.48,5064485345.21
000858.SZ,2021-03-01,31.03,30.91,31.3,30.38,564346812.35
300750.SZ,2021-03-01,63.26,63.29,63.96,63.05,1429697225.43
601318.SH,2021-03-01,10.83,10.9,11.05,10.61,253641749.91
000333.SZ,2021-03-01,30.58,30.8,31.0,30.56,464754688.9
600036.SH,2021-03-01,161.09,159.66,161.99,157.94,4005756245.6
002415.SZ,2021-03-01,21.06,21.05,21.45,20.81,436443466.93
600276.SH,2021-03-01,51.89,52.15,52.76,51.49,1316983293.87
002594.SZ,2021-03-01,145.79,146.23,147.91,141.42,7260369634.07
601012.SH,2021-03-01,159.16,160.26,159.62,157.98,2925552359.21
600887.SH,2021-03-01,58.29,58.0,58.85,58.26,2849450649.5
000002.SZ,2021-03-01,97.1,97.63,97.24,96.35,4385045552.41
600519.SH,2021-03-02,210.38,210.1,210.86,208.46,1702556977.94
000858.SZ,2021-03-02,31.01,30.96,31.38,30.14,500560584.73
300750.SZ,2021-03-02,63.27,62.59,64.03,62.54,659049494.94
601318.SH,2021-03-02,11.21,11.23,11.32,11.11,527983891.9
000333.SZ,2021-03-02,30.9,30.87,31.89,30.8,717391585.21
600036.SH,2021-03-02,153.18,153.94,156.75,152.26,3809498379.92
002415.SZ,2021-03-02,21.63,21.65,21.63,21.35,1079170925.77
600276.SH,2021-03-02,49.42,49.56,49.47,48.67,14143613.18
002594.SZ,2021-03-02,144.39,145.07,144.82,144.12,7165018119.08
601012.SH,2021-03-02,153.72,153.28,154.43,152.79,7433511478.71
600887.SH,2021-03-02,58.38,58.48,59.6,57.57,2708972393.24
000002.SZ,2021-03-02,94.1,94.54,95.15,92.8,4071888254.84
600519.SH,2021-03-03,203.24,202.1,204.04,201.95,1375865080.07
000858.SZ,2021-03-03,30.21,29.97,30.27,29.41,905635881.35
300750.SZ,2021-03-03,64.59,64.61,64.73,64.08,2081600110.59
601318.SH,2021-03-03,11.16,11.26,11.34,11.16,93651079.5
000333.SZ,2021-03-03,31.43,31.45,32.44,30.43,54048088.86
600036.SH,2021-03-03,158.47,159.67,158.79,156.28,1847358005.06
002415.SZ,2021-03-03,21.77,21.8,21.99,21.58,371512855.33
600276.SH,2021-03-03,50.14,50.06,50.37,49.58,2202658760.84
002594.SZ,2021-03-03,140.96,140.64,141.35,139.15,6064673643.84
601012.SH,2021-03-03,153.48,153.39,154.43,153.05,7420117969.47
600887.SH,2021-03-03,56.73,56.76,56.92,56.25,1583400382.49
000002.SZ,2021-03-03,95.45,95.67,97.49,94.18,99926942.38
600519.SH,2021-03-04,207.94,206.38,209.76,207.48,6515514779.63
000858.SZ,2021-03-04,30.96,31.11,31.15,30.92,637648413.52
300750.SZ,2021-03-04,64.58,64.42,65.34,62.77,1786769084.1
601318.SH,2021-03-04,11.42,11.55,11.54,11.3,532273854.74
000333.SZ,2021-03-04,31.33,31.44,31.9,30.54,1443517610.22
600036.SH,2021-03-04,156.32,156.33,157.51,151.89,1524431743.99
002415.SZ,2021-03-04,22.05,22.01,22.33,21.67,509677829.49
600276.SH,2021-03-04,51.08,51.09,51.94,50.97,938268909.33
002594.SZ,2021-03-04,148.79,149.12,152.6,147.43,5773263987.44
601012.SH,2021-03-04,156.35,156.59,157.88,155.39,4662574690.01
600887.SH,2021-03-04,55.2,55.03,55.49,54.78,2649527189.95
000002.SZ,2021-03-04,93.16,92.61,94.6,91.11,842147614.87
600519.SH,2021-03-05,201.28,201.73,207.06,199.81,150557410.39
000858.SZ,2021-03-05,31.03,31.23,31.37,30.19,181157870.19
300750.SZ,2021-03-05,62.83,62.89,63.02,62.24,339457229.16
601318.SH,2021-03-05,11.81,11.83,11.98,11.38,182654137.37
000333.SZ,2021-03-05,31.12,31.16,31.4,30.57,245766056.69
600036.SH,2021-03-05,158.91,158.75,165.59,155.53,4803084424.35
002415.SZ,2021-03-05,22.14,22.33,22.49,21.82,886479261.83
600276.SH,2021-03-05,51.54,51.5,52.61,50.59,2122765004.39
002594.SZ,2021-03-05,145.01,145.53,148.03,140.88,7111497061.61
601012.SH,2021-03-05,156.3,156.47,157.95,153.74,714152986.51
600887.SH,2021-03-05,54.64,54.95,54.75,52.82,1045335652.65
000002.SZ,2021-03-05,92.97,92.77,94.35,91.78,2151627357.16
600519.SH,2021-03-08,202.01,202.14,205.31,198.03,3995843023.32
000858.SZ,2021-03-08,31.58,31.55,31.86,31.49,308327254.77
300750.SZ,2021-03-08,62.13,62.24,62.86,61.99,1584094796.32
601318.SH,2021-03-08,12.06,12.05,12.24,11.91,591697657.88
000333.SZ,2021-03-08,31.39,31.66,32.02,31.0,1043998634.46
600036.SH,2021-03-08,165.5,164.86,165.54,163.14,7573098793.04
002415.SZ,2021-03-08,20.32,20.26,20.39,20.28,9245174.8
600276.SH,2021-03-08,50.74,50.45,51.26,50.28,1721348892.38
002594.SZ,2021-03-08,149.65,151.25,152.94,148.96,6051455099.77
601012.SH,2021-03-08,146.52,146.08,147.06,142.28,48302995.52
600887.SH,2021-03-08,56.69,56.98,56.88,56.15,1951534135.2
000002.SZ,2021-03-08,93.21,93.68,94.64,91.63,1963228117.69
600519.SH,2021-03-09,191.79,193.82,194.33,187.54,4558317440.73
000858.SZ,2021-03-09,32.17,32.13,32.7,31.96,1586320493.05
300750.SZ,2021-03-09,60.53,59.97,60.76,59.46,2510828030.02
601318.SH,2021-03-09,11.79,11.76,12.17,11.67,585520138.21
000333.SZ,2021-03-09,32.55,32.44,32.76,32.26,329365117.49
600036.SH,2021-03-09,163.98,163.99,168.68,163.69,5399426860.63
002415.SZ,2021-03-09,19.84,19.97,20.18,19.67,865354993.69
600276.SH,2021-03-09,53.31,53.53,53.38,52.6,1187740533.79
002594.SZ,2021-03-09,153.2,153.16,155.46,153.02,2041738963.06
601012.SH,2021-03-09,145.37,146.33,146.2,145.06,2579460060.58
600887.SH,2021-03-09,55.6,55.29,56.59,55.46,706778652.42
000002.SZ,2021-03-09,92.78,93.27,92.94,92.44,2965431555.67
600519.SH,2021-03-10,199.45,199.42,204.62,199.26,5996701824.29
000858.SZ,2021-03-10,31.39,31.58,32.15,31.37,1067116157.93
300750.SZ,2021-03-10,58.63,58.63,59.84,58.38,1830780659.07
601318.SH,2021-03-10,12.18,12.22,12.2,12.14,269120331.79
000333.SZ,2021-03-10,32.34,32.39,32.7,32.25,1565028896.2
600036.SH,2021-03-10,164.48,164.32,166.84,164.1,4383551762.89
002415.SZ,2021-03-10,20.11,20.15,20.47,19.76,189237282.06
600276.SH,2021-03-10,52.82,52.66,53.29,52.45,1588949434.67
002594.SZ,2021-03-10,143.99,143.61,147.34,139.33,5844602968.65
601012.SH,2021-03-10,144.67,145.11,146.18,144.39,1523517821.53
600887.SH,2021-03-10,57.35,57.93,57.71,57.32,2523967914.89
000002.SZ,2021-03-10,97.86,97.88,98.39,95.24,3460031206.57
600519.SH,2021-03-11,198.96,199.42,201.17,194.28,1421306895.78
000858.SZ,2021-03-11,31.39,31.46,31.6,31.12,837820064.63
300750.SZ,2021-03-11,60.66,60.44,61.38,60.44,1200458976.9
601318.SH,2021-03-11,12.36,12.41,12.4,12.17,427949332.32
000333.SZ,2021-03-11,32.59,33.0,32.61,32.18,63994322.62
600036.SH,2021-03-11,156.42,156.93,157.33,151.88,1081003198.27
002415.SZ,2021-03-11,19.92,19.73,19.97,19.61,112758318.88
600276.SH,2021-03-11,53.13,53.0,54.28,52.35,1884281881.89
002594.SZ,2021-03-11,138.61,138.64,140.31,138.34,627988917.15
601012.SH,2021-03-11,143.42,143.2,144.5,141.17,335829336.36
600887.SH,2021-03-11,59.83,59.88,60.24,59.27,1175558002.77
000002.SZ,2021-03-11,97.28,96.97,98.41,97.12,4287243222.16
600519.SH,2021-03-12,191.93,190.59,192.55,191.37,2280000127.29
000858.SZ,2021-03-12,29.92,30.01,30.16,29.51,396528935.16
300750.SZ,2021-03-12,60.68,60.73,61.46,60.11,2143095714.98
601318.SH,2021-03-12,12.19,12.15,12.43,12.15,521358593.44
000333.SZ,2021-03-12,31.9,32.19,32.03,31.45,1024131080.78
600036.SH,2021-03-12,157.39,158.49,157.63,156.84,5988669485.46
002415.SZ,2021-03-12,20.07,20.17,20.12,19.8,759251692.49
600276.SH,2021-03-12,53.39,53.35,53.7,53.26,2259571049.87
002594.SZ,2021-03-12,139.9,139.57,142.91,138.99,1286833031.0
601012.SH,2021-03-12,139.09,139.37,140.65,137.68,672231674.99
600887.SH,2021-03-12,58.9,58.93,59.32,58.53,1075537860.64
000002.SZ,2021-03-12,96.54,97.04,97.62,95.15,1443262465.48
600519.SH,2021-03-15,191.77,191.07,195.71,185.61,2396744296.74
000858.SZ,2021-03-15,30.68,30.6,31.14,30.39,16815557.49
300750.SZ,2021-03-15,59.6,59.91,60.13,58.57,202664515.76
601318.SH,2021-03-15,11.96,11.95,12.27,11.87,242587109.96
000333.SZ,2021-03-15,33.1,33.05,33.3,32.59,70756596.68
600036.SH,2021-03-15,158.09,158.25,160.64,157.51,1632877312.03
002415.SZ,2021-03-15,19.38,19.24,19.47,18.94,497251176.18
600276.SH,2021-03-15,53.0,53.16,53.04,52.89,677876579.62
002594.SZ,2021-03-15,135.64,135.99,137.23,134.57,2237479250.63
601012.SH,2021-03-15,135.2,136.72,135.87,132.22,5869464632.94
600887.SH,2021-03-15,56.97,57.25,57.79,55.95,1752078503.75
000002.SZ,2021-03-15,94.67,94.74,95.73,92.02,2626860823.68
600519.SH,2021-03-16,201.74,202.06,203.8,200.18,9946251771.18
000858.SZ,2021-03-16,31.47,31.33,31.5,30.32,675197473.33
300750.SZ,2021-03-16,61.69,61.68,62.51,60.46,2924964168.3
601318.SH,2021-03-16,12.29,12.21,12.68,12.28,339075769.3
000333.SZ,2021-03-16,33.01,32.82,33.9,32.35,42758758.98
600036.SH,2021-03-16,159.76,159.74,166.16,159.6,284435715.59
002415.SZ,2021-03-16,19.44,19.37,19.64,18.97,333894924.66
600276.SH,2021-03-16,51.61,51.63,52.57,51.11,144455353.44
002594.SZ,2021-03-16,131.77,131.75,132.93,130.34,5923920163.35
601012.SH,2021-03-16,138.31,137.45,140.51,136.57,4309919197.71
600887.SH,2021-03-16,55.26,55.12,55.66,53.77,460884343.32
000002.SZ,2021-03-16,95.19,94.97,95.26,92.41,1907359430.07
600519.SH,2021-03-17,205.13,205.12,205.37,205.02,6598772951.42
000858.SZ,2021-03-17,32.07,32.25,32.41,31.77,1291729897.97
300750.SZ,2021-03-17,62.29,62.6,63.71,62.03,513980363.08
601318.SH,2021-03-17,11.93,11.89,12.19,11.69,374977540.06
000333.SZ,2021-03-17,33.47,33.43,33.65,33.03,40078566.48
600036.SH,2021-03-17,159.29,159.19,159.96,158.6,7546253753.31
002415.SZ,2021-03-17,18.97,18.99,19.03,18.41,885352593.55
600276.SH,2021-03-17,49.07,49.06,50.2,47.92,741859828.0
002594.SZ,2021-03-17,133.32,134.14,135.8,131.88,6451218969.73
601012.SH,2021-03-17,133.02,133.11,134.57,132.02,3535720543.01
600887.SH,2021-03-17,52.93,52.88,53.47,52.07,2183115992.47
000002.SZ,2021-03-17,99.4,99.34,101.9,97.57,2920953879.1
600519.SH,2021-03-18,199.07,197.44,199.86,198.45,6358364126.92
000858.SZ,2021-03-18,31.75,32.0,32.02,31.24,169508452.61
300750.SZ,2021-03-18,62.43,62.68,63.34,60.59,591306202.77
601318.SH,2021-03-18,11.96,11.97,12.05,11.95,557090448.7
000333.SZ,2021-03-18,32.64,32.77,33.16,32.48,562324984.08
600036.SH,2021-03-18,156.55,156.29,158.09,154.93,3664096761.95
002415.SZ,2021-03-18,19.36,19.26,19.54,18.9,327088559.39
600276.SH,2021-03-18,48.75,48.69,48.87,48.57,135368246.63
002594.SZ,2021-03-18,133.31,132.44,133.53,132.77,4141538612.98
601012.SH,2021-03-18,125.89,124.67,126.72,124.67,3164915241.44
600887.SH,2021-03-18,52.2,51.9,52.96,51.43,1990502718.17
000002.SZ,2021-03-18,101.58,102.38,102.81,101.48,3758192096.7
600519.SH,2021-03-19,195.54,196.96,199.29,195.26,1348813397.9
000858.SZ,2021-03-19,31.01,30.83,31.03,30.54,452637468.49
300750.SZ,2021-03-19,63.05,63.07,63.9,61.32,1880375002.19
601318.SH,2021-03-19,12.14,12.18,12.35,11.9,365508612.32
000333.SZ,2021-03-19,32.92,33.04,34.02,32.62,842461014.56
600036.SH,2021-03-19,154.41,154.92,156.15,152.27,5500025120.0
002415.SZ,2021-03-19,19.73,19.68,20.01,19.69,757899987.82
600276.SH,2021-03-19,50.76,50.55,51.62,50.5,1254326549.28
002594.SZ,2021-03-19,137.28,136.31,140.29,134.38,818424883.45
601012.SH,2021-03-19,121.03,121.94,121.44,119.1,5154944353.24
600887.SH,2021-03-19,56.05,56.0,57.58,56.03,1727525288.78
000002.SZ,2021-03-19,98.26,98.92,98.79,98.2,1407358269.83
600519.SH,2021-03-22,189.64,189.21,192.01,186.08,2957686640.67
000858.SZ,2021-03-22,31.26,31.24,31.45,30.81,1401590004.62
300750.SZ,2021-03-22,62.93,63.47,63.79,62.15,626445300.4
601318.SH,2021-03-22,12.26,12.3,12.55,12.13,404255278.4
000333.SZ,2021-03-22,34.02,33.92,34.04,33.78,1534032877.22
600036.SH,2021-03-22,158.08,158.5,161.8,156.34,3415066070.28
002415.SZ,2021-03-22,19.3,19.29,19.77,19.06,755412362.08
600276.SH,2021-03-22,50.88,50.91,52.77,49.7,1251269408.19
002594.SZ,2021-03-22,140.82,140.51,142.74,140.57,2002831237.14
601012.SH,2021-03-22,124.28,124.49,124.9,123.61,3904618752.94
600887.SH,2021-03-22,57.65,57.59,58.65,56.21,166522797.05
000002.SZ,2021-03-22,100.32,99.92,100.61,98.92,2791724027.9
600519.SH,2021-03-23,193.1,193.32,195.71,191.21,8024273838.96
000858.SZ,2021-03-23,30.88,30.78,31.62,30.49,1479570442.27
300750.SZ,2021-03-23,60.89,60.55,61.43,60.27,1139463595.41
601318.SH,2021-03-23,12.39,12.38,12.66,12.34,433685642.29
000333.SZ,2021-03-23,33.65,33.76,34.05,33.0,1317028671.12
600036.SH,2021-03-23,163.08,163.02,163.27,162.84,8060463994.99
002415.SZ,2021-03-23,18.89,18.89,19.02,18.41,49792993.54
600276.SH,2021-03-23,50.42,50.41,50.68,49.61,937384094.12
002594.SZ,2021-03-23,139.38,139.0,141.45,138.85,4366027929.74
601012.SH,2021-03-23,127.35,127.68,129.57,126.14,1430234332.26
600887.SH,2021-03-23,58.76,58.19,59.4,58.54,2837002140.55
000002.SZ,2021-03-23,100.43,99.74,101.96,98.8,2115937546.7
600519.SH,2021-03-24,194.6,192.2,195.67,188.39,5324596879.62
000858.SZ,2021-03-24,32.14,31.83,32.21,32.06,144343659.25
300750.SZ,2021-03-24,58.24,57.89,59.37,57.12,275607446.79
601318.SH,2021-03-24,12.63,12.6,12.72,12.54,28810311.57
000333.SZ,2021-03-24,34.58,34.53,34.67,34.32,1173025676.91
600036.SH,2021-03-24,168.11,167.76,168.25,166.35,4803962473.67
002415.SZ,2021-03-24,19.28,19.29,19.66,19.27,645674766.56
600276.SH,2021-03-24,49.47,49.49,49.55,48.52,1109775208.0
002594.SZ,2021-03-24,137.57,138.06,140.2,135.05,4235173071.7
601012.SH,2021-03-24,129.52,129.27,131.08,129.24,6082491725.48
600887.SH,2021-03-24,57.93,57.44,58.11,57.11,1174067416.82
000002.SZ,2021-03-24,99.98,100.27,100.0,98.78,4217255600.18
600519.SH,2021-03-25,187.38,187.45,187.64,187.01,885537062.54
000858.SZ,2021-03-25,31.2,31.38,31.41,30.46,633256279.39
300750.SZ,2021-03-25,58.77,58.71,59.46,58.65,811825380.41
601318.SH,2021-03-25,12.5,12.44,12.71,12.46,349847440.32
000333.SZ,2021-03-25,33.94,33.97,34.8,33.89,738533024.52
600036.SH,2021-03-25,167.41,166.28,167.63,164.04,5456612058.1
002415.SZ,2021-03-25,19.44,19.29,19.49,19.13,830887194.95
600276.SH,2021-03-25,49.17,49.09,49.31,48.23,768277773.88
002594.SZ,2021-03-25,138.23,137.23,138.74,136.49,2662743436.48
601012.SH,2021-03-25,129.87,131.36,134.15,126.33,3700616443.78
600887.SH,2021-03-25,57.59,57.53,58.22,57.3,1262053533.5
000002.SZ,2021-03-25,100.0,99.58,100.31,99.22,3079087245.5
600519.SH,2021-03-26,183.31,183.84,183.42,179.78,6961212613.54
000858.SZ,2021-03-26,30.82,31.01,31.45,29.93,1241550452.26
300750.SZ,2021-03-26,56.1,56.02,58.18,55.43,2793893415.19
601318.SH,2021-03-26,12.14,12.18,12.6,12.09,74979374.44
000333.SZ,2021-03-26,32.95,33.05,32.97,32.39,243158128.36
600036.SH,2021-03-26,165.82,166.93,167.65,162.72,8082268704.63
002415.SZ,2021-03-26,19.99,19.95,20.18,19.84,903249170.66
600276.SH,2021-03-26,49.19,49.14,49.26,48.69,1197693290.65
002594.SZ,2021-03-26,138.82,138.31,139.41,135.72,459454128.17
601012.SH,2021-03-26,126.87,126.76,129.08,126.67,1917072013.68
600887.SH,2021-03-26,58.03,58.29,58.74,57.56,154815235.27
000002.SZ,2021-03-26,104.29,104.83,104.43,102.9,3050210931.65
600519.SH,2021-03-29,183.01,182.22,188.6,180.84,6069078192.19
000858.SZ,2021-03-29,30.2,30.44,30.59,29.66,1194870546.91
300750.SZ,2021-03-29,54.49,54.16,55.55,53.45,11238738.44
601318.SH,2021-03-29,12.23,12.23,12.36,12.12,519755423.39
000333.SZ,2021-03-29,32.19,32.3,32.55,32.18,422665608.51
600036.SH,2021-03-29,168.86,167.63,168.98,165.43,1827118483.84
002415.SZ,2021-03-29,19.5,19.44,19.61,19.22,106417582.73
600276.SH,2021-03-29,47.17,47.22,47.82,47.02,2082875450.37
002594.SZ,2021-03-29,140.56,140.69,141.81,139.44,6892395982.52
601012.SH,2021-03-29,122.83,122.97,124.82,122.71,2806772991.26
600887.SH,2021-03-29,58.94,59.17,59.44,58.2,1863437014.91
000002.SZ,2021-03-29,107.05,107.19,110.61,104.7,1867450526.82
600519.SH,2021-03-30,180.38,180.56,180.58,178.98,929695837.67
000858.SZ,2021-03-30,30.38,30.5,30.53,29.45,832647058.19
300750.SZ,2021-03-30,56.42,56.53,56.53,56.37,528242693.78
601318.SH,2021-03-30,12.09,12.13,12.18,11.88,525019638.15
000333.SZ,2021-03-30,33.49,33.32,33.57,33.41,1430914749.58
600036.SH,2021-03-30,167.56,167.01,169.38,164.16,414916886.69
002415.SZ,2021-03-30,19.05,19.04,19.24,19.04,40460417.48
600276.SH,2021-03-30,47.31,47.31,48.58,47.17,1458134200.28
002594.SZ,2021-03-30,141.42,142.58,143.27,139.48,909716677.66
601012.SH,2021-03-30,126.38,126.54,127.68,125.65,2908048591.79
600887.SH,2021-03-30,60.28,60.55,61.61,59.24,2311865234.75
000002.SZ,2021-03-30,108.09,107.74,109.5,106.42,1810939193.68
600519.SH,2021-03-31,183.43,183.55,183.83,181.82,3947100302.0
000858.SZ,2021-03-31,30.53,30.72,31.32,30.31,331439686.99
300750.SZ,2021-03-31,57.56,57.84,58.15,57.31,2497162195.79
601318.SH,2021-03-31,11.94,11.99,12.08,11.8,535647335.87
000333.SZ,2021-03-31,32.6,32.59,32.85,32.41,971801384.32
600036.SH,2021-03-31,168.52,168.6,171.55,164.16,1193540776.96
002415.SZ,2021-03-31,20.34,20.23,20.58,20.21,206222900.67
600276.SH,2021-03-31,48.29,48.72,48.86,48.15,1082035195.06
002594.SZ,2021-03-31,139.01,139.41,139.27,138.83,889737409.31
601012.SH,2021-03-31,130.85,131.11,131.55,127.4,1185835475.6
600887.SH,2021-03-31,57.5,57.26,57.86,57.17,583144044.23
000002.SZ,2021-03-31,107.46,107.2,108.89,106.6,1918682665.57
600519.SH,2021-04-01,185.35,184.39,185.53,183.48,3086916163.8
000858.SZ,2021-04-01,30.03,30.16,30.32,29.63,211059794.93
300750.SZ,2021-04-01,56.74,56.94,56.95,56.07,168307274.55
601318.SH,2021-04-01,11.9,11.85,12.05,11.85,5770828.08
000333.SZ,2021-04-01,32.18,32.29,32.47,32.17,1103366358.03
600036.SH,2021-04-01,165.3,163.71,167.94,164.18,3532484762.5
002415.SZ,2021-04-01,19.8,19.91,19.81,19.7,177680226.85
600276.SH,2021-04-01,46.43,46.47,46.53,46.14,892225782.85
002594.SZ,2021-04-01,135.73,136.35,137.74,133.72,2485439897.99
601012.SH,2021-04-01,130.58,128.96,131.31,128.12,1509351064.35
600887.SH,2021-04-01,58.97,58.9,59.58,58.39,1564725619.68
000002.SZ,2021-04-01,105.73,105.36,105.98,103.28,5119503769.55
600519.SH,2021-04-02,179.83,180.47,181.86,178.92,3987439097.2
000858.SZ,2021-04-02,31.25,31.26,31.33,31.0,171962127.25
300750.SZ,2021-04-02,55.14,55.08,55.18,55.03,734900548.83
601318.SH,2021-04-02,11.93,11.99,11.93,11.62,375144917.53
000333.SZ,2021-04-02,31.44,31.34,32.15,31.21,57302308.03
600036.SH,2021-04-02,162.41,162.21,166.23,160.64,7357936488.06
002415.SZ,2021-04-02,20.0,19.96,20.23,19.48,100335430.08
600276.SH,2021-04-02,46.99,46.98,47.35,46.71,922372107.63
002594.SZ,2021-04-02,140.11,139.76,141.3,138.7,1678747802.98
601012.SH,2021-04-02,132.83,132.77,134.08,129.96,2454451346.71
600887.SH,2021-04-02,59.23,59.12,60.17,59.18,2428356665.15
000002.SZ,2021-04-02,107.44,107.41,108.09,106.96,4144528523.09
600519.SH,2021-04-05,175.28,175.2,178.15,171.72,1300866654.28
000858.SZ,2021-04-05,32.21,32.28,32.23,32.14,1556963535.35
300750.SZ,2021-04-05,55.91,55.89,56.2,55.58,1958597596.63
601318.SH,2021-04-05,12.08,12.03,12.25,11.92,411209384.0
000333.SZ,2021-04-05,31.93,32.03,32.82,31.34,903926191.91
600036.SH,2021-04-05,156.48,155.95,159.0,156.01,6579137340.97
002415.SZ,2021-04-05,19.44,19.35,19.51,19.22,433179711.87
600276.SH,2021-04-05,47.17,47.32,48.11,46.95,1166513938.53
002594.SZ,2021-04-05,140.68,140.56,146.21,140.45,5373740340.43
601012.SH,2021-04-05,134.8,134.31,135.43,134.51,2348739051.79
600887.SH,2021-04-05,59.42,59.05,60.68,58.67,2286156081.22
000002.SZ,2021-04-05,107.0,107.26,107.95,104.63,403846922.59
600519.SH,2021-04-06,180.88,178.39,185.57,178.11,270186659.22
000858.SZ,2021-04-06,32.51,32.67,33.23,31.97,1175577036.6
300750.SZ,2021-04-06,56.98,57.23,57.19,56.73,2644401086.28
601318.SH,2021-04-06,12.45,12.36,12.69,12.2,609565849.06
000333.SZ,2021-04-06,32.95,32.89,33.24,32.65,1094979568.97
600036.SH,2021-04-06,157.8,157.06,162.14,152.03,6827102387.14
002415.SZ,2021-04-06,19.81,19.88,19.82,19.79,533701993.66
600276.SH,2021-04-06,47.51,47.54,47.96,46.91,1551721203.54
002594.SZ,2021-04-06,144.53,144.38,146.86,141.03,2976144434.7
601012.SH,2021-04-06,142.56,141.92,142.93,136.65,5919943367.17
600887.SH,2021-04-06,57.89,57.61,59.17,57.76,1626788983.4
000002.SZ,2021-04-06,105.04,104.86,108.18,104.79,3886433591.93
600519.SH,2021-04-07,188.14,189.4,188.77,186.29,7890058606.04
000858.SZ,2021-04-07,32.68,32.63,32.83,32.58,457110795.42
300750.SZ,2021-04-07,56.39,55.93,57.07,55.53,143497830.42
601318.SH,2021-04-07,12.24,12.27,12.27,12.15,422873064.66
000333.SZ,2021-04-07,33.74,33.64,34.28,33.19,1128563374.37
600036.SH,2021-04-07,160.09,161.37,161.07,157.6,6592844334.11
002415.SZ,2021-04-07,20.81,20.92,21.25,20.41,484078595.01
600276.SH,2021-04-07,47.42,47.6,47.7,46.62,2089422917.35
002594.SZ,2021-04-07,147.86,148.62,149.54,144.95,5439463246.24
601012.SH,2021-04-07,148.52,149.0,150.12,147.49,223639055.6
600887.SH,2021-04-07,55.85,55.66,55.88,55.38,1093387597.03
000002.SZ,2021-04-07,102.32,102.95,103.02,100.09,5067522225.31
600519.SH,2021-04-08,189.51,189.73,190.98,186.32,8002992741.2
000858.SZ,2021-04-08,32.22,32.46,32.68,32.14,389401922.16
300750.SZ,2021-04-08,55.83,56.3,56.53,54.7,2226102115.12
601318.SH,2021-04-08,12.04,12.01,12.08,11.73,367723902.72
000333.SZ,2021-04-08,33.63,33.6,33.76,33.3,1256996128.66
600036.SH,2021-04-08,156.55,157.2,159.28,153.97,3265965382.15
002415.SZ,2021-04-08,20.16,20.06,20.2,20.04,115671694.49
600276.SH,2021-04-08,47.9,47.99,47.98,47.35,1078733916.08
002594.SZ,2021-04-08,148.39,149.26,148.71,146.71,7307786715.56
601012.SH,2021-04-08,152.23,151.77,155.28,150.76,7194735241.32
600887.SH,2021-04-08,56.6,56.47,57.2,55.81,1712842681.58
000002.SZ,2021-04-08,103.46,103.34,105.64,102.07,926402621.29
600519.SH,2021-04-09,193.17,193.33,193.79,191.47,6738049756.07
000858.SZ,2021-04-09,31.5,31.55,31.89,31.19,911683758.35
300750.SZ,2021-04-09,55.16,55.46,56.37,54.89,1162192691.83
601318.SH,2021-04-09,12.13,12.15,12.23,12.07,224970635.93
000333.SZ,2021-04-09,34.43,34.38,34.76,33.65,825446241.8
600036.SH,2021-04-09,159.16,159.79,159.6,157.11,3139700149.08
002415.SZ,2021-04-09,20.06,20.18,20.46,20.0,234364399.25
600276.SH,2021-04-09,47.7,47.44,48.01,47.14,1012955202.86
002594.SZ,2021-04-09,149.39,149.58,150.46,147.65,7142393556.33
601012.SH,2021-04-09,147.91,146.77,147.97,145.28,854229515.43
600887.SH,2021-04-09,57.83,57.56,58.15,57.13,843791403.36
000002.SZ,2021-04-09,105.51,104.95,106.68,104.23,3014554738.71
600519.SH,2021-04-12,197.75,198.01,199.09,196.67,6382430943.38
000858.SZ,2021-04-12,32.3,32.27,32.74,32.27,1506630726.02
300750.SZ,2021-04-12,56.56,56.66,57.62,56.34,2387857007.75
601318.SH,2021-04-12,11.57,11.66,11.77,11.36,375431331.35
000333.SZ,2021-04-12,34.65,34.46,35.88,34.43,837640396.53
600036.SH,2021-04-12,153.55,152.71,154.08,152.78,2319056863.0
002415.SZ,2021-04-12,19.59,19.64,19.66,19.51,314069258.99
600276.SH,2021-04-12,47.57,47.76,48.06,46.89,1656093329.22
002594.SZ,2021-04-12,153.89,154.51,154.75,151.17,1095981437.09
601012.SH,2021-04-12,149.21,150.39,150.49,148.95,4622859574.13
600887.SH,2021-04-12,58.2,57.73,58.34,57.75,2487714983.82
000002.SZ,2021-04-12,110.27,110.95,111.74,109.8,2309421569.96
600519.SH,2021-04-13,199.04,199.61,200.59,198.61,5341983992.1
000858.SZ,2021-04-13,31.55,31.62,32.2,31.02,1540537875.22
300750.SZ,2021-04-13,54.62,54.74,55.57,54.25,2074232161.73
601318.SH,2021-04-13,11.32,11.37,11.37,10.94,364512904.01
000333.SZ,2021-04-13,34.76,34.72,35.69,33.99,30606200.15
600036.SH,2021-04-13,147.71,148.15,149.27,145.68,5533221060.78
002415.SZ,2021-04-13,19.82,19.68,19.88,19.48,150550813.61
600276.SH,2021-04-13,47.96,48.34,47.99,47.94,2040984696.05
002594.SZ,2021-04-13,151.19,151.47,153.75,148.95,4627042763.64
601012.SH,2021-04-13,149.67,148.95,152.64,148.45,1614173159.82
600887.SH,2021-04-13,58.98,59.3,60.4,58.52,1325222469.42
000002.SZ,2021-04-13,108.58,108.29,109.65,108.26,1672561420.66
600519.SH,2021-04-14,202.79,201.35,202.86,200.61,5074625832.66
000858.SZ,2021-04-14,31.0,31.08,31.24,30.69,574606321.89
300750.SZ,2021-04-14,55.45,55.57,55.57,54.6,2334138247.54
601318.SH,2021-04-14,11.74,11.73,11.82,11.67,110941493.44
000333.SZ,2021-04-14,35.06,35.13,35.47,34.81,288064122.42
600036.SH,2021-04-14,143.09,143.75,147.75,140.21,5944276049.43
002415.SZ,2021-04-14,19.87,19.83,20.06,19.51,170158413.31
600276.SH,2021-04-14,48.08,48.32,48.57,47.28,14323941.44
002594.SZ,2021-04-14,148.01,148.17,148.81,144.92,1706704970.05
601012.SH,2021-04-14,145.03,145.4,148.64,141.85,6660464532.52
600887.SH,2021-04-14,58.44,58.66,60.34,58.1,2004074696.34
000002.SZ,2021-04-14,110.99,110.62,111.09,110.47,292037215.4
600519.SH,2021-04-15,207.04,207.64,213.89,198.13,552458840.17
000858.SZ,2021-04-15,31.95,31.87,32.68,31.56,175932012.34
300750.SZ,2021-04-15,55.42,55.47,55.83,55.33,241716652.09
601318.SH,2021-04-15,12.32,12.43,12.5,11.96,102968659.18
000333.SZ,2021-04-15,34.33,34.2,34.77,33.92,74711524.75
600036.SH,2021-04-15,144.73,145.15,146.55,143.28,4813348260.03
002415.SZ,2021-04-15,19.76,19.9,20.01,19.56,191033402.76
600276.SH,2021-04-15,49.9,49.79,50.27,49.19,900522309.45
002594.SZ,2021-04-15,148.21,148.34,149.36,145.36,5932132110.04
601012.SH,2021-04-15,141.36,142.78,145.55,139.47,4928198249.11
600887.SH,2021-04-15,58.83,59.1,59.6,57.7,1963775107.36
000002.SZ,2021-04-15,107.94,108.21,108.23,105.91,3058296449.55
600519.SH,2021-04-16,202.62,202.44,204.45,201.29,1740988621.29
000858.SZ,2021-04-16,32.7,32.5,33.09,31.8,1052775986.27
300750.SZ,2021-04-16,55.42,55.6,55.82,53.77,753083706.63
601318.SH,2021-04-16,12.59,12.53,12.66,12.53,5556928.22
000333.SZ,2021-04-16,33.6,33.87,34.07,32.85,668604954.43
600036.SH,2021-04-16,149.5,149.22,150.78,148.82,917588153.16
002415.SZ,2021-04-16,19.68,19.74,19.92,19.32,816026333.94
600276.SH,2021-04-16,47.48,47.91,47.56,47.32,1071495343.05
002594.SZ,2021-04-16,144.96,145.28,145.76,143.07,2204290278.83
601012.SH,2021-04-16,136.49,135.94,137.49,133.83,3440926189.84
600887.SH,2021-04-16,56.7,56.98,56.91,56.23,215343671.83
000002.SZ,2021-04-16,109.37,109.71,111.13,108.88,5138166513.41
600519.SH,2021-04-19,204.58,203.95,205.94,199.76,3358101822.41
000858.SZ,2021-04-19,33.2,33.43,33.38,33.06,693117759.31
300750.SZ,2021-04-19,54.42,54.83,54.76,52.01,2630571401.7
601318.SH,2021-04-19,12.77,12.67,12.8,12.66,73690607.9
000333.SZ,2021-04-19,32.38,32.19,33.23,32.24,511688857.86
600036.SH,2021-04-19,147.77,147.92,148.44,146.99,2983726956.3
002415.SZ,2021-04-19,19.61,19.73,19.96,19.45,181102461.66
600276.SH,2021-04-19,46.83,46.72,46.83,45.72,33588396.83
002594.SZ,2021-04-19,145.4,146.46,148.59,141.88,2877043481.82
601012.SH,2021-04-19,136.48,135.41,138.66,135.66,569886852.02
600887.SH,2021-04-19,57.4,57.42,58.9,56.93,712910105.1
000002.SZ,2021-04-19,110.25,110.27,111.67,107.86,1403681047.52
600519.SH,2021-04-20,209.57,209.62,212.86,207.79,4978656311.59
000858.SZ,2021-04-20,32.82,32.53,33.65,32.66,1017173532.25
300750.SZ,2021-04-20,55.34,55.29,56.53,54.53,1634788486.14
601318.SH,2021-04-20,12.86,12.79,13.13,12.8,585225187.84
000333.SZ,2021-04-20,32.6,32.45,32.81,32.44,880115373.3
600036.SH,2021-04-20,148.34,148.38,151.52,145.22,3618092080.86
002415.SZ,2021-04-20,18.57,18.58,18.63,18.46,272490547.74
600276.SH,2021-04-20,49.1,48.97,49.15,48.96,2044644687.99
002594.SZ,2021-04-20,142.14,141.68,146.33,141.57,4893629091.84
601012.SH,2021-04-20,133.83,134.02,135.16,130.74,4786294179.92
600887.SH,2021-04-20,56.97,56.33,57.05,56.77,2776153395.45
000002.SZ,2021-04-20,106.7,107.28,107.27,105.85,1854713930.63
600519.SH,2021-04-21,218.82,219.7,221.14,215.15,6492614426.63
000858.SZ,2021-04-21,32.33,31.88,32.41,32.04,1613336829.61
300750.SZ,2021-04-21,54.42,54.02,54.94,54.39,1582914485.01
601318.SH,2021-04-21,12.6,12.5,12.65,12.49,350563616.0
000333.SZ,2021-04-21,32.97,33.14,33.35,32.8,317069204.81
600036.SH,2021-04-21,153.59,152.7,154.69,152.57,5154977965.09
002415.SZ,2021-04-21,18.7,18.79,19.16,18.42,21787464.06
600276.SH,2021-04-21,48.17,48.09,49.06,47.39,100322456.94
002594.SZ,2021-04-21,146.92,147.55,151.0,143.99,5683616352.23
601012.SH,2021-04-21,134.85,136.05,135.14,132.41,4064931932.0
600887.SH,2021-04-21,55.97,55.87,56.12,55.19,1621427596.09
000002.SZ,2021-04-21,106.56,106.83,106.81,105.95,1027143958.47
600519.SH,2021-04-22,219.65,219.65,224.81,219.08,8955690813.95
000858.SZ,2021-04-22,32.54,32.39,34.18,32.36,8605683.95
300750.SZ,2021-04-22,54.45,54.42,54.46,52.74,2457132972.62
601318.SH,2021-04-22,12.61,12.56,12.87,12.5,384856880.28
000333.SZ,2021-04-22,34.52,34.57,35.03,34.41,872621911.66
600036.SH,2021-04-22,164.54,163.66,165.27,162.09,6328054843.25
002415.SZ,2021-04-22,18.79,18.81,19.45,18.56,337973562.11
600276.SH,2021-04-22,47.09,46.61,48.1,46.25,1302869099.62
002594.SZ,2021-04-22,143.13,143.09,144.86,140.94,4176101385.96
601012.SH,2021-04-22,137.66,138.96,138.37,136.49,5825832604.82
600887.SH,2021-04-22,53.72,53.75,53.92,53.58,793880646.57
000002.SZ,2021-04-22,106.13,106.3,107.07,105.59,3658109427.75
600519.SH,2021-04-23,221.92,223.35,225.44,220.57,6629520572.59
000858.SZ,2021-04-23,32.7,32.67,33.15,32.69,1100654934.54
300750.SZ,2021-04-23,53.92,54.41,54.13,53.18,961910698.54
601318.SH,2021-04-23,13.2,13.23,13.57,12.91,222091405.84
000333.SZ,2021-04-23,35.23,35.29,35.26,35.14,1595359263.13
600036.SH,2021-04-23,162.69,164.37,163.89,161.22,3424378112.69
002415.SZ,2021-04-23,19.17,19.12,19.7,19.1,920757275.33
600276.SH,2021-04-23,46.9,46.64,47.97,46.63,2072314613.53
002594.SZ,2021-04-23,141.36,141.56,142.51,139.57,1001135984.72
601012.SH,2021-04-23,136.33,135.69,136.97,135.97,5404382913.75
600887.SH,2021-04-23,55.34,54.96,55.53,55.12,981102268.93
000002.SZ,2021-04-23,104.7,103.83,106.2,102.89,3885488046.03
600519.SH,2021-04-26,221.64,222.22,223.99,217.68,803055503.05
000858.SZ,2021-04-26,33.55,33.79,33.99,32.84,1590450001.79
300750.SZ,2021-04-26,54.36,53.95,55.0,52.86,196211665.72
601318.SH,2021-04-26,13.29,13.29,13.42,12.93,137796055.16
000333.SZ,2021-04-26,34.66,34.74,34.67,34.02,699979046.64
600036.SH,2021-04-26,172.25,172.36,173.1,172.11,3730286871.45
002415.SZ,2021-04-26,19.57,19.59,20.08,19.37,813075697.38
600276.SH,2021-04-26,44.14,44.06,45.34,43.94,1177515045.02
002594.SZ,2021-04-26,146.04,145.89,146.06,145.52,6950776816.58
601012.SH,2021-04-26,132.01,131.48,132.66,129.1,6058341418.52
600887.SH,2021-04-26,53.47,53.68,54.15,53.04,68671761.78
000002.SZ,2021-04-26,102.92,103.68,103.32,102.68,2669587532.02
600519.SH,2021-04-27,228.72,229.13,228.93,226.15,5108746465.25
000858.SZ,2021-04-27,33.34,33.2,33.42,33.02,1266820303.11
300750.SZ,2021-04-27,54.67,54.6,55.77,52.87,34782031.02
601318.SH,2021-04-27,12.74,12.76,12.99,12.32,179312694.12
000333.SZ,2021-04-27,35.61,35.44,36.23,35.58,548646568.66
600036.SH,2021-04-27,171.19,172.56,171.71,170.63,3102769390.28
002415.SZ,2021-04-27,18.95,19.07,19.32,18.87,63963129.64
600276.SH,2021-04-27,44.53,44.74,44.75,44.29,275420393.21
002594.SZ,2021-04-27,147.9,147.55,149.61,147.81,997501906.1
601012.SH,2021-04-27,132.36,131.5,132.97,129.06,6607973996.28
600887.SH,2021-04-27,55.22,55.16,55.62,54.98,1171782637.72
000002.SZ,2021-04-27,104.47,105.79,106.02,102.63,690662804.4
600519.SH,2021-04-28,237.42,238.42,239.19,236.34,9510471057.3
000858.SZ,2021-04-28,33.31,33.05,33.99,32.82,1567325574.81
300750.SZ,2021-04-28,54.85,54.44,55.29,53.58,1349665823.39
601318.SH,2021-04-28,13.02,12.95,13.23,12.99,242370647.56
000333.SZ,2021-04-28,36.66,36.85,36.91,36.44,1448360272.23
600036.SH,2021-04-28,169.85,169.92,170.68,169.18,8246233591.65
002415.SZ,2021-04-28,19.85,19.87,20.18,19.74,277137340.99
600276.SH,2021-04-28,44.68,44.58,44.86,44.65,809800050.69
002594.SZ,2021-04-28,147.99,147.43,149.0,147.83,3779526893.4
601012.SH,2021-04-28,133.88,133.2,135.26,131.34,5293710899.24
600887.SH,2021-04-28,54.06,54.16,54.57,53.28,1855017696.8
000002.SZ,2021-04-28,100.23,100.65,104.3,100.19,3297533509.21
600519.SH,2021-04-29,249.75,250.11,255.69,244.65,9936982232.19
000858.SZ,2021-04-29,34.21,34.27,34.55,33.73,548018608.91
300750.SZ,2021-04-29,53.61,53.53,54.07,52.36,1448180133.7
601318.SH,2021-04-29,13.07,13.02,13.2,12.81,471094899.26
000333.SZ,2021-04-29,37.25,37.64,37.49,36.89,1429609348.01
600036.SH,2021-04-29,167.86,166.85,170.24,166.48,5664629515.36
002415.SZ,2021-04-29,20.57,20.56,20.65,20.26,872115549.8
600276.SH,2021-04-29,44.15,44.29,44.21,44.09,2156887827.34
002594.SZ,2021-04-29,151.73,151.6,157.58,149.83,3487754860.21
601012.SH,2021-04-29,131.84,132.12,132.54,130.78,4531464075.02
600887.SH,2021-04-29,54.78,54.54,55.8,54.35,604214616.13
000002.SZ,2021-04-29,104.16,104.55,104.7,103.01,3957114892.32
600519.SH,2021-04-30,252.83,254.91,254.27,247.65,8573248308.84
000858.SZ,2021-04-30,33.81,33.68,34.57,33.6,852625340.09
300750.SZ,2021-04-30,53.93,53.22,54.28,52.53,1739552505.52
601318.SH,2021-04-30,13.31,13.24,13.4,13.25,648044510.8
000333.SZ,2021-04-30,36.87,37.2,37.64,36.83,260929985.68
600036.SH,2021-04-30,166.29,165.37,169.15,161.37,196391123.07
002415.SZ,2021-04-30,21.49,21.5,21.77,21.48,135983224.23
600276.SH,2021-04-30,45.71,45.62,46.03,45.09,1574023378.66
002594.SZ,2021-04-30,149.29,148.71,151.23,147.63,2097056245.19
601012.SH,2021-04-30,127.56,126.3,127.95,127.42,4430679390.33
600887.SH,2021-04-30,53.05,52.94,53.83,52.09,685894697.23
000002.SZ,2021-04-30,101.31,101.37,101.88,97.5,647532101.27
600519.SH,2021-05-03,251.16,250.55,257.94,249.89,3268194353.32
000858.SZ,2021-05-03,33.77,33.75,34.31,33.59,197104949.1
300750.SZ,2021-05-03,52.1,52.23,52.13,50.78,605535350.29
601318.SH,2021-05-03,13.37,13.4,13.5,13.19,32702701.44
000333.SZ,2021-05-03,34.21,34.18,34.63,34.18,420392054.75
600036.SH,2021-05-03,166.95,166.75,167.82,164.68,3541850154.49
002415.SZ,2021-05-03,22.37,22.03,22.56,22.02,288360763.73
600276.SH,2021-05-03,44.34,44.11,44.72,43.41,1674541989.34
002594.SZ,2021-05-03,138.62,138.47,139.17,138.18,6810761110.86
601012.SH,2021-05-03,128.16,127.72,128.83,126.19,3816601161.59
600887.SH,2021-05-03,54.0,53.97,55.89,53.44,2272977849.05
000002.SZ,2021-05-03,100.33,100.15,101.22,98.9,1424367345.79
600519.SH,2021-05-04,252.73,252.14,253.03,250.46,1201182001.19
000858.SZ,2021-05-04,34.87,34.83,36.16,34.23,429919715.72
300750.SZ,2021-05-04,54.32,54.33,55.82,53.22,2216242960.04
601318.SH,2021-05-04,13.58,13.53,13.87,13.37,113869548.41
000333.SZ,2021-05-04,33.17,33.12,33.32,33.1,410022867.06
600036.SH,2021-05-04,167.74,167.48,167.95,163.5,2283551002.5
002415.SZ,2021-05-04,21.82,21.81,22.01,21.37,512787521.14
600276.SH,2021-05-04,44.35,44.09,45.55,44.13,2145521727.09
002594.SZ,2021-05-04,137.85,137.68,139.17,137.27,4480960037.79
601012.SH,2021-05-04,126.39,126.6,126.94,125.59,5194565208.86
600887.SH,2021-05-04,56.1,56.08,57.29,54.89,2527672839.88
000002.SZ,2021-05-04,99.81,100.43,100.03,99.53,67654302.14
600519.SH,2021-05-05,243.5,245.09,247.08,242.04,9551003491.83
000858.SZ,2021-05-05,35.22,35.12,35.4,35.01,136014502.71
300750.SZ,2021-05-05,55.28,55.18,55.86,54.76,2563947357.69
601318.SH,2021-05-05,13.6,13.55,13.88,13.2,509263190.99
000333.SZ,2021-05-05,32.54,32.47,32.79,32.52,1261669064.45
600036.SH,2021-05-05,166.01,166.46,169.45,162.79,916805590.95
002415.SZ,2021-05-05,21.51,21.44,21.95,21.14,336017050.54
600276.SH,2021-05-05,43.81,43.57,43.88,43.14,1538597537.64
002594.SZ,2021-05-05,135.5,134.21,136.34,134.84,5173957608.83
601012.SH,2021-05-05,125.76,126.14,127.4,125.72,6107283078.42
600887.SH,2021-05-05,54.22,54.11,54.47,53.73,1449915400.84
000002.SZ,2021-05-05,100.47,100.1,100.73,98.41,4106250206.33
600519.SH,2021-05-06,238.85,237.13,246.67,237.9,2346316431.62
000858.SZ,2021-05-06,36.01,36.12,36.69,35.76,1486904692.65
300750.SZ,2021-05-06,55.84,55.41,55.93,54.54,1756942540.67
601318.SH,2021-05-06,14.12,14.09,14.21,14.03,366339460.02
000333.SZ,2021-05-06,31.45,31.26,32.37,31.3,783194975.47
600036.SH,2021-05-06,171.95,171.96,172.51,171.0,5904433509.85
002415.SZ,2021-05-06,21.46,21.61,21.83,21.35,846203940.37
600276.SH,2021-05-06,44.51,44.31,45.16,43.19,799893505.82
002594.SZ,2021-05-06,138.59,138.38,141.76,136.2,1986651275.81
601012.SH,2021-05-06,128.84,128.88,130.95,127.5,1713686196.08
600887.SH,2021-05-06,54.33,54.27,54.45,53.01,137768056.56
000002.SZ,2021-05-06,101.66,102.07,103.64,101.56,4442924082.87
600519.SH,2021-05-07,238.43,239.48,240.06,236.65,8848395634.4
000858.SZ,2021-05-07,36.68,36.66,37.64,36.42,1472319998.56
300750.SZ,2021-05-07,54.62,54.25,54.64,54.29,1538471300.74
601318.SH,2021-05-07,14.27,14.14,14.62,14.03,466618975.64
000333.SZ,2021-05-07,32.67,32.52,33.12,32.61,1383361359.63
600036.SH,2021-05-07,180.66,180.81,182.23,180.42,3267663151.63
002415.SZ,2021-05-07,22.04,22.08,22.33,21.93,104020632.58
600276.SH,2021-05-07,46.16,46.39,46.99,45.8,2288730125.35
002594.SZ,2021-05-07,140.47,141.26,143.53,138.59,1786532015.71
601012.SH,2021-05-07,132.3,133.03,134.81,131.8,2635059405.39
600887.SH,2021-05-07,57.0,57.28,57.96,56.69,1362300714.96
000002.SZ,2021-05-07,101.58,101.43,102.28,99.37,3932564299.82
600519.SH,2021-05-10,229.08,229.31,232.33,227.61,7800656689.39
000858.SZ,2021-05-10,36.55,36.44,36.8,35.87,453220986.52
300750.SZ,2021-05-10,54.9,54.68,55.63,52.94,2574697236.31
601318.SH,2021-05-10,13.98,13.95,14.25,13.92,109767948.61
000333.SZ,2021-05-10,31.71,31.86,31.94,31.59,1443718636.51
600036.SH,2021-05-10,178.53,177.5,182.43,176.69,3012207840.57
002415.SZ,2021-05-10,21.37,21.42,21.79,21.37,666759866.4
600276.SH,2021-05-10,47.24,47.01,47.87,46.27,2069156627.87
002594.SZ,2021-05-10,146.53,147.07,149.66,146.14,6405617152.95
601012.SH,2021-05-10,134.6,133.83,136.29,130.95,5393562698.27
600887.SH,2021-05-10,55.04,54.92,55.19,54.83,2564838060.34
000002.SZ,2021-05-10,102.15,103.14,102.22,101.82,1097386727.95
600519.SH,2021-05-11,224.28,225.38,225.02,223.39,4358765307.55
000858.SZ,2021-05-11,36.82,36.74,38.02,36.52,500892714.47
300750.SZ,2021-05-11,53.8,54.19,54.02,53.15,2483229125.42
601318.SH,2021-05-11,14.34,14.33,14.44,14.16,59209884.76
000333.SZ,2021-05-11,32.29,32.17,32.4,32.07,28857065.32
600036.SH,2021-05-11,177.19,177.4,178.62,177.13,7704997422.34
002415.SZ,2021-05-11,21.65,21.77,22.03,21.46,704319000.73
600276.SH,2021-05-11,47.33,47.56,47.61,46.75,846794119.96
002594.SZ,2021-05-11,152.93,153.4,158.05,147.42,3390911540.84
601012.SH,2021-05-11,128.27,128.05,130.09,127.43,3094848614.68
600887.SH,2021-05-11,55.64,55.61,56.2,55.32,608118458.52
000002.SZ,2021-05-11,105.38,106.17,105.42,102.45,5241495390.91
600519.SH,2021-05-12,222.34,220.6,223.79,219.93,10710650892.3
000858.SZ,2021-05-12,36.38,36.52,37.11,35.79,1053714100.1
300750.SZ,2021-05-12,54.06,54.66,55.05,53.97,1028814907.33
601318.SH,2021-05-12,14.01,14.02,14.37,13.99,48748332.51
000333.SZ,2021-05-12,31.87,31.95,32.5,31.85,833162509.02
600036.SH,2021-05-12,172.74,175.65,175.97,171.83,6803454720.86
002415.SZ,2021-05-12,21.57,21.81,21.7,21.2,75645302.79
600276.SH,2021-05-12,44.88,45.26,45.51,44.44,253979588.27
002594.SZ,2021-05-12,150.7,151.17,150.93,148.01,507571034.73
601012.SH,2021-05-12,130.12,129.82,130.59,129.98,5271841217.97
600887.SH,2021-05-12,55.14,55.23,55.16,54.0,1290696276.97
000002.SZ,2021-05-12,104.35,103.65,106.34,101.6,559502942.1
600519.SH,2021-05-13,227.44,228.33,230.28,224.54,10706480359.76
000858.SZ,2021-05-13,37.83,38.26,37.87,37.15,101327292.22
300750.SZ,2021-05-13,53.09,53.25,53.16,52.66,2648556010.38
601318.SH,2021-05-13,14.44,14.34,14.76,14.19,503538530.18
000333.SZ,2021-05-13,30.49,30.33,30.56,30.49,92496716.64
600036.SH,2021-05-13,169.17,169.15,169.52,168.68,5547950477.84
002415.SZ,2021-05-13,21.87,21.65,21.96,21.71,639813733.2
600276.SH,2021-05-13,45.19,45.15,45.2,44.65,410422672.18
002594.SZ,2021-05-13,151.22,150.33,153.07,150.18,300381673.85
601012.SH,2021-05-13,133.0,133.62,133.08,132.22,2189198917.68
600887.SH,2021-05-13,54.89,54.54,55.87,53.95,2596790529.49
000002.SZ,2021-05-13,106.39,105.79,107.52,105.39,4202214833.75
600519.SH,2021-05-14,224.78,225.45,225.15,216.9,5919784974.55
000858.SZ,2021-05-14,37.26,37.29,37.82,37.05,9349923.2
300750.SZ,2021-05-14,50.63,50.16,51.73,50.52,2417246785.06
601318.SH,2021-05-14,14.69,14.7,14.7,14.58,163531882.11
000333.SZ,2021-05-14,29.84,30.0,29.92,29.51,970391894.92
600036.SH,2021-05-14,173.52,172.87,178.03,173.07,2827392749.13
002415.SZ,2021-05-14,22.43,22.39,22.71,21.98,645871454.19
600276.SH,2021-05-14,44.97,44.95,45.47,44.62,670170199.11
002594.SZ,2021-05-14,151.63,152.02,153.78,149.79,4721556956.77
601012.SH,2021-05-14,133.73,133.34,134.19,132.79,1201035735.83
600887.SH,2021-05-14,54.64,54.41,54.96,54.23,2097026160.69
000002.SZ,2021-05-14,102.56,102.5,103.44,101.57,4962496913.65
600519.SH,2021-05-17,233.01,233.24,237.4,232.72,557987635.25
000858.SZ,2021-05-17,36.75,36.58,37.16,36.63,739639853.36
300750.SZ,2021-05-17,51.33,51.74,52.3,51.29,762985989.3
601318.SH,2021-05-17,14.81,14.86,15.11,14.49,669637425.18
000333.SZ,2021-05-17,30.07,30.28,30.56,29.44,1333610737.17
600036.SH,2021-05-17,174.55,173.9,181.09,172.39,3864054263.38
002415.SZ,2021-05-17,22.95,23.07,23.22,22.7,587278221.78
600276.SH,2021-05-17,44.01,43.85,44.79,42.67,1977271321.58
002594.SZ,2021-05-17,155.46,156.37,156.41,152.4,7445367323.64
601012.SH,2021-05-17,134.35,134.66,136.08,133.31,5450663613.92
600887.SH,2021-05-17,54.72,54.36,55.17,54.04,255704271.66
000002.SZ,2021-05-17,101.55,101.49,102.61,101.19,2944427225.25
600519.SH,2021-05-18,232.87,230.48,234.61,232.04,865498458.09
000858.SZ,2021-05-18,37.3,37.5,37.69,36.68,1639306385.38
300750.SZ,2021-05-18,49.85,50.17,50.63,49.16,1302293111.57
601318.SH,2021-05-18,14.18,14.26,14.45,13.82,696299264.67
000333.SZ,2021-05-18,29.88,30.04,29.92,29.4,439484721.97
600036.SH,2021-05-18,177.7,177.79,181.24,177.31,3467013635.49
002415.SZ,2021-05-18,22.79,22.92,22.96,22.47,661843799.84
600276.SH,2021-05-18,45.54,45.61,47.0,45.41,2056027643.17
002594.SZ,2021-05-18,160.58,160.74,161.17,156.47,7707548320.1
601012.SH,2021-05-18,139.13,138.91,141.62,134.7,1117997044.72
600887.SH,2021-05-18,56.73,57.43,57.37,56.66,1036689645.04
000002.SZ,2021-05-18,102.27,102.02,105.88,99.32,5057320392.04
600519.SH,2021-05-19,236.28,236.79,238.5,230.2,5421750459.74
000858.SZ,2021-05-19,36.68,36.73,37.4,36.65,1445352057.46
300750.SZ,2021-05-19,46.53,46.65,46.86,46.41,1805356379.21
601318.SH,2021-05-19,14.33,14.29,14.35,14.31,387292445.22
000333.SZ,2021-05-19,29.32,29.32,29.34,28.64,1189813732.64
600036.SH,2021-05-19,176.9,175.48,177.79,173.14,425313811.33
002415.SZ,2021-05-19,21.39,21.41,21.41,21.18,878527095.73
600276.SH,2021-05-19,46.58,46.48,47.87,46.39,947643155.68
002594.SZ,2021-05-19,159.85,159.62,160.87,157.31,7483687876.26
601012.SH,2021-05-19,137.14,137.07,137.6,132.84,4133828056.25
600887.SH,2021-05-19,55.12,55.47,56.4,54.63,81463159.68
000002.SZ,2021-05-19,100.24,99.37,100.69,100.24,229998269.62
600519.SH,2021-05-20,231.4,228.67,231.46,229.13,2789909055.32
000858.SZ,2021-05-20,35.81,35.89,35.9,35.71,94495879.61
300750.SZ,2021-05-20,44.91,44.85,45.79,44.78,2227045740.11
601318.SH,2021-05-20,14.26,14.16,14.4,14.15,277193546.83
000333.SZ,2021-05-20,29.09,28.89,29.33,28.54,556761766.64
600036.SH,2021-05-20,180.79,179.46,185.01,180.69,3957365991.16
002415.SZ,2021-05-20,20.46,20.62,20.93,20.09,818889061.83
600276.SH,2021-05-20,46.09,45.86,46.65,45.1,590983780.51
002594.SZ,2021-05-20,156.37,155.72,158.33,153.79,2282103355.11
601012.SH,2021-05-20,138.38,138.74,140.75,137.78,476950965.63
600887.SH,2021-05-20,55.08,55.23,55.94,54.22,694489752.1
000002.SZ,2021-05-20,102.42,101.93,102.74,100.35,2568526203.12
600519.SH,2021-05-21,242.15,242.53,244.34,241.9,1016943931.03
000858.SZ,2021-05-21,35.83,36.06,36.02,35.52,394743912.16
300750.SZ,2021-05-21,45.52,45.82,46.47,44.23,2090638715.43
601318.SH,2021-05-21,14.0,13.98,14.19,13.81,18035035.94
000333.SZ,2021-05-21,29.01,28.75,29.21,28.74,960953565.29
600036.SH,2021-05-21,180.99,183.32,185.31,180.81,8580604651.59
002415.SZ,2021-05-21,21.57,21.56,22.13,20.92,521924498.95
600276.SH,2021-05-21,44.8,45.04,45.62,43.84,598924982.82
002594.SZ,2021-05-21,155.92,155.84,158.52,155.14,2324075919.57
601012.SH,2021-05-21,138.51,137.86,140.92,137.14,1608236737.42
600887.SH,2021-05-21,54.07,54.17,54.25,53.54,1005188197.4
000002.SZ,2021-05-21,103.37,102.6,104.41,101.9,4069480763.45
600519.SH,2021-05-24,242.36,241.7,245.81,239.03,9897654345.7
000858.SZ,2021-05-24,35.95,35.57,36.05,35.43,1548791842.04
300750.SZ,2021-05-24,44.73,44.5,44.81,44.4,1120666413.76
601318.SH,2021-05-24,14.26,14.25,14.28,14.07,457533823.07
000333.SZ,2021-05-24,28.35,28.25,28.54,27.64,102723601.12
600036.SH,2021-05-24,179.4,178.0,180.85,177.72,5596841531.68
002415.SZ,2021-05-24,22.03,21.9,22.08,21.71,1097389779.45
600276.SH,2021-05-24,46.39,46.24,46.96,46.27,643198703.25
002594.SZ,2021-05-24,153.08,153.48,155.19,151.95,5303737848.14
601012.SH,2021-05-24,140.74,139.92,143.22,139.26,4192115408.09
600887.SH,2021-05-24,53.98,53.52,54.3,53.87,2120088110.98
000002.SZ,2021-05-24,106.12,106.77,106.21,105.56,4249196151.36
600519.SH,2021-05-25,243.15,243.96,246.06,240.78,478378867.29
000858.SZ,2021-05-25,37.49,37.46,38.09,36.53,484484736.71
300750.SZ,2021-05-25,46.46,46.56,46.56,45.5,1907513128.53
601318.SH,2021-05-25,13.93,13.65,13.95,13.54,624567608.01
000333.SZ,2021-05-25,28.13,28.19,28.26,27.91,32928103.55
600036.SH,2021-05-25,176.12,175.62,178.01,173.64,2859655228.05
002415.SZ,2021-05-25,22.0,21.91,22.04,21.82,170695902.72
600276.SH,2021-05-25,44.3,44.44,44.78,43.92,615638857.14
002594.SZ,2021-05-25,146.75,146.06,148.02,146.7,6998303399.4
601012.SH,2021-05-25,144.4,145.19,144.6,143.58,3279022118.28
600887.SH,2021-05-25,54.46,54.16,54.91,53.93,2520524601.36
000002.SZ,2021-05-25,108.18,107.69,108.98,106.97,5240770354.32
600519.SH,2021-05-26,237.77,240.3,239.97,231.13,7819626593.65
000858.SZ,2021-05-26,36.53,36.68,36.83,35.52,1301538834.49
300750.SZ,2021-05-26,46.26,45.94,46.76,46.23,582491047.09
601318.SH,2021-05-26,14.41,14.34,14.67,14.35,102756387.02
000333.SZ,2021-05-26,28.2,28.33,28.34,27.99,867839227.03
600036.SH,2021-05-26,177.02,177.14,178.13,176.37,7280509867.12
002415.SZ,2021-05-26,22.66,22.65,22.84,22.15,348850474.01
600276.SH,2021-05-26,44.74,44.34,45.77,44.55,379848793.69
002594.SZ,2021-05-26,147.49,147.93,151.24,146.38,1025878021.42
601012.SH,2021-05-26,146.01,145.19,148.06,145.69,866513022.84
600887.SH,2021-05-26,54.23,54.52,54.42,53.27,2274412688.92
000002.SZ,2021-05-26,112.48,112.78,112.89,112.14,4572641339.47
600519.SH,2021-05-27,237.27,239.0,237.4,231.0,9651818352.92
000858.SZ,2021-05-27,35.89,35.74,36.03,35.77,1412301556.07
300750.SZ,2021-05-27,47.07,46.73,48.02,46.99,1969950293.33
601318.SH,2021-05-27,14.76,14.61,14.97,14.25,336041484.8
000333.SZ,2021-05-27,27.88,27.94,28.01,27.76,888943387.52
600036.SH,2021-05-27,180.31,178.71,183.75,178.63,8106986875.87
002415.SZ,2021-05-27,23.28,23.27,23.62,22.98,842390135.73
600276.SH,2021-05-27,41.02,40.68,41.36,40.82,77072636.32
002594.SZ,2021-05-27,141.2,140.63,142.62,140.43,4253178408.98
601012.SH,2021-05-27,147.55,148.83,149.61,147.36,3857528738.28
600887.SH,2021-05-27,53.0,52.9,54.25,52.48,1786656609.17
000002.SZ,2021-05-27,117.28,117.63,118.47,116.51,1387149588.0
600519.SH,2021-05-28,239.31,238.67,241.75,234.78,6317860395.67
000858.SZ,2021-05-28,35.82,35.73,35.98,35.03,1601259390.73
300750.SZ,2021-05-28,47.17,47.62,47.72,46.72,2236130501.35
601318.SH,2021-05-28,14.63,14.62,14.8,14.57,12034968.85
000333.SZ,2021-05-28,27.45,27.63,27.6,27.42,254889690.86
600036.SH,2021-05-28,180.95,180.27,184.34,179.75,8507947677.25
002415.SZ,2021-05-28,23.88,23.68,24.13,23.6,7045437.1
600276.SH,2021-05-28,39.45,39.48,39.81,39.28,51288380.03
002594.SZ,2021-05-28,142.12,141.54,143.76,139.88,1685142745.1
601012.SH,2021-05-28,145.96,146.49,147.55,143.02,6851762172.73
600887.SH,2021-05-28,53.14,53.51,54.31,52.01,1303301963.64
000002.SZ,2021-05-28,115.14,115.27,115.95,114.08,2297226349.25
600519.SH,2021-05-31,240.29,239.09,241.79,237.75,3866922273.91
000858.SZ,2021-05-31,34.87,34.89,35.11,34.79,818150058.0
300750.SZ,2021-05-31,47.17,47.59,48.06,46.89,2102543711.46
601318.SH,2021-05-31,14.54,14.56,14.54,14.39,561541902.07
000333.SZ,2021-05-31,26.32,26.32,26.52,26.27,69615843.68
600036.SH,2021-05-31,182.93,183.94,183.6,182.14,555661659.79
002415.SZ,2021-05-31,22.21,22.16,22.39,22.19,707725848.66
600276.SH,2021-05-31,39.1,39.48,39.67,38.84,925924439.72
002594.SZ,2021-05-31,136.9,137.42,138.92,133.66,3458304367.71
601012.SH,2021-05-31,146.98,145.98,150.11,144.44,3484845778.87
600887.SH,2021-05-31,52.72,52.84,54.32,51.35,1591584473.78
000002.SZ,2021-05-31,117.55,117.11,117.96,117.23,2650803326.44
600519.SH,2021-06-01,239.2,240.44,242.34,236.88,7179046756.32
000858.SZ,2021-06-01,34.7,34.85,35.54,34.33,549078733.71
300750.SZ,2021-06-01,48.51,48.46,48.78,48.4,1916684210.26
601318.SH,2021-06-01,14.38,14.42,14.81,14.11,135596253.29
000333.SZ,2021-06-01,26.31,26.42,26.98,26.1,950137754.09
600036.SH,2021-06-01,189.54,187.75,190.1,188.45,55418506.84
002415.SZ,2021-06-01,22.59,22.57,22.84,22.04,444436641.39
600276.SH,2021-06-01,41.06,41.32,41.16,40.65,332675367.96
002594.SZ,2021-06-01,138.54,138.76,142.26,137.74,1032516997.65
601012.SH,2021-06-01,145.1,145.26,147.35,139.42,5137571257.33
600887.SH,2021-06-01,54.16,53.95,54.83,53.09,2593496044.71
000002.SZ,2021-06-01,120.32,121.41,122.02,119.04,1928069028.71
600519.SH,2021-06-02,237.69,237.33,237.95,232.32,10936461309.76
000858.SZ,2021-06-02,35.19,34.92,35.6,34.97,850629198.51
300750.SZ,2021-06-02,48.44,48.94,49.0,47.98,531856821.01
601318.SH,2021-06-02,14.57,14.68,14.86,14.54,655240826.12
000333.SZ,2021-06-02,26.35,26.3,26.58,25.99,963535023.89
600036.SH,2021-06-02,189.02,188.89,195.35,185.76,8808125937.76
002415.SZ,2021-06-02,23.55,23.63,23.74,23.3,565836670.79
600276.SH,2021-06-02,41.55,41.7,42.05,41.37,963071385.94
002594.SZ,2021-06-02,134.0,134.54,134.29,133.06,1485903758.94
601012.SH,2021-06-02,145.93,144.95,146.9,141.99,2590279591.08
600887.SH,2021-06-02,53.78,53.89,55.11,52.4,770354643.78
000002.SZ,2021-06-02,121.32,121.95,121.61,120.72,1808191710.8
600519.SH,2021-06-03,239.23,238.55,240.51,236.98,2459349845.79
000858.SZ,2021-06-03,35.53,35.64,36.41,35.38,1453183420.1
300750.SZ,2021-06-03,46.4,46.29,46.43,46.12,921328247.49
601318.SH,2021-06-03,14.0,13.79,14.09,13.83,572242481.88
000333.SZ,2021-06-03,27.28,27.17,27.7,27.09,59600811.61
600036.SH,2021-06-03,188.99,189.85,194.75,186.22,8679822938.99
002415.SZ,2021-06-03,24.35,24.36,24.61,24.34,694337742.2
600276.SH,2021-06-03,42.12,42.0,42.51,41.81,542830107.63
002594.SZ,2021-06-03,132.28,132.34,132.48,129.45,857346855.77
601012.SH,2021-06-03,139.84,141.41,141.22,138.94,2478180071.55
600887.SH,2021-06-03,54.5,54.83,55.07,54.21,1749050312.64
000002.SZ,2021-06-03,122.95,122.6,123.18,121.11,288825060.75
600519.SH,2021-06-04,249.82,250.45,250.71,247.47,2329801339.21
000858.SZ,2021-06-04,35.37,35.42,35.46,35.23,140277361.7
300750.SZ,2021-06-04,46.52,46.55,46.91,46.19,42116615.0
601318.SH,2021-06-04,13.38,13.36,13.41,13.19,506745752.79
000333.SZ,2021-06-04,26.88,26.74,27.92,26.8,817411241.8
600036.SH,2021-06-04,190.25,190.76,191.08,189.36,9410334021.59
002415.SZ,2021-06-04,24.15,24.01,24.89,23.45,673679397.94
600276.SH,2021-06-04,41.22,41.04,42.32,41.04,1396279111.21
002594.SZ,2021-06-04,137.03,136.42,140.29,136.81,3745688968.08
601012.SH,2021-06-04,145.52,145.75,146.98,145.16,7266575300.57
600887.SH,2021-06-04,53.07,52.98,53.97,51.99,138500998.48
000002.SZ,2021-06-04,123.31,123.54,125.49,123.0,1924182412.26
600519.SH,2021-06-07,247.27,244.47,253.43,244.99,6959283957.01
000858.SZ,2021-06-07,36.7,36.81,37.46,36.35,12595191.53
300750.SZ,2021-06-07,46.81,47.14,47.02,46.64,375574887.74
601318.SH,2021-06-07,13.58,13.65,13.66,13.41,495295202.97
000333.SZ,2021-06-07,26.27,26.15,26.33,25.98,562540530.58
600036.SH,2021-06-07,196.66,198.23,201.38,194.4,3719273273.79
002415.SZ,2021-06-07,23.98,23.77,24.26,23.79,173239228.1
600276.SH,2021-06-07,43.16,43.62,44.28,42.78,1054917770.75
002594.SZ,2021-06-07,140.85,140.44,142.17,139.82,3811398207.42
601012.SH,2021-06-07,143.22,142.57,143.91,139.9,3398864652.13
600887.SH,2021-06-07,53.79,54.18,54.21,53.28,1809184343.27
000002.SZ,2021-06-07,124.12,124.21,124.28,121.47,5433476833.38
600519.SH,2021-06-08,246.03,247.29,246.55,243.31,11532145583.02
000858.SZ,2021-06-08,37.41,37.51,37.68,36.54,724845768.61
300750.SZ,2021-06-08,46.81,46.18,47.38,46.33,1177578639.63
601318.SH,2021-06-08,13.6,13.55,13.93,13.49,507720998.48
000333.SZ,2021-06-08,25.87,25.76,26.78,25.36,221244956.29
600036.SH,2021-06-08,193.1,192.62,196.98,192.4,9510053611.98
002415.SZ,2021-06-08,24.04,24.2,24.43,23.77,782186403.08
600276.SH,2021-06-08,43.37,43.02,43.89,43.04,1130063011.87
002594.SZ,2021-06-08,144.7,143.69,146.21,143.9,4832302613.2
601012.SH,2021-06-08,138.44,138.59,139.03,134.44,6749574796.1
600887.SH,2021-06-08,53.97,54.03,55.14,53.28,1471740116.96
000002.SZ,2021-06-08,129.13,128.54,130.98,127.37,1241175552.57
600519.SH,2021-06-09,241.98,240.41,242.92,240.23,9563139996.11
000858.SZ,2021-06-09,36.45,36.2,36.86,35.09,1099395227.86
300750.SZ,2021-06-09,45.75,45.82,46.69,44.79,212443863.48
601318.SH,2021-06-09,13.87,13.79,13.93,13.77,645529919.75
000333.SZ,2021-06-09,25.06,25.18,25.12,24.53,228070175.78
600036.SH,2021-06-09,193.29,194.22,194.96,193.22,5612843118.99
002415.SZ,2021-06-09,23.65,23.6,23.84,23.41,977154954.6
600276.SH,2021-06-09,42.77,42.7,43.41,42.03,1453171730.44
002594.SZ,2021-06-09,143.67,143.65,143.87,142.84,3491606816.21
601012.SH,2021-06-09,137.22,137.12,137.64,136.26,4086398321.85
600887.SH,2021-06-09,53.5,53.35,53.73,53.25,933605700.27
000002.SZ,2021-06-09,129.02,128.67,132.76,128.59,1589530988.11
600519.SH,2021-06-10,243.73,243.03,247.18,241.3,7021143304.19
000858.SZ,2021-06-10,36.05,35.92,36.08,35.99,13865667.49
300750.SZ,2021-06-10,46.31,46.55,46.87,45.15,2202700616.41
601318.SH,2021-06-10,13.72,13.71,13.85,13.58,658031642.52
000333.SZ,2021-06-10,24.79,24.84,25.4,24.12,657550530.83
600036.SH,2021-06-10,193.59,192.88,193.68,191.55,8364241507.98
002415.SZ,2021-06-10,22.65,22.76,22.86,22.56,323988014.13
600276.SH,2021-06-10,41.91,41.97,42.58,41.88,245273717.41
002594.SZ,2021-06-10,141.34,140.37,141.99,138.74,3203439350.06
601012.SH,2021-06-10,133.78,133.16,134.52,132.95,6470936321.21
600887.SH,2021-06-10,53.22,53.65,54.08,52.17,1749559417.74
000002.SZ,2021-06-10,126.72,127.01,126.97,124.43,5457458314.58
600519.SH,2021-06-11,238.3,236.46,239.92,237.13,7652107522.1
000858.SZ,2021-06-11,36.99,37.27,37.15,36.65,212730071.25
300750.SZ,2021-06-11,48.74,48.72,48.84,48.04,1732234693.13
601318.SH,2021-06-11,14.06,14.13,14.21,13.77,384824220.44
000333.SZ,2021-06-11,24.99,25.12,25.45,24.64,481727374.32
600036.SH,2021-06-11,199.12,200.39,201.92,195.78,446482508.53
002415.SZ,2021-06-11,22.84,22.88,23.04,22.52,396942742.71
600276.SH,2021-06-11,41.66,41.8,41.85,40.92,1886305482.46
002594.SZ,2021-06-11,141.81,142.13,146.17,141.31,5316313062.27
601012.SH,2021-06-11,132.72,132.73,134.59,131.64,747179492.85
600887.SH,2021-06-11,50.31,50.56,52.42,48.92,1353294299.95
000002.SZ,2021-06-11,124.12,124.35,124.5,119.53,56134610.81
600519.SH,2021-06-14,233.48,233.03,236.33,226.35,8808031145.91
000858.SZ,2021-06-14,37.45,37.44,37.83,37.28,33162470.86
300750.SZ,2021-06-14,48.18,48.34,49.06,47.93,1944832345.06
601318.SH,2021-06-14,13.44,13.51,13.57,13.39,576061077.13
000333.SZ,2021-06-14,24.98,24.94,25.53,24.82,760780199.26
600036.SH,2021-06-14,200.65,201.16,200.88,199.49,6675709409.97
002415.SZ,2021-06-14,23.29,23.39,23.34,23.11,585450062.52
600276.SH,2021-06-14,42.06,42.29,42.33,41.61,1954234686.33
002594.SZ,2021-06-14,150.35,149.84,150.89,148.64,3406822156.43
601012.SH,2021-06-14,129.91,129.92,133.07,129.75,3637519073.32
600887.SH,2021-06-14,52.0,51.87,54.57,51.54,1717308385.34
000002.SZ,2021-06-14,127.04,126.53,127.88,125.52,3245349341.98
600519.SH,2021-06-15,229.89,229.09,234.82,225.85,1897642412.68
000858.SZ,2021-06-15,37.35,37.36,37.75,36.66,1833842158.94
300750.SZ,2021-06-15,47.31,47.32,48.45,46.43,282818075.95
601318.SH,2021-06-15,13.4,13.38,13.56,12.99,88572200.01
000333.SZ,2021-06-15,24.72,24.68,24.84,24.34,317727825.11
600036.SH,2021-06-15,198.52,200.07,200.28,197.65,3817334273.03
002415.SZ,2021-06-15,23.3,23.53,23.44,23.02,210147517.6
600276.SH,2021-06-15,40.99,40.88,41.51,40.86,139399660.27
002594.SZ,2021-06-15,154.65,153.45,155.36,153.83,6204467233.65
601012.SH,2021-06-15,132.82,134.44,133.25,130.65,4442705802.39
600887.SH,2021-06-15,51.12,51.09,51.83,50.8,1116307320.81
000002.SZ,2021-06-15,129.84,129.2,131.83,129.72,1277999378.02
600519.SH,2021-06-16,223.96,223.59,225.64,218.23,9292060040.11
000858.SZ,2021-06-16,35.7,35.62,36.45,35.45,48538863.57
300750.SZ,2021-06-16,47.7,47.5,48.37,47.23,2343843449.25
601318.SH,2021-06-16,13.59,13.62,13.86,13.56,621215872.81
000333.SZ,2021-06-16,24.27,24.44,24.63,23.89,408479281.42
600036.SH,2021-06-16,201.23,199.68,205.71,198.26,4057887695.56
002415.SZ,2021-06-16,24.45,24.21,24.75,24.16,329385368.94
600276.SH,2021-06-16,44.1,44.0,44.23,44.01,1069385124.09
002594.SZ,2021-06-16,151.36,150.14,153.02,149.51,582351882.94
601012.SH,2021-06-16,133.98,134.15,137.25,131.58,3133483013.75
600887.SH,2021-06-16,49.57,49.61,49.95,49.28,15338068.44
000002.SZ,2021-06-16,139.1,139.49,139.65,137.24,1610378677.37
600519.SH,2021-06-17,221.63,219.48,223.64,217.1,3589865910.94
000858.SZ,2021-06-17,36.49,36.59,36.6,36.2,1127596781.41
300750.SZ,2021-06-17,47.84,47.65,48.6,47.51,1255972517.4
601318.SH,2021-06-17,13.24,13.16,13.57,13.12,239664075.33
000333.SZ,2021-06-17,24.16,24.08,24.16,23.94,734960127.19
600036.SH,2021-06-17,194.52,194.67,196.45,193.89,7054258175.06
002415.SZ,2021-06-17,24.07,23.99,24.8,23.92,1084799558.33
600276.SH,2021-06-17,43.83,43.73,45.01,43.6,535117577.24
002594.SZ,2021-06-17,152.28,151.16,152.35,151.23,4031322668.06
601012.SH,2021-06-17,126.43,127.25,126.59,124.88,1817019636.83
600887.SH,2021-06-17,49.52,49.7,50.13,49.05,1790998786.7
000002.SZ,2021-06-17,148.05,147.77,150.66,145.97,981620642.22
600519.SH,2021-06-18,216.47,216.5,217.77,216.11,4925365771.01
000858.SZ,2021-06-18,36.81,36.62,37.55,35.53,872974644.05
300750.SZ,2021-06-18,47.36,47.02,49.08,47.28,741401030.07
601318.SH,2021-06-18,12.31,12.36,12.5,12.31,98325819.79
000333.SZ,2021-06-18,23.57,23.64,23.86,23.47,71863559.22
600036.SH,2021-06-18,191.29,192.01,191.73,185.43,896036248.99
002415.SZ,2021-06-18,24.59,24.53,24.74,23.8,219732790.04
600276.SH,2021-06-18,43.81,43.38,44.13,43.49,378930451.95
002594.SZ,2021-06-18,151.52,152.18,153.65,150.86,2770612643.03
601012.SH,2021-06-18,128.63,129.03,130.14,128.31,2347916471.09
600887.SH,2021-06-18,49.7,49.74,50.06,48.79,765077796.6
000002.SZ,2021-06-18,147.51,146.92,147.75,145.69,1098982654.07
600519.SH,2021-06-21,220.19,221.28,221.93,219.78,3241696189.79
000858.SZ,2021-06-21,35.56,35.79,36.11,35.31,516010828.85
300750.SZ,2021-06-21,47.14,47.15,47.43,46.07,427223819.4
601318.SH,2021-06-21,12.7,12.67,12.82,12.59,151916662.86
000333.SZ,2021-06-21,22.32,22.4,22.52,22.23,1092249859.06
600036.SH,2021-06-21,187.61,187.99,191.54,185.03,6025908582.49
002415.SZ,2021-06-21,24.7,24.74,24.95,24.52,737372475.67
600276.SH,2021-06-21,44.08,44.17,44.8,44.08,561361709.72
002594.SZ,2021-06-21,150.32,150.23,152.3,148.5,3977941243.07
601012.SH,2021-06-21,130.07,129.33,133.39,129.99,3712122825.88
600887.SH,2021-06-21,48.62,48.76,48.99,47.81,1969061010.87
000002.SZ,2021-06-21,151.2,151.21,151.64,144.8,4926081019.32
600519.SH,2021-06-22,221.37,221.6,223.62,220.17,1982047435.6
000858.SZ,2021-06-22,37.19,37.57,37.35,36.81,633928652.33
300750.SZ,2021-06-22,48.16,47.66,48.48,47.85,477182504.23
601318.SH,2021-06-22,12.89,12.94,13.16,12.74,60308939.23
000333.SZ,2021-06-22,23.12,23.12,24.09,22.91,554254473.46
600036.SH,2021-06-22,183.93,183.55,187.22,179.96,3542184454.81
002415.SZ,2021-06-22,24.53,24.57,24.75,23.88,89382528.41
600276.SH,2021-06-22,42.18,42.29,42.25,41.53,900312968.8
002594.SZ,2021-06-22,153.67,153.58,156.74,153.27,6218851352.59
601012.SH,2021-06-22,135.52,135.62,137.25,134.34,5084912595.1
600887.SH,2021-06-22,48.06,48.34,48.57,47.76,2063127014.51
000002.SZ,2021-06-22,146.67,146.39,151.15,144.77,4389335512.21
600519.SH,2021-06-23,227.71,227.61,228.6,225.82,9675479304.05
000858.SZ,2021-06-23,36.52,36.69,36.55,36.29,1063051531.67
300750.SZ,2021-06-23,47.57,47.98,48.49,47.41,2357189048.61
601318.SH,2021-06-23,13.39,13.42,13.44,13.36,609124143.74
000333.SZ,2021-06-23,22.92,22.93,23.15,22.72,1064288365.37
600036.SH,2021-06-23,183.17,183.11,185.23,181.21,9112969012.57
002415.SZ,2021-06-23,25.53,25.74,26.29,25.41,222529294.44
600276.SH,2021-06-23,42.82,42.74,44.09,42.37,568973740.94
002594.SZ,2021-06-23,149.66,149.38,152.36,149.27,3465843095.44
601012.SH,2021-06-23,140.68,140.83,142.32,139.42,4257803040.57
600887.SH,2021-06-23,45.99,45.6,47.34,45.45,79001479.89
000002.SZ,2021-06-23,150.44,150.42,151.22,150.12,651459766.75
600519.SH,2021-06-24,230.61,230.94,232.21,226.75,2587409792.02
000858.SZ,2021-06-24,36.06,36.22,36.47,36.03,1522281355.57
300750.SZ,2021-06-24,46.67,46.75,46.8,45.76,399782772.63
601318.SH,2021-06-24,13.02,13.01,13.13,12.66,482080774.03
000333.SZ,2021-06-24,23.93,23.89,24.4,23.62,564202283.64
600036.SH,2021-06-24,183.83,184.05,189.23,181.56,8252776027.03
002415.SZ,2021-06-24,25.14,25.09,25.64,25.01,429113210.64
600276.SH,2021-06-24,43.46,43.59,44.31,43.45,1435721197.19
002594.SZ,2021-06-24,154.24,153.47,155.93,153.11,3359950200.35
601012.SH,2021-06-24,141.88,141.26,145.21,141.22,720057265.51
600887.SH,2021-06-24,46.82,46.7,47.18,46.67,246177095.18
000002.SZ,2021-06-24,154.1,155.24,155.98,154.05,6528403486.07
600519.SH,2021-06-25,231.07,228.22,235.07,227.66,8579477115.96
000858.SZ,2021-06-25,36.37,36.64,36.84,35.89,1396375641.98
300750.SZ,2021-06-25,46.56,46.34,47.28,45.84,39688343.56
601318.SH,2021-06-25,12.71,12.69,12.8,12.62,196076103.54
000333.SZ,2021-06-25,23.18,22.93,23.34,22.78,980073391.81
600036.SH,2021-06-25,185.99,186.11,186.34,184.85,840920720.16
002415.SZ,2021-06-25,24.71,24.68,25.07,24.52,1036340868.55
600276.SH,2021-06-25,43.46,43.27,43.52,43.16,54955599.75
002594.SZ,2021-06-25,153.36,153.69,157.77,152.28,3854786334.0
601012.SH,2021-06-25,145.39,145.89,148.35,145.06,1713138382.28
600887.SH,2021-06-25,47.17,47.02,47.46,46.85,579397064.47
000002.SZ,2021-06-25,155.36,155.88,155.93,151.44,7343275682.06
600519.SH,2021-06-28,229.53,228.49,235.13,228.92,7832001408.13
000858.SZ,2021-06-28,36.26,36.07,36.87,35.55,833634494.15
300750.SZ,2021-06-28,46.19,46.27,47.58,46.17,1845907174.74
601318.SH,2021-06-28,12.79,12.91,13.05,12.45,100029445.15
000333.SZ,2021-06-28,22.19,22.25,22.29,21.89,612224140.42
600036.SH,2021-06-28,185.99,187.49,186.77,183.0,5518335458.18
002415.SZ,2021-06-28,24.95,24.92,25.07,24.62,214018070.61
600276.SH,2021-06-28,43.9,43.91,44.32,43.27,1650838615.52
002594.SZ,2021-06-28,149.31,150.18,151.02,145.81,7406234847.61
601012.SH,2021-06-28,143.93,143.46,144.53,142.8,5663390630.54
600887.SH,2021-06-28,46.74,46.6,47.06,45.54,1319517894.82
000002.SZ,2021-06-28,153.34,152.0,154.11,153.08,1729852922.43
600519.SH,2021-06-29,222.66,221.78,222.94,221.59,2935832130.99
000858.SZ,2021-06-29,35.29,35.32,35.87,34.92,148196678.31
300750.SZ,2021-06-29,46.22,46.31,46.5,45.66,2054921682.27
601318.SH,2021-06-29,12.92,12.9,12.97,12.63,220969019.17
000333.SZ,2021-06-29,22.29,22.27,22.5,21.66,419403175.67
600036.SH,2021-06-29,182.03,181.37,182.06,180.42,2600824884.8
002415.SZ,2021-06-29,25.2,25.26,25.29,24.99,343482841.8
600276.SH,2021-06-29,43.71,43.76,44.07,43.68,872150371.59
002594.SZ,2021-06-29,147.53,147.55,149.26,146.83,4423163348.9
601012.SH,2021-06-29,140.67,140.82,142.02,140.45,1024343014.05
600887.SH,2021-06-29,46.17,46.27,46.78,45.62,1917643380.14
000002.SZ,2021-06-29,156.17,157.03,158.11,153.14,335637009.51
600519.SH,2021-06-30,221.75,223.95,226.71,220.47,9807299333.32
000858.SZ,2021-06-30,35.2,35.23,36.43,34.11,358920062.21
300750.SZ,2021-06-30,45.09,45.28,46.16,44.99,845299735.69
601318.SH,2021-06-30,13.83,13.91,13.88,13.58,209342471.18
000333.SZ,2021-06-30,21.04,20.87,21.31,20.61,712736413.14
600036.SH,2021-06-30,172.9,173.44,176.85,168.66,769280266.59
002415.SZ,2021-06-30,24.88,24.73,24.97,24.68,1130612927.1
600276.SH,2021-06-30,43.95,43.99,44.43,43.85,915601155.4
002594.SZ,2021-06-30,154.15,153.95,157.81,149.46,6039147023.5
601012.SH,2021-06-30,142.55,143.43,146.57,141.38,2447463369.58
600887.SH,2021-06-30,46.54,46.76,46.73,46.17,1438630436.08
000002.SZ,2021-06-30,159.83,160.36,161.53,159.18,7694524432.91
600519.SH,2021-07-01,222.39,223.15,224.3,220.76,3997529550.48
000858.SZ,2021-07-01,33.5,33.4,33.51,33.25,1510648397.96
300750.SZ,2021-07-01,45.4,45.6,46.13,44.81,536983655.6
601318.SH,2021-07-01,13.91,13.88,14.19,13.82,522779859.78
000333.SZ,2021-07-01,22.19,22.22,22.42,21.8,230046060.17
600036.SH,2021-07-01,169.87,168.44,173.03,163.29,2655890380.62
002415.SZ,2021-07-01,25.68,25.62,25.96,25.68,31832362.93
600276.SH,2021-07-01,42.48,42.42,42.56,42.39,298046371.35
002594.SZ,2021-07-01,160.13,160.17,160.52,156.58,2571597151.65
601012.SH,2021-07-01,143.09,143.51,146.65,143.07,2134666924.84
600887.SH,2021-07-01,47.54,47.64,48.28,46.62,2150208005.12
000002.SZ,2021-07-01,162.73,164.3,164.48,161.76,8006976848.22
600519.SH,2021-07-02,226.27,226.18,228.86,222.82,9453495942.02
000858.SZ,2021-07-02,33.6,33.79,33.93,33.41,295506298.82
300750.SZ,2021-07-02,44.68,44.63,45.38,44.32,380943966.73
601318.SH,2021-07-02,13.86,13.93,13.89,13.82,159717481.46
000333.SZ,2021-07-02,21.77,21.85,22.56,21.55,504261550.73
600036.SH,2021-07-02,169.47,169.45,171.35,167.88,1545381551.34
002415.SZ,2021-07-02,24.66,24.63,25.74,23.93,730598607.25
600276.SH,2021-07-02,42.68,42.52,43.47,42.03,2035422142.98
002594.SZ,2021-07-02,164.12,163.78,167.31,161.81,5955860409.62
601012.SH,2021-07-02,147.46,147.25,148.05,146.88,5216233021.78
600887.SH,2021-07-02,49.12,48.94,49.44,48.68,723605562.67
000002.SZ,2021-07-02,163.43,162.34,163.99,161.65,2637622843.73
600519.SH,2021-07-05,225.51,225.62,229.98,224.22,4190607913.32
000858.SZ,2021-07-05,33.4,33.41,33.49,33.12,1463351924.25
300750.SZ,2021-07-05,45.14,45.3,45.79,44.49,580305860.18
601318.SH,2021-07-05,14.12,14.12,14.41,13.88,355137116.1
000333.SZ,2021-07-05,21.97,21.84,22.04,21.75,139158487.35
600036.SH,2021-07-05,163.86,162.57,164.81,161.67,7693163270.34
002415.SZ,2021-07-05,25.52,25.52,26.05,25.51,184984509.22
600276.SH,2021-07-05,43.21,42.98,43.58,42.75,100188455.59
002594.SZ,2021-07-05,168.27,168.96,170.42,163.83,2616337564.59
601012.SH,2021-07-05,147.73,147.96,149.99,146.55,5256693278.57
600887.SH,2021-07-05,48.83,48.96,49.58,48.65,109386327.32
000002.SZ,2021-07-05,171.43,173.08,171.46,168.77,1912403379.31
600519.SH,2021-07-06,219.59,219.05,224.8,218.12,7530364700.66
000858.SZ,2021-07-06,32.01,31.96,32.86,31.48,562262212.41
300750.SZ,2021-07-06,47.41,47.34,47.81,46.83,1702345350.65
601318.SH,2021-07-06,14.21,14.29,14.29,13.9,144098839.7
000333.SZ,2021-07-06,21.74,21.84,22.04,21.34,547013556.4
600036.SH,2021-07-06,161.54,162.27,166.93,158.6,5498061988.01
002415.SZ,2021-07-06,24.25,24.03,24.61,23.82,423025210.85
600276.SH,2021-07-06,45.25,45.21,45.26,44.92,738585752.53
002594.SZ,2021-07-06,171.32,171.98,174.64,168.98,4801827456.83
601012.SH,2021-07-06,149.69,150.07,151.34,148.75,337263995.09
600887.SH,2021-07-06,49.86,49.89,51.6,49.82,1595277514.71
000002.SZ,2021-07-06,167.59,168.23,170.43,163.23,2639206871.57
600519.SH,2021-07-07,222.21,222.03,223.78,220.26,6531323506.37
000858.SZ,2021-07-07,32.89,32.83,33.16,32.73,219438200.28
300750.SZ,2021-07-07,44.82,45.25,45.68,44.17,1362067685.89
601318.SH,2021-07-07,14.43,14.42,14.53,14.38,684563935.67
000333.SZ,2021-07-07,22.16,22.09,22.44,21.58,988639272.26
600036.SH,2021-07-07,162.03,161.39,165.87,160.57,7110023344.45
002415.SZ,2021-07-07,23.73,23.6,23.95,23.27,981934500.44
600276.SH,2021-07-07,45.08,45.04,46.52,43.6,1668240824.01
002594.SZ,2021-07-07,169.45,170.21,170.81,169.07,4199479998.13
601012.SH,2021-07-07,151.12,151.81,154.5,150.0,2946110255.68
600887.SH,2021-07-07,49.22,49.74,50.79,48.93,1388621973.05
000002.SZ,2021-07-07,170.88,171.59,172.59,169.96,2021411024.94
600519.SH,2021-07-08,219.45,220.0,220.08,218.58,7889682733.48
000858.SZ,2021-07-08,32.48,32.69,33.04,32.44,333551668.93
300750.SZ,2021-07-08,46.15,46.4,46.75,45.41,983975623.0
601318.SH,2021-07-08,14.38,14.34,14.7,14.31,13619655.56
000333.SZ,2021-07-08,22.47,22.3,22.54,22.42,473189617.71
600036.SH,2021-07-08,156.86,157.63,157.76,155.61,3250123282.08
002415.SZ,2021-07-08,24.64,24.56,24.98,24.43,561696012.43
600276.SH,2021-07-08,43.47,43.31,44.29,42.8,364867359.03
002594.SZ,2021-07-08,169.94,169.37,171.32,165.75,7478384922.85
601012.SH,2021-07-08,150.35,150.88,152.21,147.33,1643697932.4
600887.SH,2021-07-08,48.3,48.29,49.12,47.1,748519108.5
000002.SZ,2021-07-08,169.79,169.96,173.75,169.2,2597785625.4
600519.SH,2021-07-09,226.33,225.96,229.46,226.3,7742190375.6
000858.SZ,2021-07-09,33.91,33.76,33.97,33.45,702453041.02
300750.SZ,2021-07-09,45.9,46.11,46.45,45.9,560818938.0
601318.SH,2021-07-09,14.26,14.25,14.27,14.25,601186046.41
000333.SZ,2021-07-09,21.42,21.52,21.8,21.37,714342826.39
600036.SH,2021-07-09,163.66,162.94,164.81,162.97,564417000.38
002415.SZ,2021-07-09,24.0,23.86,24.69,23.28,852853233.88
600276.SH,2021-07-09,42.5,42.42,43.73,41.69,1070047341.66
002594.SZ,2021-07-09,170.47,171.34,171.87,166.75,1795746865.57
601012.SH,2021-07-09,153.18,152.34,154.94,151.75,1762183472.17
600887.SH,2021-07-09,50.17,49.82,51.61,50.01,189358375.39
000002.SZ,2021-07-09,179.11,179.63,179.17,176.33,7606259198.47
600519.SH,2021-07-12,230.71,229.9,232.09,228.4,7896089062.98
000858.SZ,2021-07-12,33.52,33.52,34.13,33.0,1120341577.12
300750.SZ,2021-07-12,45.17,44.63,46.37,44.7,818758258.04
601318.SH,2021-07-12,14.2,14.21,14.38,13.93,473544938.09
000333.SZ,2021-07-12,21.87,21.92,22.0,21.73,139821332.71
600036.SH,2021-07-12,167.65,166.32,169.97,161.88,2777672288.89
002415.SZ,2021-07-12,24.38,24.33,24.43,24.3,983308857.09
600276.SH,2021-07-12,40.51,40.47,40.61,40.06,750306281.7
002594.SZ,2021-07-12,168.14,167.07,168.17,167.24,5898553390.48
601012.SH,2021-07-12,158.84,158.92,159.14,156.73,2267156026.95
600887.SH,2021-07-12,49.52,49.65,50.01,49.25,883579972.59
000002.SZ,2021-07-12,178.84,178.75,179.94,175.38,4527452160.96
600519.SH,2021-07-13,246.55,243.91,246.94,239.77,933074770.22
000858.SZ,2021-07-13,33.47,33.28,33.96,33.01,741138003.65
300750.SZ,2021-07-13,46.8,46.54,47.28,46.77,958028822.42
601318.SH,2021-07-13,14.86,14.98,15.0,14.68,258329097.59
000333.SZ,2021-07-13,22.29,21.93,22.35,21.79,897594610.94
600036.SH,2021-07-13,165.91,165.58,169.52,162.8,5443603439.71
002415.SZ,2021-07-13,23.0,22.9,23.45,22.42,1023175602.84
600276.SH,2021-07-13,39.66,39.52,40.4,39.46,1116038205.52
002594.SZ,2021-07-13,170.93,170.81,175.37,169.08,6963523853.49
601012.SH,2021-07-13,161.27,162.73,161.4,159.15,3880855058.9
600887.SH,2021-07-13,51.0,51.09,51.73,50.03,610058175.24
000002.SZ,2021-07-13,173.98,174.83,178.84,172.66,2997496962.17
600519.SH,2021-07-14,247.91,246.76,253.35,239.94,8771175644.72
000858.SZ,2021-07-14,31.77,31.68,31.95,31.67,585857649.12
300750.SZ,2021-07-14,45.79,45.66,46.36,45.38,2166453728.59
601318.SH,2021-07-14,15.06,15.08,15.37,14.94,558695967.04
000333.SZ,2021-07-14,21.09,21.11,21.88,21.06,405752385.51
600036.SH,2021-07-14,169.38,167.96,170.64,169.26,6611337951.31
002415.SZ,2021-07-14,24.07,24.21,24.33,23.72,677256759.87
600276.SH,2021-07-14,38.26,38.29,38.45,37.89,69378661.68
002594.SZ,2021-07-14,169.91,168.88,170.52,167.18,23070858.64
601012.SH,2021-07-14,168.28,168.25,171.75,164.08,7600799243.41
600887.SH,2021-07-14,51.66,52.03,52.21,50.73,2437547366.12
000002.SZ,2021-07-14,175.8,175.45,178.23,172.08,5086568327.56
600519.SH,2021-07-15,248.7,246.52,251.93,246.33,2058760959.96
000858.SZ,2021-07-15,30.7,30.75,31.36,30.63,345524407.17
300750.SZ,2021-07-15,45.66,45.7,46.46,45.0,962690801.79
601318.SH,2021-07-15,15.56,15.55,15.89,15.55,451239628.77
000333.SZ,2021-07-15,21.14,21.11,21.42,20.99,851948788.22
600036.SH,2021-07-15,172.52,171.88,175.18,168.28,5087518314.18
002415.SZ,2021-07-15,23.86,23.83,23.87,23.82,241988848.01
600276.SH,2021-07-15,37.44,37.79,37.46,36.88,1359856565.93
002594.SZ,2021-07-15,168.16,170.2,168.38,166.16,3589107111.48
601012.SH,2021-07-15,163.93,163.91,166.82,163.0,6120891062.66
600887.SH,2021-07-15,49.93,49.95,51.03,49.9,1257264778.54
000002.SZ,2021-07-15,175.8,174.74,176.69,175.61,1428414923.02
600519.SH,2021-07-16,247.4,247.53,249.01,240.87,5239616491.98
000858.SZ,2021-07-16,29.99,29.94,30.17,29.83,410277638.62
300750.SZ,2021-07-16,46.48,46.2,46.5,46.31,764825215.05
601318.SH,2021-07-16,15.2,15.21,15.24,15.19,70263240.17
000333.SZ,2021-07-16,21.38,21.36,21.54,21.15,822009485.44
600036.SH,2021-07-16,174.76,176.17,175.35,174.71,8008647450.84
002415.SZ,2021-07-16,24.87,24.71,25.72,24.5,646577382.26
600276.SH,2021-07-16,37.78,37.69,38.19,37.62,835266496.34
002594.SZ,2021-07-16,171.57,171.6,173.43,170.48,2106205876.4
601012.SH,2021-07-16,164.32,165.21,166.94,162.46,6742286099.18
600887.SH,2021-07-16,48.2,48.16,48.34,47.93,262918768.56
000002.SZ,2021-07-16,179.65,179.39,186.04,178.38,3406167949.51
600519.SH,2021-07-19,257.91,258.74,259.03,250.34,4532143558.9
000858.SZ,2021-07-19,29.92,30.15,30.38,29.45,954486968.23
300750.SZ,2021-07-19,48.93,48.72,49.89,48.76,216314316.3
601318.SH,2021-07-19,15.56,15.58,15.84,15.36,153989040.54
000333.SZ,2021-07-19,22.46,22.4,22.68,22.45,188332382.76
600036.SH,2021-07-19,174.06,172.91,174.89,173.62,1593290483.25
002415.SZ,2021-07-19,24.33,24.17,24.53,24.29,887125078.8
600276.SH,2021-07-19,37.85,37.6,37.99,36.89,470165191.99
002594.SZ,2021-07-19,168.54,167.65,169.26,166.06,7187181316.25
601012.SH,2021-07-19,165.22,165.67,168.63,164.42,6870698873.36
600887.SH,2021-07-19,47.93,48.09,48.67,46.52,2007988318.92
000002.SZ,2021-07-19,180.48,179.75,184.19,177.57,7505842735.3
600519.SH,2021-07-20,257.46,258.34,257.74,249.51,7093127322.82
000858.SZ,2021-07-20,29.2,28.95,29.55,29.13,977937652.31
300750.SZ,2021-07-20,48.31,48.28,48.43,47.92,580534662.08
601318.SH,2021-07-20,16.06,16.09,16.18,15.77,165531671.25
000333.SZ,2021-07-20,22.43,22.31,22.79,22.39,433033096.76
600036.SH,2021-07-20,168.31,168.34,170.53,166.27,7386222847.63
002415.SZ,2021-07-20,23.12,23.01,23.17,23.06,377999937.02
600276.SH,2021-07-20,37.57,37.64,37.75,36.53,201417975.76
002594.SZ,2021-07-20,169.8,170.19,172.6,167.24,3821974898.97
601012.SH,2021-07-20,160.42,160.72,161.96,158.07,4762392549.08
600887.SH,2021-07-20,45.81,46.21,45.91,45.48,1391736863.72
000002.SZ,2021-07-20,183.1,182.02,183.56,177.52,558052679.3
600519.SH,2021-07-21,278.15,280.2,287.33,274.49,6104974733.19
000858.SZ,2021-07-21,29.85,29.85,30.37,29.74,1123804700.87
300750.SZ,2021-07-21,47.13,47.27,48.11,46.4,893853365.8
601318.SH,2021-07-21,16.02,16.03,16.3,16.0,477025424.03
000333.SZ,2021-07-21,22.38,22.32,22.59,21.97,197618047.09
600036.SH,2021-07-21,163.04,162.35,164.86,159.39,3802149462.15
002415.SZ,2021-07-21,22.32,22.36,22.63,22.01,1057906897.6
600276.SH,2021-07-21,37.45,37.36,37.53,37.22,1396254545.4
002594.SZ,2021-07-21,173.24,172.85,175.85,173.0,6234274827.57
601012.SH,2021-07-21,161.52,160.76,163.52,161.17,6551572618.18
600887.SH,2021-07-21,45.05,45.18,45.8,44.46,1623886792.31
000002.SZ,2021-07-21,185.52,185.43,189.34,179.93,5327172978.86
600519.SH,2021-07-22,281.91,282.57,282.53,271.7,10745995280.59
000858.SZ,2021-07-22,29.13,29.09,29.3,29.01,1072642173.05
300750.SZ,2021-07-22,45.72,45.55,45.8,45.57,174687106.76
601318.SH,2021-07-22,16.29,16.45,16.48,16.24,343386482.85
000333.SZ,2021-07-22,23.02,23.19,23.05,22.69,996896590.32
600036.SH,2021-07-22,164.77,165.09,165.11,164.75,5019893866.48
002415.SZ,2021-07-22,22.98,23.04,23.52,22.3,258454657.45
600276.SH,2021-07-22,38.84,38.83,39.68,38.48,347900279.07
002594.SZ,2021-07-22,166.7,165.71,166.99,165.0,5220812665.59
601012.SH,2021-07-22,163.53,163.8,163.64,158.27,3091291809.15
600887.SH,2021-07-22,46.56,46.39,47.83,46.4,572026129.09
000002.SZ,2021-07-22,190.87,189.63,195.12,186.69,1337327607.63
600519.SH,2021-07-23,292.11,292.3,296.88,290.08,12865479517.24
000858.SZ,2021-07-23,28.72,28.83,28.97,28.31,763123141.85
300750.SZ,2021-07-23,46.52,46.64,46.63,46.21,1917204199.7
601318.SH,2021-07-23,16.61,16.71,16.66,16.47,224947017.24
000333.SZ,2021-07-23,22.69,22.59,23.31,22.6,126941456.17
600036.SH,2021-07-23,165.64,165.93,169.3,165.06,6405018373.49
002415.SZ,2021-07-23,22.23,22.19,22.73,21.96,1040024701.24
600276.SH,2021-07-23,38.04,37.94,38.46,37.93,797187606.29
002594.SZ,2021-07-23,168.15,168.86,174.01,164.58,223108332.93
601012.SH,2021-07-23,167.91,167.89,168.84,165.79,8341726513.15
600887.SH,2021-07-23,46.58,46.2,46.8,46.57,965121297.23
000002.SZ,2021-07-23,198.29,196.76,205.79,193.12,1891958147.85
600519.SH,2021-07-26,303.13,304.62,307.49,300.57,4273486117.43
000858.SZ,2021-07-26,28.03,28.19,28.12,27.37,248552039.85
300750.SZ,2021-07-26,46.43,46.59,46.54,45.35,2013274199.96
601318.SH,2021-07-26,16.41,16.4,16.46,15.93,153504535.21
000333.SZ,2021-07-26,23.17,23.18,23.63,23.07,582502519.66
600036.SH,2021-07-26,168.7,168.42,169.07,166.3,559199962.52
002415.SZ,2021-07-26,21.8,21.74,21.85,21.41,1005691398.09
600276.SH,2021-07-26,38.94,38.88,38.97,38.48,10888938.02
002594.SZ,2021-07-26,162.69,163.27,164.12,162.42,7443074909.67
601012.SH,2021-07-26,172.94,173.51,175.69,172.85,1663696531.45
600887.SH,2021-07-26,43.76,43.55,44.92,41.88,1270061237.42
000002.SZ,2021-07-26,197.5,197.66,197.73,190.22,3570434005.72
600519.SH,2021-07-27,297.92,300.18,302.86,290.85,9755839731.45
000858.SZ,2021-07-27,28.52,28.51,28.72,28.38,1054664069.91
300750.SZ,2021-07-27,46.74,46.55,47.38,46.33,2120715845.39
601318.SH,2021-07-27,15.52,15.61,15.6,15.34,485709241.4
000333.SZ,2021-07-27,22.4,22.37,22.72,22.24,978417975.4
600036.SH,2021-07-27,166.31,165.38,167.98,165.9,4801855790.67
002415.SZ,2021-07-27,22.46,22.54,22.8,22.26,731835687.04
600276.SH,2021-07-27,40.55,40.79,40.71,39.88,1774608939.82
002594.SZ,2021-07-27,165.54,165.67,167.2,164.06,7053910153.36
601012.SH,2021-07-27,179.18,179.58,179.39,178.42,4212033364.93
600887.SH,2021-07-27,42.96,42.94,44.65,42.33,509411484.28
000002.SZ,2021-07-27,199.65,201.05,201.32,193.58,3124293435.94
600519.SH,2021-07-28,299.01,301.67,301.56,297.03,7484429048.41
000858.SZ,2021-07-28,27.76,28.04,28.29,27.51,602763722.64
300750.SZ,2021-07-28,46.36,46.53,46.36,46.07,2311390183.65
601318.SH,2021-07-28,15.39,15.35,15.93,15.27,48435312.77
000333.SZ,2021-07-28,22.67,22.72,22.72,22.17,490418007.73
600036.SH,2021-07-28,168.45,169.21,175.15,167.81,4422779363.65
002415.SZ,2021-07-28,22.16,22.1,22.38,21.66,592075267.56
600276.SH,2021-07-28,40.03,40.17,40.43,39.3,1854383444.24
002594.SZ,2021-07-28,157.76,158.19,158.17,156.02,6028555912.62
601012.SH,2021-07-28,181.53,181.01,181.66,181.43,2846171631.21
600887.SH,2021-07-28,42.87,42.82,42.95,42.74,1603346120.31
000002.SZ,2021-07-28,199.61,197.9,199.95,194.33,1839291895.95
600519.SH,2021-07-29,303.24,303.11,303.56,302.49,1602572328.72
000858.SZ,2021-07-29,27.43,27.44,27.48,26.83,275487978.78
300750.SZ,2021-07-29,45.26,45.41,46.1,44.35,2017401062.81
601318.SH,2021-07-29,15.17,15.1,15.3,15.02,56455388.58
000333.SZ,2021-07-29,22.49,22.6,22.54,22.06,360686754.03
600036.SH,2021-07-29,169.45,169.51,175.21,168.38,7190437875.06
002415.SZ,2021-07-29,21.84,21.86,21.94,21.45,995006440.96
600276.SH,2021-07-29,39.61,39.93,39.79,38.35,1533993184.02
002594.SZ,2021-07-29,152.59,151.96,153.52,152.38,121752684.95
601012.SH,2021-07-29,179.77,178.03,180.67,179.31,8315842093.83
600887.SH,2021-07-29,41.02,40.89,41.97,40.58,349897080.14
000002.SZ,2021-07-29,196.41,195.77,196.76,195.84,3411296326.87
600519.SH,2021-07-30,307.49,307.83,307.97,303.02,3906255223.61
000858.SZ,2021-07-30,27.56,27.63,28.07,26.76,906471406.84
300750.SZ,2021-07-30,45.11,45.15,45.89,44.46,1715998157.96
601318.SH,2021-07-30,15.09,15.13,15.32,14.8,51194426.15
000333.SZ,2021-07-30,23.0,22.81,23.24,22.81,867495076.9
600036.SH,2021-07-30,164.54,164.38,165.81,163.86,6754921580.3
002415.SZ,2021-07-30,22.09,22.21,22.84,21.98,868689401.53
600276.SH,2021-07-30,38.92,38.87,39.21,38.28,1673003758.93
002594.SZ,2021-07-30,153.73,153.55,154.87,151.1,4215662051.57
601012.SH,2021-07-30,179.18,177.67,182.78,175.79,3746809109.63
600887.SH,2021-07-30,40.48,40.32,40.72,39.97,119291835.34
000002.SZ,2021-07-30,198.04,198.29,198.77,189.33,1362520091.06
600519.SH,2021-08-02,302.67,302.67,308.82,301.97,3634080974.3
000858.SZ,2021-08-02,26.74,26.92,26.76,25.71,1003992598.71
300750.SZ,2021-08-02,44.59,44.34,45.41,44.34,888686366.01
601318.SH,2021-08-02,14.62,14.67,14.96,14.14,410941447.03
000333.SZ,2021-08-02,23.1,23.0,23.11,22.37,1095910071.31
600036.SH,2021-08-02,162.13,162.65,166.69,161.24,3914256343.96
002415.SZ,2021-08-02,21.4,21.34,21.56,21.05,166984646.65
600276.SH,2021-08-02,39.29,39.14,39.41,38.3,1449597298.84
002594.SZ,2021-08-02,155.35,155.9,155.55,152.99,1989673250.42
601012.SH,2021-08-02,178.44,178.59,181.25,176.5,5853318702.43
600887.SH,2021-08-02,40.21,40.34,40.92,39.7,44859449.68
000002.SZ,2021-08-02,202.66,202.92,207.69,201.85,2774827232.17
600519.SH,2021-08-03,300.77,299.37,308.57,298.61,446290709.21
000858.SZ,2021-08-03,26.93,26.82,27.13,26.45,1227170847.19
300750.SZ,2021-08-03,43.34,43.21,43.43,43.15,551821472.32
601318.SH,2021-08-03,14.83,14.84,14.85,14.54,172853723.64
000333.SZ,2021-08-03,23.03,23.06,23.11,22.45,983727790.24
600036.SH,2021-08-03,164.31,165.68,165.95,164.2,2116994470.04
002415.SZ,2021-08-03,21.27,21.14,21.56,21.01,1008188592.07
600276.SH,2021-08-03,38.57,38.57,39.26,38.04,940695615.88
002594.SZ,2021-08-03,150.76,150.92,152.58,150.37,2851516460.9
601012.SH,2021-08-03,177.61,178.46,179.04,177.57,3507538620.68
600887.SH,2021-08-03,39.77,39.72,40.78,39.14,526500913.35
000002.SZ,2021-08-03,196.19,194.79,198.44,193.18,5337828966.62
600519.SH,2021-08-04,310.33,310.99,315.59,308.7,5537488470.64
000858.SZ,2021-08-04,27.63,27.82,28.09,27.06,938098873.15
300750.SZ,2021-08-04,41.16,41.02,41.42,40.88,1593246451.14
601318.SH,2021-08-04,14.05,14.14,14.08,14.02,278959996.83
000333.SZ,2021-08-04,22.16,22.18,22.46,21.85,765279402.41
600036.SH,2021-08-04,165.03,164.9,167.91,163.69,7816367500.93
002415.SZ,2021-08-04,22.7,22.77,22.8,22.68,455818449.32
600276.SH,2021-08-04,37.45,37.25,38.07,37.36,283062790.19
002594.SZ,2021-08-04,149.64,150.12,152.1,149.62,2893323629.32
601012.SH,2021-08-04,183.62,184.3,184.04,179.86,8073924408.67
600887.SH,2021-08-04,39.29,38.97,39.39,39.22,1227710211.81
000002.SZ,2021-08-04,201.76,202.44,203.99,201.45,3712046662.0
600519.SH,2021-08-05,317.73,317.53,327.58,313.11,8550528854.21
000858.SZ,2021-08-05,27.62,27.73,27.77,27.41,1113517125.25
300750.SZ,2021-08-05,42.09,42.31,43.2,41.77,199512334.14
601318.SH,2021-08-05,14.38,14.52,14.39,13.99,352317011.72
000333.SZ,2021-08-05,21.4,21.38,21.75,21.15,217509892.02
600036.SH,2021-08-05,164.39,165.56,166.23,162.42,3816300608.6
002415.SZ,2021-08-05,22.36,22.33,22.8,22.03,467426533.8
600276.SH,2021-08-05,37.5,37.33,38.24,37.33,685921540.92
002594.SZ,2021-08-05,145.18,145.69,150.94,143.89,3279636586.13
601012.SH,2021-08-05,179.14,180.01,180.06,178.38,8326237992.18
600887.SH,2021-08-05,39.37,39.19,40.24,39.37,407832282.54
000002.SZ,2021-08-05,201.83,202.75,204.84,199.55,8569770566.4
600519.SH,2021-08-06,328.9,325.64,334.31,320.79,4847124502.95
000858.SZ,2021-08-06,27.78,27.76,28.27,27.39,1342562260.13
300750.SZ,2021-08-06,43.62,43.5,44.46,43.54,1035575359.4
601318.SH,2021-08-06,14.86,14.91,14.89,14.73,78673890.25
000333.SZ,2021-08-06,22.02,21.95,22.46,21.53,883186714.93
600036.SH,2021-08-06,149.95,149.91,150.99,147.83,6922771150.33
002415.SZ,2021-08-06,21.93,21.84,22.11,21.73,451150678.22
600276.SH,2021-08-06,37.95,37.94,38.03,37.75,64485885.78
002594.SZ,2021-08-06,140.45,139.83,140.89,135.74,2954547919.43
601012.SH,2021-08-06,176.86,176.82,178.03,176.34,1300774452.18
600887.SH,2021-08-06,40.05,39.94,40.65,39.44,1109544845.46
000002.SZ,2021-08-06,202.17,203.78,205.39,198.09,8494939747.81
600519.SH,2021-08-09,326.19,327.14,331.11,319.71,8724977235.06
000858.SZ,2021-08-09,29.0,28.92,29.42,28.53,376630887.26
300750.SZ,2021-08-09,43.18,43.45,43.42,42.71,1379326325.19
601318.SH,2021-08-09,15.28,15.23,15.38,14.93,266677025.39
000333.SZ,2021-08-09,22.0,22.19,22.0,21.85,785247049.87
600036.SH,2021-08-09,150.4,150.05,154.11,148.88,1624840097.01
002415.SZ,2021-08-09,21.75,21.81,21.88,21.44,440147266.55
600276.SH,2021-08-09,37.17,37.14,37.82,37.15,232336251.15
002594.SZ,2021-08-09,139.74,139.75,143.71,139.63,5922769385.99
601012.SH,2021-08-09,170.91,172.25,171.2,168.74,57839419.65
600887.SH,2021-08-09,40.68,40.68,41.16,40.55,95687915.67
000002.SZ,2021-08-09,202.84,201.89,203.28,196.81,1265633338.31
600519.SH,2021-08-10,322.77,322.56,326.91,321.93,16007054841.62
000858.SZ,2021-08-10,29.59,29.43,30.18,29.54,776780970.82
300750.SZ,2021-08-10,42.07,42.26,42.95,40.73,1577087212.58
601318.SH,2021-08-10,14.54,14.54,14.62,14.31,151003320.08
000333.SZ,2021-08-10,22.24,22.2,23.32,22.14,824535766.15
600036.SH,2021-08-10,145.29,144.37,147.87,141.78,847614527.06
002415.SZ,2021-08-10,21.0,21.14,21.57,20.8,432861096.79
600276.SH,2021-08-10,37.34,37.36,38.12,36.5,1851727453.84
002594.SZ,2021-08-10,143.18,141.59,144.9,139.11,5989649186.36
601012.SH,2021-08-10,167.67,167.58,169.43,161.97,8111796655.82
600887.SH,2021-08-10,39.79,39.8,40.68,38.69,1670919454.41
000002.SZ,2021-08-10,210.58,209.34,214.34,202.92,7847953810.38
600519.SH,2021-08-11,311.53,312.93,316.81,304.5,10807211233.14
000858.SZ,2021-08-11,30.23,30.09,30.46,30.23,491541636.44
300750.SZ,2021-08-11,42.55,42.54,42.59,42.07,1975351134.07
601318.SH,2021-08-11,14.28,14.22,14.33,14.13,687768203.76
000333.SZ,2021-08-11,22.18,22.24,22.45,22.15,136040250.11
600036.SH,2021-08-11,142.24,142.03,144.01,140.96,2830961363.44
002415.SZ,2021-08-11,20.66,20.57,20.67,19.43,453470810.37
600276.SH,2021-08-11,37.22,37.31,38.37,37.15,1072772666.15
002594.SZ,2021-08-11,140.72,140.43,143.83,138.94,5219503880.35
601012.SH,2021-08-11,160.85,161.36,161.98,158.64,6411071277.22
600887.SH,2021-08-11,40.52,40.29,42.82,39.76,1232378297.13
000002.SZ,2021-08-11,207.5,207.85,210.07,207.12,5319327726.72
600519.SH,2021-08-12,317.89,316.62,321.88,316.87,2181079913.84
000858.SZ,2021-08-12,30.13,29.97,30.71,29.47,662192932.11
300750.SZ,2021-08-12,45.56,45.69,46.06,45.56,1460392208.45
601318.SH,2021-08-12,14.49,14.52,14.77,14.47,231773350.26
000333.SZ,2021-08-12,21.44,21.4,21.76,21.32,449995185.29
600036.SH,2021-08-12,137.43,137.2,138.37,135.63,3219069049.28
002415.SZ,2021-08-12,20.21,20.26,20.32,19.95,441537158.03
600276.SH,2021-08-12,36.84,36.61,37.68,36.72,201282574.9
002594.SZ,2021-08-12,134.98,134.72,138.04,131.35,2659691292.37
601012.SH,2021-08-12,156.4,156.69,158.06,155.68,5490942816.06
600887.SH,2021-08-12,40.56,40.71,41.05,40.28,1608812030.31
000002.SZ,2021-08-12,199.5,199.8,202.09,194.64,7110026910.0
600519.SH,2021-08-13,317.25,315.99,320.65,313.41,99080143.45
000858.SZ,2021-08-13,30.32,30.3,30.39,29.68,423245321.1
300750.SZ,2021-08-13,44.44,44.21,45.13,44.19,1257781224.3
601318.SH,2021-08-13,14.72,14.64,14.74,14.56,123849748.57
000333.SZ,2021-08-13,21.5,21.67,21.61,21.19,716154818.93
600036.SH,2021-08-13,141.26,140.85,144.21,137.93,1704139035.21
002415.SZ,2021-08-13,20.56,20.58,20.57,20.45,120775191.74
600276.SH,2021-08-13,36.66,36.77,37.38,35.97,1571837347.2
002594.SZ,2021-08-13,134.52,134.58,138.97,132.94,2243626039.98
601012.SH,2021-08-13,158.28,158.04,159.98,156.53,2506199270.95
600887.SH,2021-08-13,40.96,40.99,40.98,40.87,2010722172.02
000002.SZ,2021-08-13,191.16,189.75,198.54,190.77,1511341590.06
600519.SH,2021-08-16,324.76,325.18,325.2,320.2,12962012375.08
000858.SZ,2021-08-16,29.91,30.02,29.97,29.69,288013330.93
300750.SZ,2021-08-16,45.72,46.0,46.12,44.79,1250643166.82
601318.SH,2021-08-16,14.79,14.62,14.91,14.73,690463878.18
000333.SZ,2021-08-16,21.16,21.03,21.32,20.99,457110280.87
600036.SH,2021-08-16,141.33,140.95,144.32,140.66,2374703107.29
002415.SZ,2021-08-16,21.31,21.25,21.56,20.77,626605303.83
600276.SH,2021-08-16,35.99,36.02,36.02,35.16,655935213.64
002594.SZ,2021-08-16,128.83,129.12,129.8,127.78,2163816022.45
601012.SH,2021-08-16,157.35,156.94,163.35,154.67,3583144505.28
600887.SH,2021-08-16,42.27,42.39,43.29,42.26,1122042363.09
000002.SZ,2021-08-16,198.84,200.84,199.94,198.7,9878400448.38
600519.SH,2021-08-17,333.31,332.44,334.68,332.02,12728525370.84
000858.SZ,2021-08-17,28.34,28.45,28.86,27.95,111655089.89
300750.SZ,2021-08-17,45.47,45.68,46.32,44.46,567880763.03
601318.SH,2021-08-17,14.62,14.56,14.66,14.51,493971323.15
000333.SZ,2021-08-17,21.08,21.06,21.73,20.58,538597572.91
600036.SH,2021-08-17,137.53,137.88,137.67,137.51,1865120866.67
002415.SZ,2021-08-17,21.17,21.15,21.35,21.15,591965868.32
600276.SH,2021-08-17,34.94,34.88,35.07,34.05,972194585.67
002594.SZ,2021-08-17,136.37,137.1,138.43,136.29,6467457187.75
601012.SH,2021-08-17,157.67,159.01,161.46,156.33,6817471481.63
600887.SH,2021-08-17,41.74,41.7,42.75,41.5,841231460.28
000002.SZ,2021-08-17,192.78,193.13,196.51,189.69,5805254693.08
600519.SH,2021-08-18,341.46,341.75,341.5,338.76,9266402481.93
000858.SZ,2021-08-18,28.77,28.67,29.5,28.29,476196075.08
300750.SZ,2021-08-18,46.82,46.42,48.56,46.47,42244726.86
601318.SH,2021-08-18,14.75,14.76,14.83,14.41,19998932.93
000333.SZ,2021-08-18,20.84,20.97,20.86,20.82,931020835.41
600036.SH,2021-08-18,135.1,134.06,138.12,130.26,4801184441.47
002415.SZ,2021-08-18,20.78,20.7,21.15,20.69,842191061.98
600276.SH,2021-08-18,34.61,34.36,34.73,34.53,321857427.12
002594.SZ,2021-08-18,138.78,139.18,139.72,136.83,2886624562.72
601012.SH,2021-08-18,155.57,155.9,155.73,155.1,1079830186.8
600887.SH,2021-08-18,42.06,41.98,42.34,41.56,907058422.97
000002.SZ,2021-08-18,196.5,196.28,199.43,195.51,2552215509.91
600519.SH,2021-08-19,337.75,336.79,337.86,334.53,9572732715.93
000858.SZ,2021-08-19,29.49,29.27,29.78,29.15,236455327.51
300750.SZ,2021-08-19,47.33,46.92,47.68,46.38,1855082097.56
601318.SH,2021-08-19,14.9,14.81,14.94,14.42,540132143.61
000333.SZ,2021-08-19,20.84,20.67,21.19,20.36,156645937.09
600036.SH,2021-08-19,135.75,136.62,135.78,134.92,5726849793.77
002415.SZ,2021-08-19,20.34,20.34,20.63,20.06,728153778.8
600276.SH,2021-08-19,33.9,33.87,34.49,33.28,664346095.05
002594.SZ,2021-08-19,139.71,138.33,139.95,138.77,172226569.67
601012.SH,2021-08-19,159.13,159.1,162.44,158.71,6760200884.15
600887.SH,2021-08-19,41.84,41.68,43.2,40.89,611113832.9
000002.SZ,2021-08-19,199.07,198.36,200.98,197.67,411931369.29
600519.SH,2021-08-20,335.97,333.39,342.75,334.22,5448042182.59
000858.SZ,2021-08-20,28.93,28.75,28.99,28.71,186314401.96
300750.SZ,2021-08-20,47.37,47.41,48.16,47.03,1724326640.26
601318.SH,2021-08-20,15.05,15.1,15.55,15.0,291092343.67
000333.SZ,2021-08-20,20.49,20.55,20.6,20.32,887939580.28
600036.SH,2021-08-20,133.8,134.07,136.32,130.91,5216369256.53
002415.SZ,2021-08-20,20.1,20.01,20.11,19.81,15369260.67
600276.SH,2021-08-20,34.07,34.19,34.34,33.53,983712638.16
002594.SZ,2021-08-20,134.63,133.97,139.45,132.71,4269320999.81
601012.SH,2021-08-20,160.3,160.21,164.41,158.22,5417861600.95
600887.SH,2021-08-20,42.13,41.88,42.26,40.8,266993946.26
000002.SZ,2021-08-20,200.19,199.28,201.7,197.37,3846739418.65
600519.SH,2021-08-23,331.42,330.61,333.65,323.83,6892771433.07
000858.SZ,2021-08-23,29.14,29.38,29.45,28.77,1003898811.3
300750.SZ,2021-08-23,46.09,46.24,46.64,45.98,1085532450.63
601318.SH,2021-08-23,14.77,14.91,14.79,14.6,393972774.3
000333.SZ,2021-08-23,20.91,20.8,21.19,20.91,356035541.75
600036.SH,2021-08-23,129.42,128.83,133.1,129.19,5316384329.08
002415.SZ,2021-08-23,19.78,19.79,19.86,19.35,813378328.05
600276.SH,2021-08-23,33.6,33.43,34.19,32.71,33112447.27
002594.SZ,2021-08-23,136.89,137.4,138.73,136.68,901282717.1
601012.SH,2021-08-23,154.61,154.44,155.94,150.14,152245620.51
600887.SH,2021-08-23,41.54,41.53,42.45,41.09,466778172.68
000002.SZ,2021-08-23,194.86,194.53,196.2,193.34,947904316.78
600519.SH,2021-08-24,345.3,347.11,350.38,342.92,562664437.13
000858.SZ,2021-08-24,28.96,28.77,29.17,27.92,1066264695.22
300750.SZ,2021-08-24,45.51,45.71,46.1,44.92,2199163294.62
601318.SH,2021-08-24,14.82,14.72,15.02,14.57,658614548.27
000333.SZ,2021-08-24,21.37,21.26,21.55,21.36,690978891.76
600036.SH,2021-08-24,122.78,122.09,123.18,122.33,5690063012.59
002415.SZ,2021-08-24,19.26,19.43,19.54,19.16,491379261.35
600276.SH,2021-08-24,33.8,34.0,33.81,33.23,944072151.41
002594.SZ,2021-08-24,134.8,133.86,137.01,133.42,4799818030.97
601012.SH,2021-08-24,149.11,148.48,149.94,145.46,4809195852.96
600887.SH,2021-08-24,40.82,41.0,42.14,40.51,665061665.86
000002.SZ,2021-08-24,195.72,195.5,201.58,191.92,1285996085.45
600519.SH,2021-08-25,348.29,348.15,353.21,347.76,13416475100.39
000858.SZ,2021-08-25,30.39,30.22,30.72,30.29,679206099.31
300750.SZ,2021-08-25,43.67,43.6,44.0,42.74,1149593842.78
601318.SH,2021-08-25,14.28,14.36,14.33,14.2,668228748.83
000333.SZ,2021-08-25,20.74,20.72,21.0,20.51,393711528.71
600036.SH,2021-08-25,125.83,125.82,128.28,125.34,2500491265.78
002415.SZ,2021-08-25,18.84,18.85,19.16,18.55,167647605.56
600276.SH,2021-08-25,32.53,32.24,32.7,31.73,1295040836.8
002594.SZ,2021-08-25,137.6,137.47,139.41,136.4,4050159958.47
601012.SH,2021-08-25,146.42,145.38,148.38,145.64,3689608352.34
600887.SH,2021-08-25,41.98,41.79,42.36,40.7,1211231657.07
000002.SZ,2021-08-25,196.87,197.19,202.17,195.22,6724048395.75
600519.SH,2021-08-26,342.7,343.39,346.91,337.7,2603029143.68
000858.SZ,2021-08-26,31.08,31.25,31.48,31.02,634854204.72
300750.SZ,2021-08-26,44.58,44.79,45.43,44.37,2118471422.12
601318.SH,2021-08-26,14.82,14.74,15.38,14.48,478505528.76
000333.SZ,2021-08-26,20.53,20.35,20.62,20.02,531562939.27
600036.SH,2021-08-26,124.89,124.76,127.62,123.7,4663378590.41
002415.SZ,2021-08-26,19.54,19.6,19.64,19.18,285282252.25
600276.SH,2021-08-26,33.45,33.35,34.35,32.4,981080877.73
002594.SZ,2021-08-26,138.56,138.49,139.29,138.12,3043759014.71
601012.SH,2021-08-26,143.39,142.76,143.77,140.37,6891902068.26
600887.SH,2021-08-26,40.9,41.17,41.17,40.21,1169347456.76
000002.SZ,2021-08-26,189.92,190.19,192.69,186.67,4806670309.14
600519.SH,2021-08-27,334.38,334.71,339.18,332.36,16050661610.52
000858.SZ,2021-08-27,30.94,30.83,31.83,30.61,1051286563.85
300750.SZ,2021-08-27,43.28,42.97,43.71,42.41,1753724556.09
601318.SH,2021-08-27,15.1,15.06,15.11,15.05,416011493.72
000333.SZ,2021-08-27,19.22,19.21,19.27,18.75,172549926.33
600036.SH,2021-08-27,122.45,122.64,123.56,119.96,3654890744.51
002415.SZ,2021-08-27,19.22,19.15,19.37,19.11,328155993.35
600276.SH,2021-08-27,33.98,34.11,33.99,33.3,1282984991.72
002594.SZ,2021-08-27,140.44,141.49,141.3,137.63,5511676268.11
601012.SH,2021-08-27,139.05,139.38,139.4,139.03,3561166975.42
600887.SH,2021-08-27,41.15,41.32,41.16,40.46,997544298.3
000002.SZ,2021-08-27,185.06,184.65,185.72,183.58,1629872211.21
600519.SH,2021-08-30,336.99,339.25,345.44,333.3,11674555615.51
000858.SZ,2021-08-30,30.01,30.4,30.47,29.89,1056897502.39
300750.SZ,2021-08-30,43.44,43.56,43.83,42.17,2063146783.75
601318.SH,2021-08-30,15.66,15.65,15.81,15.45,459769391.69
000333.SZ,2021-08-30,20.21,20.26,20.44,20.12,919832619.38
600036.SH,2021-08-30,125.84,126.24,127.08,121.49,2069359030.88
002415.SZ,2021-08-30,18.73,18.83,18.84,18.54,467084959.19
600276.SH,2021-08-30,33.55,33.33,33.8,32.49,1320990826.71
002594.SZ,2021-08-30,137.23,138.07,139.92,136.93,3315095674.89
601012.SH,2021-08-30,136.99,136.16,139.9,136.09,75736627.32
600887.SH,2021-08-30,39.38,39.31,40.14,39.01,928056240.33
000002.SZ,2021-08-30,182.24,181.83,186.05,181.69,6253866864.64
600519.SH,2021-08-31,346.57,347.43,352.23,341.41,16297368438.03
000858.SZ,2021-08-31,31.7,31.66,32.34,31.67,764647359.61
300750.SZ,2021-08-31,43.93,43.91,44.59,42.54,1328988360.75
601318.SH,2021-08-31,15.75,15.61,16.1,15.74,374511923.74
000333.SZ,2021-08-31,20.56,20.62,21.19,20.56,772243776.01
600036.SH,2021-08-31,120.93,120.26,122.42,118.21,2234257775.73
002415.SZ,2021-08-31,18.34,18.23,18.53,18.32,47987794.93
600276.SH,2021-08-31,34.24,34.76,34.74,33.53,664468739.02
002594.SZ,2021-08-31,136.5,138.02,136.82,135.71,2482125204.73
601012.SH,2021-08-31,135.8,136.08,139.02,135.15,6040970808.96
600887.SH,2021-08-31,40.24,40.06,40.27,38.65,1528522850.45
000002.SZ,2021-08-31,173.64,173.79,173.73,169.81,1541098795.41
600519.SH,2021-09-01,356.86,355.88,364.07,355.11,6909403780.56
000858.SZ,2021-09-01,31.07,31.24,31.53,30.92,1055061037.36
300750.SZ,2021-09-01,44.57,44.7,44.73,44.2,1556149165.79
601318.SH,2021-09-01,15.76,15.8,15.8,15.6,319916410.55
000333.SZ,2021-09-01,20.95,20.99,21.01,20.77,1007611462.18
600036.SH,2021-09-01,123.99,123.82,125.73,123.32,1856847254.12
002415.SZ,2021-09-01,17.89,17.92,18.42,17.66,563794833.26
600276.SH,2021-09-01,34.98,35.01,35.25,34.53,1735134628.17
002594.SZ,2021-09-01,138.3,138.32,138.67,137.49,1015114452.25
601012.SH,2021-09-01,140.71,140.32,144.05,139.02,391940147.57
600887.SH,2021-09-01,39.73,39.64,40.26,39.06,1728861475.75
000002.SZ,2021-09-01,178.88,179.25,183.65,177.82,7577071821.46
600519.SH,2021-09-02,363.54,364.98,365.11,361.34,3745759055.83
000858.SZ,2021-09-02,30.75,30.71,31.19,30.1,1371583082.72
300750.SZ,2021-09-02,45.71,45.89,47.21,45.56,2270864602.59
601318.SH,2021-09-02,15.62,15.49,15.83,15.38,285930759.8
000333.SZ,2021-09-02,21.43,21.56,22.05,21.02,639266423.02
600036.SH,2021-09-02,123.74,123.05,125.77,122.61,2733335132.29
002415.SZ,2021-09-02,17.95,17.92,17.97,17.74,525499697.7
600276.SH,2021-09-02,35.05,35.22,35.13,34.46,1727692982.73
002594.SZ,2021-09-02,141.87,141.32,146.35,139.16,6601172455.55
601012.SH,2021-09-02,140.47,141.27,141.98,137.55,1297383572.33
600887.SH,2021-09-02,40.32,40.42,40.94,40.02,501601566.32
000002.SZ,2021-09-02,181.65,181.8,182.48,176.63,1941141780.35
600519.SH,2021-09-03,355.91,357.38,360.52,352.59,7507054570.23
000858.SZ,2021-09-03,31.47,31.74,31.67,31.17,1193280025.37
300750.SZ,2021-09-03,47.42,47.52,47.9,46.9,1644837055.18
601318.SH,2021-09-03,15.83,15.9,15.86,15.1,417185629.42
000333.SZ,2021-09-03,21.66,21.73,22.06,21.3,383942389.84
600036.SH,2021-09-03,121.17,121.86,121.82,120.77,2646666052.95
002415.SZ,2021-09-03,18.53,18.62,18.56,18.38,205434820.96
600276.SH,2021-09-03,33.73,33.69,34.44,32.96,1166004962.13
002594.SZ,2021-09-03,142.45,142.09,144.68,136.16,3121898014.24
601012.SH,2021-09-03,145.99,146.34,149.23,145.87,5607695820.4
600887.SH,2021-09-03,39.65,39.27,40.0,39.05,1581544696.08
000002.SZ,2021-09-03,184.19,186.09,185.15,182.99,7866476549.42
600519.SH,2021-09-06,349.63,347.6,350.67,341.79,6154254281.46
000858.SZ,2021-09-06,32.01,32.25,32.58,31.62,482829427.34
300750.SZ,2021-09-06,45.76,45.98,46.01,45.07,1143669452.64
601318.SH,2021-09-06,15.67,15.54,15.97,15.49,252532632.03
000333.SZ,2021-09-06,21.33,21.27,21.38,21.18,12570524.39
600036.SH,2021-09-06,121.54,121.5,128.02,120.08,5768623456.24
002415.SZ,2021-09-06,17.76,17.75,17.84,17.16,427224930.43
600276.SH,2021-09-06,35.02,34.9,35.39,34.76,1638175892.11
002594.SZ,2021-09-06,143.63,143.53,144.02,142.44,4676618649.22
601012.SH,2021-09-06,144.28,143.47,144.41,143.99,25287232.31
600887.SH,2021-09-06,41.14,41.36,41.59,40.87,1224764091.0
000002.SZ,2021-09-06,184.18,183.3,184.89,182.15,4609454475.54
600519.SH,2021-09-07,352.04,353.11,353.79,343.14,9662808326.23
000858.SZ,2021-09-07,32.25,32.2,32.54,32.11,621377464.35
300750.SZ,2021-09-07,47.6,47.45,48.13,46.79,560546672.39
601318.SH,2021-09-07,15.74,15.9,15.84,15.51,585713863.98
000333.SZ,2021-09-07,20.77,20.71,20.89,20.38,893985602.47
600036.SH,2021-09-07,121.87,121.63,123.9,118.82,4222780580.75
002415.SZ,2021-09-07,17.95,18.0,18.03,17.49,310767001.01
600276.SH,2021-09-07,35.01,35.27,35.26,34.46,364675314.62
002594.SZ,2021-09-07,141.37,141.99,143.0,140.93,2293595589.27
601012.SH,2021-09-07,141.43,142.03,142.9,138.96,75354389.47
600887.SH,2021-09-07,39.42,39.43,39.45,38.45,55911924.64
000002.SZ,2021-09-07,186.48,186.74,192.55,185.65,5263913688.35
600519.SH,2021-09-08,344.87,345.23,346.64,340.64,7794064663.88
000858.SZ,2021-09-08,31.75,31.92,32.23,31.68,28642449.5
300750.SZ,2021-09-08,48.23,47.85,48.48,48.09,1344625530.72
601318.SH,2021-09-08,16.17,16.21,16.36,16.1,790021275.82
000333.SZ,2021-09-08,20.24,20.25,20.56,20.15,536054277.59
600036.SH,2021-09-08,120.86,121.48,122.03,119.25,1817953374.98
002415.SZ,2021-09-08,17.78,17.78,18.19,17.56,323194722.64
600276.SH,2021-09-08,35.47,35.68,35.66,35.3,1121739918.69
002594.SZ,2021-09-08,137.76,136.06,138.91,137.44,4144772576.3
601012.SH,2021-09-08,138.67,139.89,142.26,135.7,1696403139.11
600887.SH,2021-09-08,39.85,39.74,40.0,39.18,965250242.41
000002.SZ,2021-09-08,183.76,183.9,184.09,179.84,746084022.22
600519.SH,2021-09-09,336.18,336.41,340.15,331.53,15172720516.89
000858.SZ,2021-09-09,31.76,31.8,32.6,31.34,987005328.47
300750.SZ,2021-09-09,47.15,47.51,47.67,46.76,883108539.87
601318.SH,2021-09-09,16.07,15.99,16.37,15.87,681862631.75
000333.SZ,2021-09-09,20.9,20.93,21.4,20.87,814531721.8
600036.SH,2021-09-09,120.39,120.23,121.78,119.6,85898908.79
002415.SZ,2021-09-09,17.73,17.7,18.16,17.49,488873563.49
600276.SH,2021-09-09,35.07,35.14,35.17,34.62,996273672.06
002594.SZ,2021-09-09,132.59,132.11,133.29,131.12,844838536.1
601012.SH,2021-09-09,139.35,139.09,141.66,135.82,731194883.25
600887.SH,2021-09-09,40.89,41.07,41.52,40.86,116962712.25
000002.SZ,2021-09-09,189.66,191.62,192.54,189.27,2259492241.67
600519.SH,2021-09-10,360.33,358.12,367.23,356.62,17025466703.58
000858.SZ,2021-09-10,31.54,31.43,31.94,30.59,924301866.69
300750.SZ,2021-09-10,47.42,47.12,47.65,47.0,444593895.14
601318.SH,2021-09-10,15.64,15.63,15.73,15.33,716415354.71
000333.SZ,2021-09-10,21.88,21.74,21.95,21.85,516075820.98
600036.SH,2021-09-10,123.43,122.88,124.79,121.52,4805794513.74
002415.SZ,2021-09-10,18.17,18.23,18.93,17.54,226216548.1
600276.SH,2021-09-10,35.61,35.7,36.12,35.3,393608216.23
002594.SZ,2021-09-10,132.22,131.72,134.07,132.18,2552166203.94
601012.SH,2021-09-10,130.58,131.28,132.85,130.19,3723117170.15
600887.SH,2021-09-10,42.18,41.8,42.19,40.62,1669191757.2
000002.SZ,2021-09-10,192.92,191.79,193.03,188.51,2833491147.73
600519.SH,2021-09-13,362.83,365.5,363.03,360.02,7273452722.33
000858.SZ,2021-09-13,30.9,30.93,31.83,30.57,1127742011.28
300750.SZ,2021-09-13,48.47,48.86,48.69,48.41,1072481468.07
601318.SH,2021-09-13,15.76,15.75,15.78,15.61,748346991.89
000333.SZ,2021-09-13,22.0,21.95,22.11,21.7,425742239.72
600036.SH,2021-09-13,120.08,120.02,122.57,119.83,4030754053.35
002415.SZ,2021-09-13,17.67,17.66,17.94,17.45,283397118.54
600276.SH,2021-09-13,35.55,35.69,36.43,35.04,1701658081.73
002594.SZ,2021-09-13,131.93,132.61,132.65,131.44,3657937451.65
601012.SH,2021-09-13,127.25,128.14,127.78,124.76,5386707672.78
600887.SH,2021-09-13,44.03,43.72,44.36,43.06,672739544.36
000002.SZ,2021-09-13,190.9,190.74,195.41,190.75,7304581844.69
600519.SH,2021-09-14,362.42,361.22,371.59,356.52,6162068435.22
000858.SZ,2021-09-14,31.12,31.31,31.3,30.93,813024256.3
300750.SZ,2021-09-14,50.28,50.69,51.6,49.46,1756657946.16
601318.SH,2021-09-14,15.46,15.48,15.56,15.45,148055766.71
000333.SZ,2021-09-14,21.91,22.05,22.04,21.79,142664346.45
600036.SH,2021-09-14,116.31,116.38,117.66,115.23,1418089561.74
002415.SZ,2021-09-14,18.14,18.12,18.16,17.85,856500191.73
600276.SH,2021-09-14,35.95,35.86,36.3,35.8,1024524087.05
002594.SZ,2021-09-14,132.52,132.97,135.66,128.31,4807908051.0
601012.SH,2021-09-14,128.22,129.36,128.6,127.51,3039973805.35
600887.SH,2021-09-14,46.06,46.04,46.06,45.26,1306202558.1
000002.SZ,2021-09-14,190.47,189.52,192.14,187.38,5062973671.49
600519.SH,2021-09-15,357.31,359.54,358.73,354.74,17469173586.52
000858.SZ,2021-09-15,30.68,30.52,31.64,30.2,792962736.96
300750.SZ,2021-09-15,51.6,51.8,52.18,51.35,870167796.06
601318.SH,2021-09-15,15.7,15.77,16.17,15.41,373489380.97
000333.SZ,2021-09-15,22.18,22.0,22.74,21.85,271768353.86
600036.SH,2021-09-15,114.48,114.24,117.09,112.92,1671609813.83
002415.SZ,2021-09-15,18.39,18.42,18.62,18.38,817225998.0
600276.SH,2021-09-15,36.5,36.24,37.3,36.41,648111100.07
002594.SZ,2021-09-15,132.94,133.13,132.98,131.18,4980381707.73
601012.SH,2021-09-15,127.86,128.91,129.69,125.31,3509923533.66
600887.SH,2021-09-15,46.62,46.91,46.76,46.36,1045914168.91
000002.SZ,2021-09-15,192.47,193.24,193.27,189.24,2823259823.11
600519.SH,2021-09-16,353.2,351.93,357.82,349.36,2730413062.18
000858.SZ,2021-09-16,30.46,30.61,30.54,30.43,438143478.54
300750.SZ,2021-09-16,49.41,49.11,50.36,49.25,751934984.8
601318.SH,2021-09-16,15.94,15.75,15.95,15.7,12552516.03
000333.SZ,2021-09-16,22.13,22.08,22.44,22.06,381340161.47
600036.SH,2021-09-16,118.97,118.71,120.15,117.67,2604661165.17
002415.SZ,2021-09-16,17.58,17.59,17.8,17.5,575928968.81
600276.SH,2021-09-16,36.68,36.49,36.83,36.63,1521392805.68
002594.SZ,2021-09-16,134.98,134.69,136.45,132.54,941494947.36
601012.SH,2021-09-16,125.69,125.44,125.98,125.4,5495151482.79
600887.SH,2021-09-16,47.21,46.89,47.67,46.59,1434645620.39
000002.SZ,2021-09-16,193.93,193.5,194.69,191.9,4249098196.02
600519.SH,2021-09-17,358.05,356.45,364.81,350.11,16927667483.13
000858.SZ,2021-09-17,30.3,30.13,30.58,30.14,993913466.26
300750.SZ,2021-09-17,45.51,45.55,45.97,45.41,378674172.52
601318.SH,2021-09-17,15.98,16.02,16.25,15.67,732269050.57
000333.SZ,2021-09-17,22.2,22.22,22.25,22.16,73793452.82
600036.SH,2021-09-17,116.86,116.43,116.98,115.39,3760155454.0
002415.SZ,2021-09-17,17.01,17.04,17.2,16.72,536991601.58
600276.SH,2021-09-17,37.18,36.93,37.32,36.63,463372808.12
002594.SZ,2021-09-17,136.38,135.47,138.58,136.18,1454496399.22
601012.SH,2021-09-17,130.72,130.21,133.29,129.02,131643289.11
600887.SH,2021-09-17,46.28,46.14,47.63,46.06,1260364445.43
000002.SZ,2021-09-17,199.77,197.79,200.06,196.28,1671925191.2
600519.SH,2021-09-20,358.38,357.77,362.55,356.38,13247000714.47
000858.SZ,2021-09-20,29.94,29.8,30.5,29.75,1415001837.01
300750.SZ,2021-09-20,46.1,46.17,46.89,45.18,2232818730.05
601318.SH,2021-09-20,16.34,16.35,16.83,15.92,783691420.15
000333.SZ,2021-09-20,21.92,21.96,22.0,21.73,687556232.68
600036.SH,2021-09-20,121.51,121.23,122.18,119.12,4131214531.57
002415.SZ,2021-09-20,17.03,16.95,17.1,16.87,223537113.12
600276.SH,2021-09-20,36.05,36.13,37.54,35.09,668608065.62
002594.SZ,2021-09-20,132.57,132.61,133.71,131.35,854913256.8
601012.SH,2021-09-20,134.28,134.86,136.23,132.92,2657980091.8
600887.SH,2021-09-20,45.67,45.68,46.07,45.61,812720826.56
000002.SZ,2021-09-20,200.31,198.23,205.29,200.26,5861112590.67
600519.SH,2021-09-21,359.51,358.98,363.59,357.67,10155164720.04
000858.SZ,2021-09-21,29.87,29.88,30.65,29.84,181435251.38
300750.SZ,2021-09-21,47.25,47.53,47.84,46.71,1174330176.87
601318.SH,2021-09-21,16.15,16.19,16.21,16.12,225440878.7
000333.SZ,2021-09-21,21.32,21.13,21.83,20.79,821259014.62
600036.SH,2021-09-21,114.58,115.11,118.04,113.4,1915141150.24
002415.SZ,2021-09-21,16.98,17.02,17.15,16.85,223094232.81
600276.SH,2021-09-21,35.83,35.9,36.63,35.67,897898678.49
002594.SZ,2021-09-21,136.74,136.12,138.8,135.87,1963813539.95
601012.SH,2021-09-21,131.99,130.94,133.51,131.85,4359165116.55
600887.SH,2021-09-21,46.86,47.08,47.92,46.48,1712209586.19
000002.SZ,2021-09-21,198.97,199.43,199.84,198.76,5926698003.72
600519.SH,2021-09-22,375.16,373.18,375.71,371.54,10288427557.43
000858.SZ,2021-09-22,29.16,29.17,29.27,28.85,573475027.52
300750.SZ,2021-09-22,46.8,46.74,47.18,45.76,1569696305.59
601318.SH,2021-09-22,16.43,16.34,16.88,16.42,232307905.79
000333.SZ,2021-09-22,21.96,21.92,22.22,21.92,298386731.04
600036.SH,2021-09-22,117.05,118.04,117.59,115.25,735812862.02
002415.SZ,2021-09-22,16.43,16.39,16.59,16.32,72387543.03
600276.SH,2021-09-22,36.82,36.97,37.15,35.86,794193126.2
002594.SZ,2021-09-22,136.78,136.94,137.5,132.03,5904355296.58
601012.SH,2021-09-22,126.68,126.37,127.15,126.11,68889486.5
600887.SH,2021-09-22,46.23,46.13,46.71,45.0,839689365.91
000002.SZ,2021-09-22,197.33,199.25,199.47,194.7,85001144.0
600519.SH,2021-09-23,367.85,365.98,371.83,363.6,5063861742.63
000858.SZ,2021-09-23,30.12,29.98,30.85,29.41,1050843252.95
300750.SZ,2021-09-23,47.45,47.21,47.76,47.19,731357970.74
601318.SH,2021-09-23,16.91,16.95,16.97,16.76,523358760.03
000333.SZ,2021-09-23,21.49,21.24,21.54,21.46,438294358.17
600036.SH,2021-09-23,112.22,111.8,112.91,111.16,877244744.92
002415.SZ,2021-09-23,16.62,16.54,16.77,16.39,243338427.23
600276.SH,2021-09-23,36.87,36.77,37.24,36.53,935769067.14
002594.SZ,2021-09-23,139.8,139.44,139.85,138.64,2698298566.75
601012.SH,2021-09-23,128.84,128.43,131.55,128.31,2956062614.59
600887.SH,2021-09-23,46.43,46.33,47.45,45.86,1411152873.37
000002.SZ,2021-09-23,201.38,201.26,201.79,200.28,4211429503.7
600519.SH,2021-09-24,368.74,366.55,378.18,362.62,13426291669.23
000858.SZ,2021-09-24,30.29,30.54,30.64,29.98,396987979.61
300750.SZ,2021-09-24,49.82,50.08,51.59,48.69,576597132.0
601318.SH,2021-09-24,17.46,17.47,17.79,17.01,564773366.65
000333.SZ,2021-09-24,20.94,20.95,21.13,20.82,944360559.13
600036.SH,2021-09-24,107.84,108.35,108.1,106.77,588201503.83
002415.SZ,2021-09-24,17.19,17.18,17.21,17.19,179615304.96
600276.SH,2021-09-24,36.49,36.54,36.65,36.14,367251000.12
002594.SZ,2021-09-24,139.41,138.7,142.48,137.18,680608131.97
601012.SH,2021-09-24,127.33,126.18,129.24,127.14,1788882660.1
600887.SH,2021-09-24,46.83,46.89,47.21,46.06,2034769098.47
000002.SZ,2021-09-24,199.4,199.97,200.87,197.87,5278643381.55
600519.SH,2021-09-27,357.95,356.56,369.1,354.8,3500021519.2
000858.SZ,2021-09-27,28.95,28.85,29.22,28.73,1282008284.68
300750.SZ,2021-09-27,46.87,47.11,47.43,46.57,1138286643.79
601318.SH,2021-09-27,17.01,17.0,17.02,16.9,271214474.5
000333.SZ,2021-09-27,21.59,21.59,21.65,21.34,540884448.3
600036.SH,2021-09-27,105.37,105.75,106.02,104.41,2008766193.39
002415.SZ,2021-09-27,17.19,17.27,17.28,16.94,849948368.73
600276.SH,2021-09-27,37.53,37.47,37.67,37.25,1619519906.21
002594.SZ,2021-09-27,144.05,143.03,144.16,140.66,6909440864.84
601012.SH,2021-09-27,125.62,126.69,128.22,123.61,6237856354.97
600887.SH,2021-09-27,47.69,48.05,49.12,46.77,2248180226.25
000002.SZ,2021-09-27,197.63,198.26,198.07,194.98,9442300601.92
600519.SH,2021-09-28,340.78,341.21,342.06,340.28,14768045036.48
000858.SZ,2021-09-28,29.66,29.72,30.18,28.89,737740613.96
300750.SZ,2021-09-28,47.02,46.89,47.6,46.65,155567629.48
601318.SH,2021-09-28,16.65,16.48,16.96,16.51,535392888.2
000333.SZ,2021-09-28,21.71,21.82,22.45,21.38,407510240.81
600036.SH,2021-09-28,106.3,106.19,107.4,106.16,2940382560.11
002415.SZ,2021-09-28,17.27,17.28,17.6,17.05,99721089.94
600276.SH,2021-09-28,36.64,36.24,37.95,36.28,864854710.8
002594.SZ,2021-09-28,143.5,143.79,145.98,142.61,2023402521.27
601012.SH,2021-09-28,126.64,126.6,126.76,126.3,3925121551.35
600887.SH,2021-09-28,48.61,48.13,49.7,48.37,2055788967.31
000002.SZ,2021-09-28,196.66,196.71,196.87,193.73,3923476310.37
600519.SH,2021-09-29,331.72,331.92,331.87,328.53,4743255952.74
000858.SZ,2021-09-29,29.99,30.19,30.18,29.17,1339174776.97
300750.SZ,2021-09-29,48.5,48.22,48.78,47.63,420595815.74
601318.SH,2021-09-29,16.41,16.38,16.44,16.13,437948771.51
000333.SZ,2021-09-29,21.99,22.2,22.49,21.66,229625556.6
600036.SH,2021-09-29,109.14,109.92,110.32,107.78,3708665909.21
002415.SZ,2021-09-29,17.74,17.81,17.79,17.52,595413450.89
600276.SH,2021-09-29,37.89,37.93,38.21,37.25,1801259475.57
002594.SZ,2021-09-29,144.59,145.24,146.15,143.25,4638324805.54
601012.SH,2021-09-29,131.16,130.8,133.15,131.09,2050462128.53
600887.SH,2021-09-29,50.28,50.05,50.77,49.47,1583538760.38
000002.SZ,2021-09-29,192.69,193.04,193.55,191.13,9464715869.63
600519.SH,2021-09-30,334.46,334.49,337.97,328.71,8766123668.49
000858.SZ,2021-09-30,30.18,30.29,30.6,30.13,1476127437.37
300750.SZ,2021-09-30,47.69,47.49,48.53,47.39,1299837671.5
601318.SH,2021-09-30,16.28,16.46,16.5,16.22,12684646.47
000333.SZ,2021-09-30,20.9,20.89,21.42,20.48,58632885.98
600036.SH,2021-09-30,111.13,110.98,111.81,109.46,814131396.34
002415.SZ,2021-09-30,18.12,18.1,18.2,18.08,533108560.96
600276.SH,2021-09-30,39.0,39.18,39.47,39.0,411538151.14
002594.SZ,2021-09-30,149.53,150.5,151.94,148.16,1989632155.83
601012.SH,2021-09-30,129.24,128.49,129.85,128.71,2629408602.35
600887.SH,2021-09-30,50.1,50.39,50.66,49.58,527030095.96
000002.SZ,2021-09-30,200.22,202.37,202.52,194.85,4363974570.21
600519.SH,2021-10-01,343.66,346.77,344.47,337.82,3585245146.05
000858.SZ,2021-10-01,29.64,29.79,30.37,29.59,195919784.26
300750.SZ,2021-10-01,44.9,44.58,45.75,44.86,216217458.03
601318.SH,2021-10-01,16.19,16.23,16.48,16.09,127814735.53
000333.SZ,2021-10-01,20.35,20.38,20.42,20.07,613529036.86
600036.SH,2021-10-01,111.36,111.67,112.63,110.64,5130251054.6
002415.SZ,2021-10-01,18.57,18.57,18.82,18.25,532505071.07
600276.SH,2021-10-01,37.61,37.78,37.82,37.57,1685121339.68
002594.SZ,2021-10-01,150.64,152.08,150.95,150.54,5813088919.58
601012.SH,2021-10-01,125.38,124.82,125.79,124.07,2253033253.96
600887.SH,2021-10-01,53.24,53.54,55.87,52.73,1258767440.21
000002.SZ,2021-10-01,200.58,201.31,203.18,199.4,2659776871.22
600519.SH,2021-10-04,347.91,348.18,360.46,345.94,16153425359.39
000858.SZ,2021-10-04,28.88,28.96,29.6,28.76,693158368.89
300750.SZ,2021-10-04,42.53,42.71,42.9,42.22,361937871.06
601318.SH,2021-10-04,15.81,15.89,16.35,15.51,290665388.09
000333.SZ,2021-10-04,19.88,19.78,19.99,19.66,45476308.67
600036.SH,2021-10-04,114.68,114.92,116.66,114.31,1108133362.98
002415.SZ,2021-10-04,18.05,18.12,18.28,17.79,764581499.2
600276.SH,2021-10-04,38.4,38.0,39.42,38.36,1476375086.5
002594.SZ,2021-10-04,152.3,153.44,157.96,151.27,6951313861.9
601012.SH,2021-10-04,125.09,125.73,128.01,122.19,5783481381.28
600887.SH,2021-10-04,49.95,49.63,50.62,48.97,2153357548.76
000002.SZ,2021-10-04,197.93,198.86,204.35,193.34,3153104642.72
600519.SH,2021-10-05,356.53,357.29,357.16,356.09,2099544217.61
000858.SZ,2021-10-05,29.29,29.52,29.5,28.52,458505306.54
300750.SZ,2021-10-05,42.71,42.59,43.12,42.32,1955117714.19
601318.SH,2021-10-05,15.25,15.28,15.48,15.16,704159644.72
000333.SZ,2021-10-05,19.95,19.76,20.06,19.92,889335630.06
600036.SH,2021-10-05,115.46,115.22,117.24,115.46,3451860486.44
002415.SZ,2021-10-05,17.84,17.76,18.43,17.65,425067794.6
600276.SH,2021-10-05,38.84,38.64,38.99,38.49,18301926.72
002594.SZ,2021-10-05,149.67,151.18,154.05,147.47,6609156014.67
601012.SH,2021-10-05,118.88,119.25,119.24,118.65,630383878.95
600887.SH,2021-10-05,49.18,49.14,49.34,48.87,528119896.34
000002.SZ,2021-10-05,194.61,194.91,194.83,193.36,9267894597.11
600519.SH,2021-10-06,367.57,365.77,373.44,366.27,4519315189.49
000858.SZ,2021-10-06,29.83,29.84,30.07,29.28,535300362.95
300750.SZ,2021-10-06,42.68,42.77,43.1,41.86,1422037051.11
601318.SH,2021-10-06,15.05,15.07,15.36,14.64,685759514.08
000333.SZ,2021-10-06,20.24,20.22,20.39,20.15,905209343.71
600036.SH,2021-10-06,119.83,119.96,122.91,118.56,900281272.37
002415.SZ,2021-10-06,17.41,17.4,17.54,17.29,664146450.41
600276.SH,2021-10-06,38.24,38.14,38.92,36.95,1353469249.72
002594.SZ,2021-10-06,154.05,154.85,157.73,153.87,2453012956.88
601012.SH,2021-10-06,120.36,122.54,120.83,118.61,2633725391.35
600887.SH,2021-10-06,48.66,48.6,49.87,48.34,2051718913.26
000002.SZ,2021-10-06,200.33,200.9,204.26,195.31,8839881100.87
600519.SH,2021-10-07,372.82,373.33,374.38,361.76,4906131456.16
000858.SZ,2021-10-07,29.14,29.3,29.64,28.96,1383172280.51
300750.SZ,2021-10-07,42.99,42.83,43.34,42.59,323554810.58
601318.SH,2021-10-07,15.06,15.01,15.12,14.72,295233372.14
000333.SZ,2021-10-07,21.08,21.21,21.57,20.75,343785336.13
600036.SH,2021-10-07,121.71,121.73,121.81,120.38,5761099300.78
002415.SZ,2021-10-07,17.63,17.63,17.84,17.62,31444468.18
600276.SH,2021-10-07,38.38,38.36,38.86,37.43,201881212.24
002594.SZ,2021-10-07,156.13,155.94,157.65,150.8,827642894.38
601012.SH,2021-10-07,116.24,116.08,116.67,113.67,3728461788.59
600887.SH,2021-10-07,46.92,46.9,48.16,46.12,32508048.77
000002.SZ,2021-10-07,202.38,201.12,206.48,202.28,6927115251.29
600519.SH,2021-10-08,376.74,375.24,382.1,369.13,6076500107.25
000858.SZ,2021-10-08,28.86,28.76,28.86,28.72,805623902.1
300750.SZ,2021-10-08,40.87,40.88,41.31,40.58,1377937431.43
601318.SH,2021-10-08,14.66,14.66,15.04,14.23,468588280.82
000333.SZ,2021-10-08,21.38,21.18,21.42,21.36,239921454.19
600036.SH,2021-10-08,122.16,122.64,125.59,121.85,5233575958.79
002415.SZ,2021-10-08,17.36,17.27,17.41,17.3,577647975.4
600276.SH,2021-10-08,37.51,37.48,38.04,37.5,1568749477.2
002594.SZ,2021-10-08,157.25,156.87,158.58,154.96,3811152839.69
601012.SH,2021-10-08,115.86,114.9,116.22,115.45,5697755383.32
600887.SH,2021-10-08,46.75,46.8,47.22,45.22,274306354.99
000002.SZ,2021-10-08,199.93,200.18,201.34,197.26,5729445501.27
600519.SH,2021-10-11,378.34,375.76,380.97,377.93,10698098170.67
000858.SZ,2021-10-11,29.08,28.94,29.44,28.4,1364041634.15
300750.SZ,2021-10-11,40.25,40.43,40.36,39.94,139433665.43
601318.SH,2021-10-11,15.27,15.25,15.31,14.9,299181802.97
000333.SZ,2021-10-11,21.07,20.97,21.09,20.9,638972285.52
600036.SH,2021-10-11,122.73,123.94,123.91,121.77,2621301378.34
002415.SZ,2021-10-11,16.69,16.67,16.78,16.58,678526369.46
600276.SH,2021-10-11,36.59,36.71,36.82,35.37,1165446713.28
002594.SZ,2021-10-11,160.95,161.66,161.95,160.76,7179578452.43
601012.SH,2021-10-11,118.03,117.32,119.64,116.66,3149386970.1
600887.SH,2021-10-11,47.03,47.0,48.05,46.03,213623234.75
000002.SZ,2021-10-11,196.67,197.76,202.03,191.45,8083312481.27
600519.SH,2021-10-12,381.87,379.43,383.74,372.48,2868304347.63
000858.SZ,2021-10-12,28.37,28.2,28.49,28.15,344605841.89
300750.SZ,2021-10-12,41.35,41.51,41.62,41.01,8898684.4
601318.SH,2021-10-12,14.28,14.28,14.43,13.9,371233528.2
000333.SZ,2021-10-12,20.88,20.78,21.32,20.59,720112353.84
600036.SH,2021-10-12,120.34,120.62,121.77,116.03,1580622036.76
002415.SZ,2021-10-12,17.24,17.3,17.67,16.84,164028395.61
600276.SH,2021-10-12,36.43,36.44,36.67,35.67,426334251.62
002594.SZ,2021-10-12,166.01,165.37,166.13,165.04,7437999581.46
601012.SH,2021-10-12,122.35,122.2,122.4,122.07,1554624023.64
600887.SH,2021-10-12,47.58,47.9,47.79,47.14,882406201.93
000002.SZ,2021-10-12,188.71,188.27,189.75,188.66,6694423318.66
600519.SH,2021-10-13,374.87,374.47,379.87,366.66,18675533955.19
000858.SZ,2021-10-13,28.03,28.0,28.73,27.23,1112811275.0
300750.SZ,2021-10-13,41.78,41.84,43.03,40.92,1804460803.84
601318.SH,2021-10-13,14.42,14.3,14.6,14.33,611865248.75
000333.SZ,2021-10-13,20.2,20.15,20.52,19.58,613696661.57
600036.SH,2021-10-13,122.77,121.76,124.94,121.09,1128030530.8
002415.SZ,2021-10-13,16.81,16.84,17.14,16.64,607185971.71
600276.SH,2021-10-13,36.13,36.16,37.24,35.32,1418485482.82
002594.SZ,2021-10-13,167.16,168.16,168.6,165.26,867336955.9
601012.SH,2021-10-13,122.02,122.29,122.56,121.55,4003874993.65
600887.SH,2021-10-13,49.48,49.53,49.53,49.14,1893441811.82
000002.SZ,2021-10-13,194.18,195.01,199.82,192.57,3943755305.39
600519.SH,2021-10-14,362.69,358.7,368.97,357.77,12912642913.06
000858.SZ,2021-10-14,27.26,27.04,27.43,27.08,192363468.16
300750.SZ,2021-10-14,43.0,42.98,43.41,42.13,1201046896.55
601318.SH,2021-10-14,14.47,14.34,14.53,14.21,233723815.27
000333.SZ,2021-10-14,20.53,20.47,21.06,20.04,784708870.84
600036.SH,2021-10-14,122.9,123.29,124.02,122.33,5108505777.87
002415.SZ,2021-10-14,17.34,17.42,17.52,16.64,487895071.79
600276.SH,2021-10-14,36.84,36.79,37.46,36.59,885585988.9
002594.SZ,2021-10-14,170.53,170.83,172.13,167.85,8069747504.99
601012.SH,2021-10-14,120.01,119.96,120.95,119.68,3901606275.93
600887.SH,2021-10-14,50.25,49.9,50.36,50.06,174549743.45
000002.SZ,2021-10-14,186.46,185.87,188.05,185.2,8628988320.4
600519.SH,2021-10-15,360.69,361.53,364.52,359.18,14196177238.91
000858.SZ,2021-10-15,26.84,26.67,27.0,26.36,266950704.53
300750.SZ,2021-10-15,42.19,41.79,43.58,41.23,491173876.58
601318.SH,2021-10-15,14.14,14.18,14.24,14.03,148739275.72
000333.SZ,2021-10-15,19.51,19.57,19.59,19.49,821817402.88
600036.SH,2021-10-15,126.77,127.15,126.95,126.33,5429614819.18
002415.SZ,2021-10-15,17.26,17.27,17.29,17.18,308345321.39
600276.SH,2021-10-15,36.7,36.82,37.08,36.17,242024283.71
002594.SZ,2021-10-15,172.75,172.94,174.7,172.12,6732978460.57
601012.SH,2021-10-15,123.27,122.37,125.59,122.86,1114590955.07
600887.SH,2021-10-15,51.96,51.85,52.42,51.69,2417544944.73
000002.SZ,2021-10-15,184.54,184.53,184.99,181.15,4550526004.24
600519.SH,2021-10-18,362.57,360.64,366.32,360.07,8834929875.53
000858.SZ,2021-10-18,26.24,26.35,26.51,25.89,1301775032.91
300750.SZ,2021-10-18,42.98,42.82,43.22,42.44,2035907529.3
601318.SH,2021-10-18,14.15,14.27,14.16,14.1,546376673.48
000333.SZ,2021-10-18,19.96,19.88,20.17,19.88,888565687.48
600036.SH,2021-10-18,129.46,129.31,129.89,128.18,5861802137.91
002415.SZ,2021-10-18,17.6,17.7,17.79,17.18,613946297.22
600276.SH,2021-10-18,37.21,37.18,38.89,37.19,1099628977.68
002594.SZ,2021-10-18,173.21,172.9,174.78,170.72,6295856168.01
601012.SH,2021-10-18,119.5,119.11,120.25,118.34,352274428.43
600887.SH,2021-10-18,52.41,52.04,52.49,52.31,2484238619.84
000002.SZ,2021-10-18,192.4,192.38,196.46,192.03,2046998337.79
600519.SH,2021-10-19,358.81,356.01,363.86,349.14,16081430546.43
000858.SZ,2021-10-19,25.81,25.68,26.01,24.96,668924988.01
300750.SZ,2021-10-19,43.67,43.78,43.77,43.33,593363911.09
601318.SH,2021-10-19,14.75,14.78,14.93,14.72,221209261.63
000333.SZ,2021-10-19,19.45,19.24,19.69,19.44,768028196.43
600036.SH,2021-10-19,121.7,122.28,123.05,118.89,5751206321.14
002415.SZ,2021-10-19,17.34,17.4,17.63,17.16,772810805.01
600276.SH,2021-10-19,37.32,37.21,38.25,36.49,825227749.04
002594.SZ,2021-10-19,172.68,172.38,173.71,169.69,7828665624.47
601012.SH,2021-10-19,118.78,117.18,118.79,118.31,2060227755.35
600887.SH,2021-10-19,51.78,51.41,52.12,50.59,815867037.55
000002.SZ,2021-10-19,189.39,188.26,191.85,189.0,8716954729.3
600519.SH,2021-10-20,351.57,349.36,353.15,351.37,14944254373.57
000858.SZ,2021-10-20,26.06,25.83,26.74,25.88,1217114929.69
300750.SZ,2021-10-20,44.31,44.3,44.9,43.83,2213309151.05
601318.SH,2021-10-20,14.17,14.27,14.18,13.83,552879752.14
000333.SZ,2021-10-20,20.23,20.28,20.52,20.17,980874807.21
600036.SH,2021-10-20,123.11,123.48,123.38,118.89,3918265089.16
002415.SZ,2021-10-20,17.59,17.79,17.99,17.06,586302920.79
600276.SH,2021-10-20,37.07,36.87,37.94,36.59,522804541.34
002594.SZ,2021-10-20,173.87,173.37,174.5,171.93,4341658208.33
601012.SH,2021-10-20,115.5,115.89,116.64,112.92,3928282564.49
600887.SH,2021-10-20,53.85,54.59,54.35,52.34,2327398447.38
000002.SZ,2021-10-20,196.18,197.06,201.45,193.35,3437217147.41
600519.SH,2021-10-21,349.64,349.25,350.89,348.94,1293974655.62
000858.SZ,2021-10-21,25.21,25.19,25.23,24.55,1201929878.91
300750.SZ,2021-10-21,44.0,43.83,44.62,43.79,92660081.07
601318.SH,2021-10-21,14.39,14.39,14.4,14.34,513524270.8
000333.SZ,2021-10-21,20.04,20.04,20.32,19.83,793915642.65
600036.SH,2021-10-21,120.72,120.3,122.06,116.17,4889750921.34
002415.SZ,2021-10-21,17.67,17.62,17.87,16.83,488102580.74
600276.SH,2021-10-21,36.28,36.35,37.13,35.62,721122978.55
002594.SZ,2021-10-21,179.76,180.41,181.94,173.24,4775169478.23
601012.SH,2021-10-21,118.29,118.86,119.09,116.02,4370929847.92
600887.SH,2021-10-21,54.77,55.05,55.29,53.94,2171831247.0
000002.SZ,2021-10-21,192.81,194.59,194.15,191.6,6348689376.43
600519.SH,2021-10-22,351.63,354.08,354.53,348.44,429876196.33
000858.SZ,2021-10-22,25.92,26.01,25.94,25.57,30446997.86
300750.SZ,2021-10-22,41.72,42.04,42.78,41.06,152299250.03
601318.SH,2021-10-22,14.47,14.51,14.63,14.4,686967222.76
000333.SZ,2021-10-22,20.75,20.58,20.81,20.7,197488536.77
600036.SH,2021-10-22,126.25,125.63,126.69,122.8,3955227057.1
002415.SZ,2021-10-22,17.26,17.19,17.77,17.23,214870910.15
600276.SH,2021-10-22,36.55,36.44,37.03,36.27,109273790.04
002594.SZ,2021-10-22,184.54,183.0,189.96,181.86,8496248312.88
601012.SH,2021-10-22,121.92,122.34,122.35,119.5,1733006808.33
600887.SH,2021-10-22,52.28,52.31,53.4,51.25,660812451.32
000002.SZ,2021-10-22,183.22,182.25,185.56,177.1,4975742282.75
600519.SH,2021-10-25,353.16,354.64,363.48,351.09,14116364185.75
000858.SZ,2021-10-25,26.26,26.28,26.28,25.83,169023702.19
300750.SZ,2021-10-25,41.61,41.9,41.95,41.48,1483265180.59
601318.SH,2021-10-25,14.36,14.44,14.41,14.24,415767928.58
000333.SZ,2021-10-25,21.43,21.43,21.71,20.97,286723918.41
600036.SH,2021-10-25,130.97,130.5,133.62,126.45,5957068301.13
002415.SZ,2021-10-25,17.01,16.95,17.11,16.76,264452900.42
600276.SH,2021-10-25,36.71,36.56,37.21,35.92,1000996864.32
002594.SZ,2021-10-25,179.3,179.82,180.48,175.82,5782997022.2
601012.SH,2021-10-25,127.27,127.11,128.03,124.22,5096786847.67
600887.SH,2021-10-25,50.47,50.42,50.48,49.25,1209963727.38
000002.SZ,2021-10-25,178.41,178.01,180.42,174.95,4267336945.09
600519.SH,2021-10-26,345.48,346.58,355.09,342.02,9190952700.14
000858.SZ,2021-10-26,25.58,25.6,25.72,25.31,191512009.02
300750.SZ,2021-10-26,42.96,43.03,43.15,42.64,276101552.98
601318.SH,2021-10-26,15.2,15.19,15.44,15.14,336401094.12
000333.SZ,2021-10-26,21.58,21.62,21.9,21.47,63931987.57
600036.SH,2021-10-26,129.94,129.32,131.93,128.27,3912315806.38
002415.SZ,2021-10-26,17.33,17.37,17.42,17.26,500489483.91
600276.SH,2021-10-26,35.9,35.82,36.12,35.6,806673086.81
002594.SZ,2021-10-26,185.38,186.1,187.83,184.94,7359390370.1
601012.SH,2021-10-26,127.22,127.17,130.52,125.41,2034962454.69
600887.SH,2021-10-26,51.03,51.29,51.75,50.56,2007075370.74
000002.SZ,2021-10-26,175.41,174.64,176.64,171.31,5725560102.97
600519.SH,2021-10-27,343.89,344.69,348.66,339.69,4795809744.09
000858.SZ,2021-10-27,24.56,24.59,25.46,24.24,1125900491.03
300750.SZ,2021-10-27,43.0,43.17,43.02,42.57,1822679682.36
601318.SH,2021-10-27,15.55,15.61,15.62,15.52,753410585.61
000333.SZ,2021-10-27,20.59,20.76,20.6,20.49,991180061.48
600036.SH,2021-10-27,126.72,126.16,126.78,125.18,4059024955.56
002415.SZ,2021-10-27,17.13,17.16,17.51,16.97,695967318.69
600276.SH,2021-10-27,35.64,35.53,36.0,35.25,1123786205.41
002594.SZ,2021-10-27,185.06,182.8,185.46,184.56,2503360293.67
601012.SH,2021-10-27,127.14,128.18,128.03,125.66,4257583881.24
600887.SH,2021-10-27,51.42,50.81,51.72,50.34,545258987.26
000002.SZ,2021-10-27,175.34,174.86,177.24,171.79,8518333152.65
600519.SH,2021-10-28,329.6,333.17,329.82,319.6,14810544082.47
000858.SZ,2021-10-28,24.76,25.19,25.38,24.57,849987432.02
300750.SZ,2021-10-28,44.32,44.59,45.61,43.52,1567348975.82
601318.SH,2021-10-28,15.65,15.67,15.69,15.39,448181042.12
000333.SZ,2021-10-28,19.69,19.59,20.23,18.97,547514098.69
600036.SH,2021-10-28,127.52,127.54,131.19,127.31,5506521988.05
002415.SZ,2021-10-28,17.34,17.33,17.71,17.1,204873172.52
600276.SH,2021-10-28,34.77,34.85,35.62,34.34,941036349.4
002594.SZ,2021-10-28,185.5,185.64,187.24,181.4,2853218928.96
601012.SH,2021-10-28,131.26,131.48,133.98,130.54,5058212977.85
600887.SH,2021-10-28,53.52,53.99,53.86,53.25,128690713.13
000002.SZ,2021-10-28,175.99,177.3,179.46,175.1,3513618131.51
600519.SH,2021-10-29,333.95,335.19,336.76,323.91,7815999447.58
000858.SZ,2021-10-29,24.67,24.71,24.88,24.64,606986948.42
300750.SZ,2021-10-29,43.88,43.72,44.14,43.01,857509175.08
601318.SH,2021-10-29,16.2,16.2,16.44,16.12,271403734.21
000333.SZ,2021-10-29,20.17,20.26,20.54,20.08,179096584.07
600036.SH,2021-10-29,129.55,128.99,131.43,129.12,491065772.55
002415.SZ,2021-10-29,17.12,17.03,17.25,16.79,122966816.05
600276.SH,2021-10-29,36.07,36.16,36.83,35.8,41644153.99
002594.SZ,2021-10-29,190.42,191.03,191.19,188.98,7021644633.93
601012.SH,2021-10-29,127.08,126.64,128.38,126.93,4900657906.41
600887.SH,2021-10-29,55.0,54.95,55.49,53.93,1970971310.57
000002.SZ,2021-10-29,176.81,176.72,176.92,174.67,2500541327.68
600519.SH,2021-11-01,336.44,335.74,337.14,331.63,5950790389.23
000858.SZ,2021-11-01,23.44,23.55,23.58,23.33,756700704.95
300750.SZ,2021-11-01,42.3,42.49,43.39,41.87,526177985.2
601318.SH,2021-11-01,16.61,16.64,16.92,16.59,460307670.61
000333.SZ,2021-11-01,19.79,20.01,19.82,19.74,584859844.25
600036.SH,2021-11-01,132.25,133.71,132.92,131.78,970668130.66
002415.SZ,2021-11-01,16.56,16.62,16.99,16.06,812708221.86
600276.SH,2021-11-01,34.76,34.61,35.46,34.72,670776702.75
002594.SZ,2021-11-01,199.61,198.64,200.93,198.09,5736966162.68
601012.SH,2021-11-01,130.04,129.86,133.32,128.42,3631342898.06
600887.SH,2021-11-01,54.85,54.94,55.76,53.95,2428304484.16
000002.SZ,2021-11-01,177.89,176.98,178.25,176.36,4464252789.3
600519.SH,2021-11-02,330.65,329.24,334.37,326.44,9105866379.67
000858.SZ,2021-11-02,23.66,23.68,23.68,23.55,290054999.52
300750.SZ,2021-11-02,43.57,43.71,44.54,43.05,301426089.54
601318.SH,2021-11-02,16.45,16.38,16.66,15.67,473941744.99
000333.SZ,2021-11-02,20.04,20.08,20.32,19.59,332080885.82
600036.SH,2021-11-02,126.72,127.92,127.36,124.83,3916608087.87
002415.SZ,2021-11-02,17.32,17.42,17.73,17.19,670551203.45
600276.SH,2021-11-02,35.65,35.52,36.46,35.59,258955688.11
002594.SZ,2021-11-02,199.56,201.09,200.92,199.3,8833467459.73
601012.SH,2021-11-02,129.01,128.27,129.42,125.05,3402418974.62
600887.SH,2021-11-02,56.82,57.09,58.29,56.36,1498575644.72
000002.SZ,2021-11-02,175.74,175.99,177.2,175.12,4293377909.44
600519.SH,2021-11-03,333.87,333.74,342.69,328.71,899858982.92
000858.SZ,2021-11-03,23.49,23.6,23.83,23.45,1024419167.19
300750.SZ,2021-11-03,42.59,42.65,43.43,41.52,813670885.52
601318.SH,2021-11-03,16.88,16.73,17.06,16.5,86214184.21
000333.SZ,2021-11-03,19.85,19.82,20.04,19.8,20059237.87
600036.SH,2021-11-03,128.25,128.08,129.02,128.16,5745910899.55
002415.SZ,2021-11-03,17.17,17.14,17.2,16.86,691158644.47
600276.SH,2021-11-03,35.54,35.64,35.55,34.73,813013993.23
002594.SZ,2021-11-03,198.81,199.43,198.95,196.4,1008867280.5
601012.SH,2021-11-03,126.97,127.55,127.95,126.04,2278357771.15
600887.SH,2021-11-03,57.89,58.26,58.1,56.6,1917196482.34
000002.SZ,2021-11-03,175.44,176.82,176.71,175.2,2847892345.91
600519.SH,2021-11-04,341.24,340.68,346.1,334.2,1594342101.35
000858.SZ,2021-11-04,23.94,23.69,23.96,23.82,57729031.88
300750.SZ,2021-11-04,43.91,43.88,44.14,43.53,1247188475.73
601318.SH,2021-11-04,16.68,16.6,17.2,16.35,300930617.24
000333.SZ,2021-11-04,20.19,20.36,20.35,20.15,952659093.67
600036.SH,2021-11-04,127.76,127.76,128.58,124.9,6373132995.16
002415.SZ,2021-11-04,17.17,17.23,17.2,17.06,413977681.04
600276.SH,2021-11-04,34.93,35.25,35.03,34.81,1470004538.13
002594.SZ,2021-11-04,196.55,196.86,197.5,194.76,1704692139.97
601012.SH,2021-11-04,129.03,128.67,131.04,126.01,6319503637.45
600887.SH,2021-11-04,57.42,57.3,57.76,56.03,1946304413.39
000002.SZ,2021-11-04,172.33,170.75,172.84,164.98,3593921986.39
600519.SH,2021-11-05,348.64,349.08,353.6,347.64,7452296358.48
000858.SZ,2021-11-05,24.17,24.35,24.35,24.04,786608527.48
300750.SZ,2021-11-05,42.59,42.95,43.97,42.52,1538483578.69
601318.SH,2021-11-05,16.74,16.81,16.98,16.33,71375426.74
000333.SZ,2021-11-05,20.77,20.85,21.2,20.23,993616064.82
600036.SH,2021-11-05,131.32,131.55,131.76,130.63,2082783142.92
002415.SZ,2021-11-05,16.95,16.95,17.05,16.49,518735855.18
600276.SH,2021-11-05,33.97,34.24,35.08,33.28,1381164257.0
002594.SZ,2021-11-05,194.85,193.32,197.91,193.11,7607990800.85
601012.SH,2021-11-05,133.43,133.98,134.37,130.46,1837893242.39
600887.SH,2021-11-05,58.52,58.96,59.17,57.32,1223894625.18
000002.SZ,2021-11-05,162.53,162.51,163.61,161.0,4091164412.28
600519.SH,2021-11-08,356.3,357.64,359.59,354.28,14924025173.74
000858.SZ,2021-11-08,22.84,22.93,22.98,22.58,987926755.82
300750.SZ,2021-11-08,44.67,44.68,45.33,43.97,1547560736.7
601318.SH,2021-11-08,17.1,17.01,17.2,17.04,623625976.7
000333.SZ,2021-11-08,20.57,20.37,20.6,20.2,165647623.81
600036.SH,2021-11-08,131.74,131.0,131.9,130.8,774482637.65
002415.SZ,2021-11-08,17.24,17.09,17.42,17.17,831472169.09
600276.SH,2021-11-08,33.57,33.6,33.77,33.55,839659803.24
002594.SZ,2021-11-08,197.21,197.4,199.79,196.47,1696608461.95
601012.SH,2021-11-08,133.07,132.96,135.58,132.94,5659131121.82
600887.SH,2021-11-08,58.18,58.14,58.42,58.08,2625347956.92
000002.SZ,2021-11-08,168.81,169.5,170.51,167.67,1174296133.65
600519.SH,2021-11-09,338.32,339.62,338.99,335.15,13387172746.62
000858.SZ,2021-11-09,22.88,22.97,23.3,22.83,801308357.33
300750.SZ,2021-11-09,43.14,43.18,43.33,42.94,1444568694.9
601318.SH,2021-11-09,17.03,16.97,17.42,16.43,751177650.18
000333.SZ,2021-11-09,20.22,20.15,20.34,19.5,45404287.0
600036.SH,2021-11-09,140.19,138.69,140.66,139.6,5090153657.7
002415.SZ,2021-11-09,17.03,17.01,17.14,16.7,6442019.37
600276.SH,2021-11-09,33.47,33.77,34.2,33.36,134629053.73
002594.SZ,2021-11-09,194.26,194.09,194.98,188.13,2151626025.96
601012.SH,2021-11-09,136.09,135.77,137.56,134.31,4575035596.73
600887.SH,2021-11-09,57.47,57.54,58.88,57.27,2119714162.03
000002.SZ,2021-11-09,166.13,165.33,167.01,164.16,1023843197.69
600519.SH,2021-11-10,354.31,353.59,354.87,345.09,7680608981.54
000858.SZ,2021-11-10,23.33,23.38,23.91,23.01,534621707.8
300750.SZ,2021-11-10,43.45,43.45,43.77,43.39,16148961.14
601318.SH,2021-11-10,18.06,17.88,18.36,17.97,227544052.45
000333.SZ,2021-11-10,19.91,19.64,19.94,19.7,527983426.72
600036.SH,2021-11-10,137.41,137.97,139.54,136.38,5493470175.54
002415.SZ,2021-11-10,16.7,16.61,16.82,16.57,134420140.22
600276.SH,2021-11-10,34.5,34.28,34.8,33.92,403774569.38
002594.SZ,2021-11-10,191.35,190.94,192.09,189.4,5670503032.18
601012.SH,2021-11-10,140.21,141.86,141.37,138.59,3179719156.43
600887.SH,2021-11-10,56.59,56.71,57.31,55.99,1199665093.79
000002.SZ,2021-11-10,158.68,158.73,161.17,154.07,2236005726.13
600519.SH,2021-11-11,347.39,345.99,357.63,346.33,11943105914.7
000858.SZ,2021-11-11,23.51,23.46,23.97,23.38,950850557.44
300750.SZ,2021-11-11,44.77,44.89,45.72,43.96,1324451024.69
601318.SH,2021-11-11,18.66,18.55,19.14,17.97,504252716.36
000333.SZ,2021-11-11,20.1,20.23,20.34,19.84,802017190.56
600036.SH,2021-11-11,139.83,140.84,141.19,139.29,684094690.91
002415.SZ,2021-11-11,15.6,15.7,15.63,15.39,642933743.86
600276.SH,2021-11-11,34.74,34.78,34.93,34.69,702852778.89
002594.SZ,2021-11-11,191.63,190.73,195.31,191.36,2323273336.14
601012.SH,2021-11-11,139.2,138.5,143.35,137.48,6453273221.88
600887.SH,2021-11-11,55.68,55.25,56.86,55.15,1093056510.21
000002.SZ,2021-11-11,162.25,161.75,165.53,159.83,3542868264.5
600519.SH,2021-11-12,357.45,353.1,365.36,349.4,6229073576.9
000858.SZ,2021-11-12,24.68,24.8,25.21,24.03,921429134.64
300750.SZ,2021-11-12,44.57,44.08,45.87,44.15,2185880394.53
601318.SH,2021-11-12,18.3,18.36,18.53,18.08,847517035.15
000333.SZ,2021-11-12,21.06,21.11,21.47,20.78,379958362.67
600036.SH,2021-11-12,138.78,140.05,141.05,132.5,6341547819.19
002415.SZ,2021-11-12,15.41,15.36,15.53,15.18,717646478.68
600276.SH,2021-11-12,33.55,33.41,33.95,32.71,1520307250.25
002594.SZ,2021-11-12,193.74,194.47,196.34,189.17,8862901760.41
601012.SH,2021-11-12,141.37,142.15,142.52,140.06,841373155.33
600887.SH,2021-11-12,56.88,56.97,56.97,56.03,1538102792.84
000002.SZ,2021-11-12,163.23,163.26,170.84,162.5,7898290060.21
600519.SH,2021-11-15,362.49,362.66,371.05,359.96,17304495172.5
000858.SZ,2021-11-15,25.03,24.88,25.05,24.73,79924938.22
300750.SZ,2021-11-15,45.17,45.11,45.73,44.75,1602281311.82
601318.SH,2021-11-15,18.85,18.77,19.28,18.5,593192378.16
000333.SZ,2021-11-15,21.52,21.6,21.72,20.94,265186600.94
600036.SH,2021-11-15,139.51,138.97,142.11,136.83,1995364395.53
002415.SZ,2021-11-15,15.21,15.11,15.27,14.8,240473816.95
600276.SH,2021-11-15,34.24,34.35,34.6,34.12,452496361.02
002594.SZ,2021-11-15,191.04,192.14,191.35,190.42,8110234944.69
601012.SH,2021-11-15,140.92,140.89,142.73,140.01,7030526726.13
600887.SH,2021-11-15,55.89,56.56,55.94,54.08,2222942879.19
000002.SZ,2021-11-15,172.02,172.59,173.05,171.24,5366493921.08
600519.SH,2021-11-16,353.87,355.29,355.95,349.41,3739238242.74
000858.SZ,2021-11-16,25.46,25.47,26.1,25.29,691103861.72
300750.SZ,2021-11-16,45.95,46.04,46.49,45.34,1154261080.67
601318.SH,2021-11-16,19.27,19.35,19.34,18.96,333164162.65
000333.SZ,2021-11-16,21.51,21.51,21.56,21.22,389280700.2
600036.SH,2021-11-16,139.87,138.19,140.72,138.04,405439042.61
002415.SZ,2021-11-16,15.14,15.16,15.26,15.04,332212656.19
600276.SH,2021-11-16,31.93,31.95,32.65,31.89,1565303959.86
002594.SZ,2021-11-16,187.48,186.64,191.19,181.69,5841250274.6
601012.SH,2021-11-16,145.8,147.25,147.4,141.62,4635148258.25
600887.SH,2021-11-16,54.78,54.83,54.87,54.76,283810315.66
000002.SZ,2021-11-16,172.69,171.08,176.74,172.12,7124760718.73
600519.SH,2021-11-17,377.39,374.72,377.76,373.0,18443980279.33
000858.SZ,2021-11-17,24.86,24.88,25.22,24.7,751340432.98
300750.SZ,2021-11-17,45.4,45.48,45.8,45.29,1590571567.29
601318.SH,2021-11-17,19.16,19.05,19.46,18.77,538950708.0
000333.SZ,2021-11-17,20.44,20.55,20.7,20.1,856246965.23
600036.SH,2021-11-17,136.9,137.17,137.68,134.36,1044245030.16
002415.SZ,2021-11-17,14.61,14.51,14.92,14.44,38805553.04
600276.SH,2021-11-17,32.38,32.29,32.81,32.12,76550110.92
002594.SZ,2021-11-17,186.42,187.11,187.57,185.87,4457565498.27
601012.SH,2021-11-17,138.1,137.77,139.44,136.99,610222446.47
600887.SH,2021-11-17,55.91,55.7,56.73,55.49,2498763050.03
000002.SZ,2021-11-17,176.97,175.92,178.65,175.57,1692839101.04
600519.SH,2021-11-18,374.16,372.72,388.23,369.09,1606463899.9
000858.SZ,2021-11-18,25.46,25.62,25.68,24.87,402872499.76
300750.SZ,2021-11-18,46.09,46.7,46.45,45.77,1273837247.2
601318.SH,2021-11-18,18.73,18.96,18.78,18.68,509417208.01
000333.SZ,2021-11-18,20.6,20.58,20.73,20.47,813781582.59
600036.SH,2021-11-18,137.6,138.63,138.49,137.18,3088185250.04
002415.SZ,2021-11-18,14.31,14.23,14.39,14.18,698154290.74
600276.SH,2021-11-18,31.57,31.63,31.58,31.32,15499154.93
002594.SZ,2021-11-18,188.41,189.4,192.79,188.3,4890397181.09
601012.SH,2021-11-18,146.13,146.65,147.23,144.94,4837592175.96
600887.SH,2021-11-18,55.89,55.53,56.83,55.37,1996023335.33
000002.SZ,2021-11-18,177.99,179.08,178.26,177.59,69025867.83
600519.SH,2021-11-19,364.49,364.73,368.52,358.27,16930707716.29
000858.SZ,2021-11-19,25.31,25.06,25.6,25.17,53174546.3
300750.SZ,2021-11-19,45.88,45.74,45.88,45.48,724479677.33
601318.SH,2021-11-19,18.56,18.58,18.6,18.18,884015149.21
000333.SZ,2021-11-19,20.27,20.3,20.61,19.77,493119299.29
600036.SH,2021-11-19,137.51,138.94,141.41,136.76,5328888820.3
002415.SZ,2021-11-19,14.12,14.15,14.13,13.96,398839890.68
600276.SH,2021-11-19,32.56,32.86,33.22,32.44,1617144765.11
002594.SZ,2021-11-19,198.16,197.37,198.81,193.97,4634862272.13
601012.SH,2021-11-19,143.42,143.42,146.1,141.49,2849665233.26
600887.SH,2021-11-19,55.41,55.69,56.06,54.5,1819707973.94
000002.SZ,2021-11-19,180.01,178.45,184.21,177.0,3644761229.22
600519.SH,2021-11-22,369.98,364.69,372.74,366.28,1292807423.16
000858.SZ,2021-11-22,24.84,25.0,25.64,24.42,482359217.03
300750.SZ,2021-11-22,45.24,45.63,45.34,44.17,1142823535.5
601318.SH,2021-11-22,18.84,18.73,18.93,18.79,854650538.22
000333.SZ,2021-11-22,19.45,19.42,19.46,19.42,168738878.46
600036.SH,2021-11-22,145.19,144.76,146.19,143.32,3662919825.55
002415.SZ,2021-11-22,14.23,14.32,14.27,14.02,96682405.89
600276.SH,2021-11-22,32.33,32.41,32.49,32.17,989284089.9
002594.SZ,2021-11-22,197.52,198.22,206.67,195.58,426690871.15
601012.SH,2021-11-22,139.65,139.82,140.98,139.09,3907603375.65
600887.SH,2021-11-22,57.93,58.3,57.96,56.87,753025602.5
000002.SZ,2021-11-22,179.72,178.21,186.33,175.43,4959166696.55
600519.SH,2021-11-23,366.14,369.4,368.95,355.1,9792753150.89
000858.SZ,2021-11-23,25.94,25.85,26.08,25.56,1032813753.67
300750.SZ,2021-11-23,46.43,45.93,46.81,45.34,318592781.15
601318.SH,2021-11-23,18.76,18.8,18.88,18.71,67641020.76
000333.SZ,2021-11-23,19.67,19.82,19.68,19.4,715719372.63
600036.SH,2021-11-23,144.06,144.41,144.62,142.24,4614746283.88
002415.SZ,2021-11-23,14.11,14.17,14.27,14.05,18514184.99
600276.SH,2021-11-23,32.17,32.07,32.79,32.17,1354693980.61
002594.SZ,2021-11-23,199.09,199.38,202.62,195.3,3342253500.21
601012.SH,2021-11-23,143.54,143.05,144.95,142.78,780137207.84
600887.SH,2021-11-23,60.83,60.28,61.74,59.77,878205458.19
000002.SZ,2021-11-23,170.05,169.89,171.87,168.64,8117859030.3
600519.SH,2021-11-24,387.58,382.85,388.78,380.89,8540948621.29
000858.SZ,2021-11-24,26.62,26.73,26.69,26.3,224584846.65
300750.SZ,2021-11-24,46.48,46.91,46.72,46.14,323586683.37
601318.SH,2021-11-24,18.57,18.49,18.95,18.52,896500560.61
000333.SZ,2021-11-24,18.76,18.76,18.95,18.17,150786734.92
600036.SH,2021-11-24,148.43,149.73,149.04,144.44,2620915545.68
002415.SZ,2021-11-24,13.73,13.78,13.91,13.68,212985473.52
600276.SH,2021-11-24,32.71,32.73,33.79,32.62,853461712.88
002594.SZ,2021-11-24,197.12,196.9,200.04,193.12,3285909922.11
601012.SH,2021-11-24,137.78,137.07,139.78,137.11,2668866003.6
600887.SH,2021-11-24,61.49,61.81,62.35,60.14,2591376362.72
000002.SZ,2021-11-24,172.2,172.31,172.94,171.09,7776174751.63
600519.SH,2021-11-25,378.71,377.88,382.83,378.11,8010954820.28
000858.SZ,2021-11-25,27.2,27.38,27.74,27.04,779891720.98
300750.SZ,2021-11-25,48.6,48.85,48.87,47.83,1149876498.47
601318.SH,2021-11-25,18.81,18.92,18.85,18.51,23907262.41
000333.SZ,2021-11-25,18.97,18.91,19.43,18.7,416879957.03
600036.SH,2021-11-25,145.78,146.32,147.2,145.05,2976405522.69
002415.SZ,2021-11-25,13.38,13.33,13.41,13.37,136781713.13
600276.SH,2021-11-25,32.4,32.48,33.18,32.21,851501654.54
002594.SZ,2021-11-25,197.56,198.16,199.69,195.28,4958675755.29
601012.SH,2021-11-25,137.88,137.39,140.23,136.62,6161057459.83
600887.SH,2021-11-25,61.22,61.33,61.25,60.65,826900668.36
000002.SZ,2021-11-25,183.01,183.69,186.32,181.83,2869032356.53
600519.SH,2021-11-26,384.31,379.93,385.08,381.33,11153751681.86
000858.SZ,2021-11-26,26.55,26.31,26.94,26.31,833246532.73
300750.SZ,2021-11-26,47.16,47.4,47.18,46.89,1939022064.21
601318.SH,2021-11-26,18.0,18.01,18.19,17.88,352399662.16
000333.SZ,2021-11-26,18.5,18.56,18.83,18.3,725040571.58
600036.SH,2021-11-26,147.96,148.21,151.96,146.18,61716362.09
002415.SZ,2021-11-26,13.29,13.23,13.41,13.11,580263403.35
600276.SH,2021-11-26,31.85,32.04,32.26,30.79,1490013139.06
002594.SZ,2021-11-26,200.57,200.57,201.58,196.98,2710002290.4
601012.SH,2021-11-26,139.85,139.98,142.32,138.05,6079464997.26
600887.SH,2021-11-26,61.82,61.73,63.64,61.5,2542588546.9
000002.SZ,2021-11-26,183.04,182.61,185.07,181.78,7520407046.92
600519.SH,2021-11-29,384.14,386.08,390.38,377.63,17154583475.18
000858.SZ,2021-11-29,25.69,25.64,25.97,25.03,74995464.11
300750.SZ,2021-11-29,45.01,45.03,45.45,43.39,843420719.49
601318.SH,2021-11-29,17.64,17.82,17.69,17.38,782427923.28
000333.SZ,2021-11-29,18.15,18.24,18.23,17.86,367711363.82
600036.SH,2021-11-29,145.01,144.22,148.65,142.62,5902792233.76
002415.SZ,2021-11-29,13.24,13.32,13.4,13.23,237557976.52
600276.SH,2021-11-29,31.49,31.71,31.95,31.34,279925829.37
002594.SZ,2021-11-29,194.13,197.2,195.37,192.25,3023488363.42
601012.SH,2021-11-29,139.56,139.26,141.15,138.74,4690019374.92
600887.SH,2021-11-29,62.37,62.0,64.14,61.41,195679844.61
000002.SZ,2021-11-29,180.88,179.1,181.64,179.28,4522864015.33
600519.SH,2021-11-30,392.2,388.39,392.9,375.06,330314265.12
000858.SZ,2021-11-30,25.91,26.11,26.51,25.87,1136535275.08
300750.SZ,2021-11-30,45.47,45.62,46.69,44.76,1640896382.05
601318.SH,2021-11-30,17.49,17.43,17.69,17.19,787409318.93
000333.SZ,2021-11-30,18.35,18.27,18.36,18.18,240156279.31
600036.SH,2021-11-30,147.55,147.36,149.4,146.69,2394073371.55
002415.SZ,2021-11-30,12.61,12.77,12.72,12.58,104863197.36
600276.SH,2021-11-30,32.35,32.04,32.46,31.48,162978406.87
002594.SZ,2021-11-30,191.75,192.43,192.81,190.99,2373871119.34
601012.SH,2021-11-30,141.9,143.44,143.01,141.66,6808436150.69
600887.SH,2021-11-30,58.8,58.57,58.99,58.35,674601318.77
000002.SZ,2021-11-30,179.01,178.43,179.31,177.54,6290564596.68
600519.SH,2021-12-01,375.74,374.57,380.89,364.36,9391395438.16
000858.SZ,2021-12-01,25.82,25.95,26.02,25.57,914034708.01
300750.SZ,2021-12-01,45.7,45.57,47.0,44.96,601648914.57
601318.SH,2021-12-01,17.68,17.69,17.85,17.48,243394300.05
000333.SZ,2021-12-01,18.36,18.33,18.47,18.06,469136962.66
600036.SH,2021-12-01,143.01,142.14,143.96,141.48,4031339188.62
002415.SZ,2021-12-01,13.02,13.09,13.04,12.79,49703448.9
600276.SH,2021-12-01,31.27,31.14,31.87,31.15,875552564.4
002594.SZ,2021-12-01,190.23,190.08,191.93,186.48,2369648998.7
601012.SH,2021-12-01,139.21,139.17,140.39,138.1,855179426.32
600887.SH,2021-12-01,57.95,57.64,57.96,55.74,1364330599.15
000002.SZ,2021-12-01,172.82,172.74,173.87,166.12,7490859672.62
600519.SH,2021-12-02,386.13,387.12,392.43,381.35,7046785361.13
000858.SZ,2021-12-02,26.32,26.37,26.79,26.12,477561338.32
300750.SZ,2021-12-02,45.8,45.97,46.49,45.77,2262726377.01
601318.SH,2021-12-02,17.62,17.69,17.81,17.47,104616618.63
000333.SZ,2021-12-02,17.93,18.03,18.3,17.79,248087837.89
600036.SH,2021-12-02,142.69,144.24,143.18,140.34,205272070.33
002415.SZ,2021-12-02,12.73,12.74,12.93,12.69,467536527.84
600276.SH,2021-12-02,31.36,31.31,31.9,31.01,460758562.77
002594.SZ,2021-12-02,192.2,191.73,195.03,192.18,2603731684.26
601012.SH,2021-12-02,138.42,137.41,138.62,138.05,3278099400.21
600887.SH,2021-12-02,58.55,59.03,58.58,57.79,220095121.94
000002.SZ,2021-12-02,175.43,176.18,176.24,174.83,3461739014.92
600519.SH,2021-12-03,394.09,393.51,396.09,392.8,5074159396.55
000858.SZ,2021-12-03,27.63,27.58,27.76,26.51,699299247.42
300750.SZ,2021-12-03,44.19,44.24,44.92,43.98,132849897.18
601318.SH,2021-12-03,17.09,17.08,17.26,16.87,531779744.75
000333.SZ,2021-12-03,17.4,17.53,17.53,17.01,335807206.89
600036.SH,2021-12-03,142.05,140.79,142.52,139.79,1285184481.67
002415.SZ,2021-12-03,12.23,12.23,12.5,12.19,80581839.4
600276.SH,2021-12-03,30.96,30.5,31.09,30.73,1482650068.86
002594.SZ,2021-12-03,196.32,195.12,196.41,196.21,4734279787.04
601012.SH,2021-12-03,141.01,141.83,143.72,138.43,5979149726.24
600887.SH,2021-12-03,60.98,61.0,62.23,59.92,1006683560.37
000002.SZ,2021-12-03,179.26,179.15,180.46,175.54,5566678126.54
600519.SH,2021-12-06,404.26,401.49,412.24,401.62,2235955750.46
000858.SZ,2021-12-06,27.28,27.44,27.66,27.23,367112010.09
300750.SZ,2021-12-06,43.82,44.08,44.71,43.37,1112847073.02
601318.SH,2021-12-06,17.47,17.45,17.93,16.93,777864434.76
000333.SZ,2021-12-06,17.78,17.81,17.91,17.62,17617882.05
600036.SH,2021-12-06,135.32,134.28,139.29,133.12,720226359.88
002415.SZ,2021-12-06,11.81,11.75,11.96,11.61,264319459.96
600276.SH,2021-12-06,30.22,30.52,30.49,29.4,1501602317.9
002594.SZ,2021-12-06,192.2,193.08,192.91,191.19,9237634423.71
601012.SH,2021-12-06,145.73,146.18,148.58,144.37,4189603471.62
600887.SH,2021-12-06,63.77,63.78,64.13,63.07,2606923237.24
000002.SZ,2021-12-06,180.83,179.71,182.1,178.49,591715806.79
600519.SH,2021-12-07,407.91,409.58,416.77,404.12,12873331634.31
000858.SZ,2021-12-07,28.62,28.51,29.1,28.01,1147708988.2
300750.SZ,2021-12-07,44.33,44.36,44.73,43.77,1355654252.95
601318.SH,2021-12-07,17.72,17.71,18.24,17.51,728447600.03
000333.SZ,2021-12-07,17.95,17.88,18.35,17.89,6273459.47
600036.SH,2021-12-07,136.65,136.49,137.42,135.92,2233800649.57
002415.SZ,2021-12-07,12.22,12.13,12.24,11.99,119071958.42
600276.SH,2021-12-07,30.78,30.59,30.81,30.76,1385921159.01
002594.SZ,2021-12-07,192.7,194.09,196.28,189.81,1659794033.08
601012.SH,2021-12-07,144.37,145.02,147.25,143.31,6547540478.83
600887.SH,2021-12-07,64.21,64.01,65.6,63.2,2170946588.81
000002.SZ,2021-12-07,173.4,172.94,174.61,169.08,1566056559.7
600519.SH,2021-12-08,412.81,415.44,417.75,408.79,1621470366.54
000858.SZ,2021-12-08,28.72,28.73,28.91,28.55,375692661.06
300750.SZ,2021-12-08,44.71,44.78,45.51,44.06,996108410.2
601318.SH,2021-12-08,17.22,17.31,17.38,17.16,85090314.04
000333.SZ,2021-12-08,18.17,18.22,18.35,18.05,711851510.14
600036.SH,2021-12-08,137.34,136.9,139.76,135.21,2587960155.3
002415.SZ,2021-12-08,12.22,12.2,12.7,11.79,466519451.04
600276.SH,2021-12-08,31.08,30.89,31.57,30.64,1040861720.25
002594.SZ,2021-12-08,188.8,188.7,188.91,182.94,7826113734.1
601012.SH,2021-12-08,139.19,138.46,139.43,136.93,4631433216.15
600887.SH,2021-12-08,64.97,65.17,65.86,63.69,1348861157.39
000002.SZ,2021-12-08,163.94,163.38,165.68,160.85,497359173.09
600519.SH,2021-12-09,419.16,417.11,431.03,417.65,19031160842.38
000858.SZ,2021-12-09,30.22,30.27,30.49,29.18,138201161.23
300750.SZ,2021-12-09,45.15,44.9,45.29,44.38,1309025760.69
601318.SH,2021-12-09,17.6,17.59,17.67,17.11,329506770.88
000333.SZ,2021-12-09,18.92,18.73,19.19,18.54,689433783.4
600036.SH,2021-12-09,141.0,140.13,142.47,137.52,6829204666.66
002415.SZ,2021-12-09,12.93,12.92,12.99,12.91,2240587.09
600276.SH,2021-12-09,30.42,30.54,31.59,29.76,598377609.6
002594.SZ,2021-12-09,187.29,186.57,189.51,186.22,3936920963.81
601012.SH,2021-12-09,140.94,140.2,143.2,138.11,6541334722.54
600887.SH,2021-12-09,62.38,62.16,63.17,62.2,2007487157.15
000002.SZ,2021-12-09,164.0,164.42,166.06,163.73,6272838669.49
600519.SH,2021-12-10,420.07,418.9,425.79,419.48,15811520908.36
000858.SZ,2021-12-10,31.21,31.24,31.27,30.87,88033947.45
300750.SZ,2021-12-10,46.37,46.48,47.81,45.41,276029750.7
601318.SH,2021-12-10,17.94,18.0,18.05,17.57,775138066.96
000333.SZ,2021-12-10,19.26,19.36,19.73,19.01,818623482.54
600036.SH,2021-12-10,141.29,141.09,142.48,140.39,5903392030.82
002415.SZ,2021-12-10,13.03,13.07,13.04,12.91,354359963.2
600276.SH,2021-12-10,31.01,30.92,31.55,31.01,820454129.43
002594.SZ,2021-12-10,192.12,190.92,196.2,190.97,8978494800.44
601012.SH,2021-12-10,138.47,138.85,139.14,136.56,2443471032.32
600887.SH,2021-12-10,63.12,63.26,63.27,62.56,389782486.08
000002.SZ,2021-12-10,163.77,163.04,165.15,162.72,6941231903.25
600519.SH,2021-12-13,423.07,421.23,424.5,420.09,9755922888.74
000858.SZ,2021-12-13,32.13,32.16,32.5,31.55,1095154400.8
300750.SZ,2021-12-13,46.11,45.88,46.36,45.83,2256459851.53
601318.SH,2021-12-13,17.54,17.65,17.59,17.5,815651812.99
000333.SZ,2021-12-13,18.83,18.81,18.89,18.45,779370869.73
600036.SH,2021-12-13,139.33,139.56,140.11,138.43,6012805942.08
002415.SZ,2021-12-13,13.23,13.22,13.23,13.12,342707643.78
600276.SH,2021-12-13,30.9,30.74,31.02,30.4,871429367.22
002594.SZ,2021-12-13,189.34,188.22,189.52,189.27,3308930627.05
601012.SH,2021-12-13,141.22,141.71,143.36,139.73,2774417101.86
600887.SH,2021-12-13,63.4,62.99,66.33,62.71,1595186156.07
000002.SZ,2021-12-13,166.72,166.93,168.42,166.04,7277126082.26
600519.SH,2021-12-14,446.47,449.2,449.42,433.12,5777994529.12
000858.SZ,2021-12-14,33.66,33.79,33.92,33.04,599484709.22
300750.SZ,2021-12-14,46.53,47.09,48.02,45.78,506331061.31
601318.SH,2021-12-14,17.69,17.57,17.84,17.65,582620612.91
000333.SZ,2021-12-14,19.36,19.44,19.47,18.92,936419287.6
600036.SH,2021-12-14,143.85,144.24,144.3,141.22,6519973295.3
002415.SZ,2021-12-14,13.12,13.14,13.27,13.04,400069969.29
600276.SH,2021-12-14,29.97,29.86,30.35,29.27,1218893277.56
002594.SZ,2021-12-14,193.52,192.85,195.97,191.26,5503388516.35
601012.SH,2021-12-14,142.08,142.39,142.71,140.95,5758809593.33
600887.SH,2021-12-14,64.4,64.43,64.85,63.58,764209753.4
000002.SZ,2021-12-14,169.07,168.59,170.14,168.96,1895817325.63
600519.SH,2021-12-15,438.9,441.94,447.27,436.02,15968745140.6
000858.SZ,2021-12-15,33.25,33.28,33.37,32.77,965871746.55
300750.SZ,2021-12-15,47.8,47.99,47.88,47.59,1035623280.02
601318.SH,2021-12-15,17.63,17.64,17.75,17.3,54536706.18
000333.SZ,2021-12-15,19.0,18.9,19.42,18.88,722868487.77
600036.SH,2021-12-15,142.93,143.06,146.42,139.81,3541365309.94
002415.SZ,2021-12-15,13.26,13.23,13.29,13.07,49378143.7
600276.SH,2021-12-15,29.6,29.45,29.86,29.56,1169256849.0
002594.SZ,2021-12-15,202.02,201.69,202.24,197.86,4314216378.42
601012.SH,2021-12-15,145.04,144.06,146.4,142.24,5998956386.26
600887.SH,2021-12-15,62.03,61.38,62.31,61.64,256061838.16
000002.SZ,2021-12-15,170.12,169.49,172.27,168.49,6150548783.16
600519.SH,2021-12-16,456.33,458.47,460.76,452.49,13920541606.24
000858.SZ,2021-12-16,36.0,36.02,36.02,35.97,1599916853.92
300750.SZ,2021-12-16,47.26,46.96,47.43,46.11,1759299909.87
601318.SH,2021-12-16,17.65,17.68,17.74,17.52,881611403.44
000333.SZ,2021-12-16,18.36,18.49,18.39,17.93,541878973.41
600036.SH,2021-12-16,144.99,145.14,145.99,141.76,1292513506.65
002415.SZ,2021-12-16,13.42,13.44,13.42,13.34,44539376.12
600276.SH,2021-12-16,29.82,29.85,30.03,28.95,140443871.62
002594.SZ,2021-12-16,196.65,195.93,199.73,191.98,6753771059.76
601012.SH,2021-12-16,147.95,148.45,150.36,145.93,3471621646.52
600887.SH,2021-12-16,64.9,64.83,67.36,63.9,2735826903.63
000002.SZ,2021-12-16,175.99,175.24,180.0,171.36,1608410617.16
600519.SH,2021-12-17,460.7,458.67,467.78,459.74,19836552720.17
000858.SZ,2021-12-17,35.97,35.98,36.12,35.61,474557422.65
300750.SZ,2021-12-17,48.34,48.25,48.61,47.35,1178010473.24
601318.SH,2021-12-17,17.6,17.75,17.6,17.51,289234316.09
000333.SZ,2021-12-17,17.21,17.17,17.58,17.07,531584521.19
600036.SH,2021-12-17,138.84,139.04,138.98,135.42,1842330364.05
002415.SZ,2021-12-17,13.89,13.87,14.04,13.87,363524730.15
600276.SH,2021-12-17,30.83,30.77,31.07,30.83,999957730.69
002594.SZ,2021-12-17,196.13,195.6,198.67,195.91,9470052061.34
601012.SH,2021-12-17,145.07,145.4,145.76,144.33,4521166306.5
600887.SH,2021-12-17,64.44,64.47,65.36,62.65,511610929.05
000002.SZ,2021-12-17,170.42,172.13,173.06,169.27,135454496.19
600519.SH,2021-12-20,458.0,458.16,467.41,457.63,20551273012.46
000858.SZ,2021-12-20,37.56,37.77,37.69,37.27,1841888987.8
300750.SZ,2021-12-20,47.61,47.65,48.18,47.61,1759911638.7
601318.SH,2021-12-20,17.26,17.31,17.68,17.06,417263362.81
000333.SZ,2021-12-20,16.64,16.56,16.76,16.5,7050982.05
600036.SH,2021-12-20,139.62,139.48,140.11,138.22,146373043.02
002415.SZ,2021-12-20,13.56,13.52,13.64,13.44,488985654.25
600276.SH,2021-12-20,31.35,31.1,32.3,31.08,1226287225.34
002594.SZ,2021-12-20,194.72,195.7,200.13,189.14,5276514080.33
601012.SH,2021-12-20,151.24,151.62,152.69,151.06,5559506056.83
600887.SH,2021-12-20,65.43,64.89,65.65,63.68,2452410554.86
000002.SZ,2021-12-20,172.53,171.73,175.24,172.14,6497390292.12
600519.SH,2021-12-21,442.12,440.69,446.7,434.73,4844562122.16
000858.SZ,2021-12-21,37.6,37.6,37.8,37.58,664392016.0
300750.SZ,2021-12-21,48.0,48.24,48.8,46.94,2249132929.34
601318.SH,2021-12-21,17.41,17.49,17.77,16.81,865129440.54
000333.SZ,2021-12-21,16.8,16.78,16.83,16.65,115397660.68
600036.SH,2021-12-21,140.12,140.36,143.37,138.86,6923517909.8
002415.SZ,2021-12-21,13.18,13.19,13.34,12.82,189079868.82
600276.SH,2021-12-21,29.48,29.66,29.95,29.3,499343314.44
002594.SZ,2021-12-21,189.38,188.31,192.39,185.12,2018035474.32
601012.SH,2021-12-21,155.15,155.08,156.85,155.01,3418672601.17
600887.SH,2021-12-21,66.77,66.42,67.44,66.52,2701396179.78
000002.SZ,2021-12-21,177.55,177.56,179.9,177.12,4499647682.26
600519.SH,2021-12-22,445.97,443.11,448.15,445.78,3957642563.5
000858.SZ,2021-12-22,37.84,37.76,38.42,37.03,424828865.16
300750.SZ,2021-12-22,48.04,47.86,48.87,47.84,1653958095.86
601318.SH,2021-12-22,16.68,16.61,16.79,16.55,538607524.35
000333.SZ,2021-12-22,16.88,16.9,17.12,16.8,135218774.7
600036.SH,2021-12-22,137.92,137.34,138.88,136.12,6478521941.28
002415.SZ,2021-12-22,12.98,13.03,13.18,12.89,183075743.36
600276.SH,2021-12-22,28.76,28.7,29.04,28.58,388733920.79
002594.SZ,2021-12-22,189.16,190.41,189.57,188.08,1998240652.22
601012.SH,2021-12-22,158.77,158.05,159.66,158.44,5385778961.54
600887.SH,2021-12-22,68.14,68.23,68.25,67.96,2718190638.2
000002.SZ,2021-12-22,173.33,172.21,174.36,169.97,2956877765.31
600519.SH,2021-12-23,448.89,451.04,450.42,446.28,16182628646.21
000858.SZ,2021-12-23,37.79,37.68,37.95,37.64,278501005.33
300750.SZ,2021-12-23,45.65,44.78,47.13,45.23,427213689.13
601318.SH,2021-12-23,17.08,17.13,17.48,17.06,679230374.09
000333.SZ,2021-12-23,16.62,16.64,16.67,16.47,11997667.59
600036.SH,2021-12-23,139.99,140.21,141.34,138.67,6674489024.72
002415.SZ,2021-12-23,12.73,12.74,13.15,12.71,370534755.13
600276.SH,2021-12-23,29.34,29.37,29.47,29.23,316599718.67
002594.SZ,2021-12-23,195.15,195.74,198.28,191.85,8033503176.44
601012.SH,2021-12-23,159.89,159.1,162.42,154.73,7113593793.37
600887.SH,2021-12-23,69.1,69.12,70.35,68.9,243403207.62
000002.SZ,2021-12-23,170.58,170.73,170.75,170.44,863687403.35
600519.SH,2021-12-24,445.56,444.42,447.9,435.48,615224511.52
000858.SZ,2021-12-24,36.75,36.67,36.85,36.19,57485301.27
300750.SZ,2021-12-24,46.87,46.49,48.48,46.57,1833919497.57
601318.SH,2021-12-24,17.59,17.53,17.66,17.12,430171426.1
000333.SZ,2021-12-24,16.42,16.45,16.89,16.2,586772989.03
600036.SH,2021-12-24,140.19,141.43,142.65,140.11,2928964401.69
002415.SZ,2021-12-24,12.52,12.6,12.77,12.45,448188730.38
600276.SH,2021-12-24,28.39,28.73,29.25,27.95,80510047.82
002594.SZ,2021-12-24,192.74,192.35,196.01,192.12,7435890901.44
601012.SH,2021-12-24,155.19,155.74,158.19,154.87,3796116734.54
600887.SH,2021-12-24,65.78,66.09,66.03,65.62,391422472.97
000002.SZ,2021-12-24,171.93,171.28,175.07,168.92,299856668.51
600519.SH,2021-12-27,434.69,436.26,446.44,427.53,13023149706.51
000858.SZ,2021-12-27,36.73,36.76,36.92,35.9,422255612.11
300750.SZ,2021-12-27,43.78,44.19,44.97,43.16,679840689.97
601318.SH,2021-12-27,17.64,17.75,17.73,17.64,605701318.24
000333.SZ,2021-12-27,16.15,16.17,16.21,15.89,606920040.56
600036.SH,2021-12-27,138.07,137.94,139.23,135.06,5998728573.83
002415.SZ,2021-12-27,12.8,12.75,12.81,12.72,51981171.4
600276.SH,2021-12-27,28.32,28.3,28.64,27.61,36996598.93
002594.SZ,2021-12-27,194.28,194.65,199.91,192.29,8409924505.76
601012.SH,2021-12-27,155.47,155.95,156.63,153.44,4307533048.68
600887.SH,2021-12-27,66.6,66.56,66.66,66.35,147984123.71
000002.SZ,2021-12-27,168.61,168.93,173.28,167.83,3884556878.84
600519.SH,2021-12-28,434.78,434.04,438.24,432.7,18863187895.53
000858.SZ,2021-12-28,36.53,36.65,36.71,36.22,1192823532.02
300750.SZ,2021-12-28,44.58,44.87,45.03,44.18,1896619802.9
601318.SH,2021-12-28,17.4,17.38,17.59,17.12,737223531.62
000333.SZ,2021-12-28,16.46,16.5,16.65,15.97,229369028.99
600036.SH,2021-12-28,139.97,140.67,140.61,139.38,4934530456.93
002415.SZ,2021-12-28,12.62,12.63,12.67,12.52,310521082.33
600276.SH,2021-12-28,28.85,28.87,29.54,28.69,527541942.78
002594.SZ,2021-12-28,192.44,192.02,195.98,189.52,8109277855.26
601012.SH,2021-12-28,153.06,152.8,154.04,149.71,6774799561.63
600887.SH,2021-12-28,65.3,65.41,67.77,64.99,1317328970.0
000002.SZ,2021-12-28,164.17,164.47,164.67,162.96,7996529070.6
600519.SH,2021-12-29,438.38,442.5,441.2,432.7,2658315960.74
000858.SZ,2021-12-29,36.37,36.29,36.41,35.25,662776272.98
300750.SZ,2021-12-29,44.26,44.58,44.75,44.02,1456649983.57
601318.SH,2021-12-29,17.78,17.83,18.04,17.73,181861480.83
000333.SZ,2021-12-29,16.83,16.96,17.27,16.59,127522448.31
600036.SH,2021-12-29,140.42,139.29,142.79,140.05,668232261.74
002415.SZ,2021-12-29,12.02,12.05,12.16,11.89,203589331.38
600276.SH,2021-12-29,29.21,29.1,29.22,29.07,1162329203.49
002594.SZ,2021-12-29,183.11,183.51,190.71,180.6,2557980734.34
601012.SH,2021-12-29,149.72,149.53,149.91,148.7,2406360958.92
600887.SH,2021-12-29,65.07,64.57,65.12,63.85,337629168.0
000002.SZ,2021-12-29,170.55,170.74,172.12,168.62,3085737247.82
600519.SH,2021-12-30,411.4,412.88,414.32,402.55,5542719515.44
000858.SZ,2021-12-30,35.0,34.97,35.88,33.96,1368369975.69
300750.SZ,2021-12-30,43.49,43.52,43.99,42.22,1886466612.06
601318.SH,2021-12-30,18.09,17.9,18.37,17.76,657527547.52
000333.SZ,2021-12-30,16.15,16.23,16.23,16.14,48892610.99
600036.SH,2021-12-30,137.68,136.69,141.18,137.64,6299091978.17
002415.SZ,2021-12-30,12.39,12.43,12.41,12.21,216432012.97
600276.SH,2021-12-30,29.87,29.87,30.33,29.54,903299305.2
002594.SZ,2021-12-30,180.42,180.28,180.69,176.02,6910945556.26
601012.SH,2021-12-30,153.59,152.76,159.54,152.37,934944203.76
600887.SH,2021-12-30,65.25,65.67,65.38,64.3,1508969202.39
000002.SZ,2021-12-30,166.77,168.07,169.77,163.41,2351450845.19
600519.SH,2021-12-31,404.27,405.94,407.64,402.44,12898241212.29
000858.SZ,2021-12-31,34.46,34.55,35.71,34.35,1708786424.67
300750.SZ,2021-12-31,42.34,42.31,43.29,41.89,1575026906.15
601318.SH,2021-12-31,18.31,18.4,18.65,17.92,585625556.25
000333.SZ,2021-12-31,16.57,16.58,16.71,16.56,700553846.28
600036.SH,2021-12-31,132.79,132.84,138.01,130.94,545591642.36
002415.SZ,2021-12-31,12.6,12.65,12.63,12.57,180053709.16
600276.SH,2021-12-31,29.11,28.98,29.37,28.85,369674658.7
002594.SZ,2021-12-31,180.18,180.5,184.4,179.09,1051961759.98
601012.SH,2021-12-31,154.83,153.59,159.37,151.83,7260048045.55
600887.SH,2021-12-31,66.93,66.87,67.24,66.55,1192785202.17
000002.SZ,2021-12-31,166.75,167.8,172.89,165.06,430560194.77
600519.SH,2022-01-03,406.99,403.98,416.39,397.34,7150601687.61
000858.SZ,2022-01-03,35.89,35.85,37.31,35.62,764139832.39
300750.SZ,2022-01-03,44.07,44.17,44.25,43.73,563445284.05
601318.SH,2022-01-03,18.8,18.82,18.91,18.74,896805200.23
000333.SZ,2022-01-03,16.89,16.8,17.1,16.7,49459259.53
600036.SH,2022-01-03,134.55,134.35,136.11,134.33,2904476438.57
002415.SZ,2022-01-03,13.13,13.12,13.18,13.02,289294265.61
600276.SH,2022-01-03,29.66,29.53,29.78,29.56,636205407.18
002594.SZ,2022-01-03,177.22,177.63,179.41,174.24,1805394154.91
601012.SH,2022-01-03,155.32,156.78,156.14,154.06,5774230060.46
600887.SH,2022-01-03,67.65,67.45,67.85,67.56,1951246740.48
000002.SZ,2022-01-03,161.03,161.21,161.31,160.16,2988983840.41
600519.SH,2022-01-04,401.31,400.92,403.75,401.03,12336929598.95
000858.SZ,2022-01-04,37.44,37.95,37.86,36.87,1039583338.87
300750.SZ,2022-01-04,42.84,42.62,43.07,42.51,1816709804.89
601318.SH,2022-01-04,19.05,19.01,19.07,18.65,861033279.76
000333.SZ,2022-01-04,17.03,17.22,17.12,16.98,140747814.76
600036.SH,2022-01-04,137.86,136.17,140.44,136.33,6725118938.25
002415.SZ,2022-01-04,12.88,12.85,12.91,12.75,606931787.02
600276.SH,2022-01-04,29.1,28.86,29.17,28.75,596438447.46
002594.SZ,2022-01-04,177.54,178.49,178.62,177.33,3168152255.17
601012.SH,2022-01-04,152.96,153.93,155.34,148.66,4251997589.6
600887.SH,2022-01-04,70.3,70.41,70.48,69.66,3510807437.5
000002.SZ,2022-01-04,161.84,160.78,163.56,161.19,7964452055.7
600519.SH,2022-01-05,410.07,412.71,411.84,406.19,360501897.95
000858.SZ,2022-01-05,36.52,36.69,37.52,35.98,941627645.6
300750.SZ,2022-01-05,43.49,43.58,43.74,43.16,1811565382.36
601318.SH,2022-01-05,20.24,20.32,20.25,19.87,869106951.78
000333.SZ,2022-01-05,17.01,16.98,17.22,16.85,787438712.59
600036.SH,2022-01-05,134.06,134.1,135.77,132.22,2752264407.82
002415.SZ,2022-01-05,13.25,13.27,13.34,13.24,556195981.3
600276.SH,2022-01-05,28.77,28.69,28.9,28.25,1120991256.68
002594.SZ,2022-01-05,171.91,172.58,176.58,170.3,7581310919.83
601012.SH,2022-01-05,148.72,147.53,149.92,147.08,127028514.73
600887.SH,2022-01-05,68.26,68.04,68.56,66.74,773178520.26
000002.SZ,2022-01-05,164.04,164.15,167.02,163.0,4332537856.63
600519.SH,2022-01-06,401.56,404.82,402.71,397.19,8092365443.74
000858.SZ,2022-01-06,35.75,35.6,36.26,35.11,119826374.12
300750.SZ,2022-01-06,43.11,43.18,43.36,43.01,1057579184.75
601318.SH,2022-01-06,20.47,20.47,20.74,20.27,616844236.09
000333.SZ,2022-01-06,17.4,17.47,17.43,17.21,814653218.97
600036.SH,2022-01-06,138.26,137.95,138.95,134.29,4092029111.56
002415.SZ,2022-01-06,13.15,13.18,13.15,13.06,525134198.46
600276.SH,2022-01-06,29.51,29.68,30.06,29.41,452370869.54
002594.SZ,2022-01-06,168.61,169.58,171.21,165.82,3152338038.27
601012.SH,2022-01-06,155.16,154.2,158.34,155.06,4656762405.18
600887.SH,2022-01-06,69.36,69.15,69.5,68.14,791091164.39
000002.SZ,2022-01-06,165.21,166.15,165.58,163.51,7957793629.34
600519.SH,2022-01-07,385.82,387.94,387.98,377.44,12258060872.59
000858.SZ,2022-01-07,36.64,36.71,37.35,36.25,77323464.64
300750.SZ,2022-01-07,42.63,42.32,43.22,41.92,1969594684.0
601318.SH,2022-01-07,20.17,19.92,20.21,19.71,312169731.1
000333.SZ,2022-01-07,17.05,17.14,17.09,16.55,129609663.31
600036.SH,2022-01-07,136.24,136.08,138.39,135.1,2628578605.44
002415.SZ,2022-01-07,13.32,13.31,13.4,13.17,620995637.77
600276.SH,2022-01-07,29.84,29.72,30.07,29.26,871127419.93
002594.SZ,2022-01-07,168.92,168.82,168.97,168.23,2020817142.43
601012.SH,2022-01-07,162.5,162.03,162.51,159.87,5926625239.2
600887.SH,2022-01-07,67.22,67.28,67.97,66.55,259133525.54
000002.SZ,2022-01-07,166.47,166.64,168.11,166.42,640260080.45
600519.SH,2022-01-10,373.2,371.64,380.15,371.04,13997073283.35
000858.SZ,2022-01-10,37.17,36.84,37.35,36.95,205258483.04
300750.SZ,2022-01-10,43.26,43.5,43.27,42.91,965462449.21
601318.SH,2022-01-10,20.25,20.22,20.26,19.87,896960896.68
000333.SZ,2022-01-10,17.28,17.28,17.7,17.2,832950806.83
600036.SH,2022-01-10,138.3,138.82,141.65,136.76,2895412796.26
002415.SZ,2022-01-10,13.48,13.43,13.89,13.41,67090982.58
600276.SH,2022-01-10,28.82,28.82,29.25,28.5,854998838.77
002594.SZ,2022-01-10,172.71,172.19,173.77,172.38,4717882240.86
601012.SH,2022-01-10,169.69,169.56,172.89,165.43,2290740717.34
600887.SH,2022-01-10,69.15,69.05,69.24,68.69,1642150378.5
000002.SZ,2022-01-10,165.47,166.65,165.94,160.28,3357379113.29
600519.SH,2022-01-11,391.73,391.95,392.2,389.93,13288794093.58
000858.SZ,2022-01-11,37.42,37.41,38.54,37.01,952807488.6
300750.SZ,2022-01-11,44.55,44.28,45.32,44.29,2111935020.55
601318.SH,2022-01-11,20.6,20.53,20.67,20.42,543688333.52
000333.SZ,2022-01-11,17.91,17.92,18.0,17.79,32160542.51
600036.SH,2022-01-11,132.86,133.84,135.18,131.93,1455461561.95
002415.SZ,2022-01-11,13.22,13.27,13.57,13.0,456296724.8
600276.SH,2022-01-11,29.22,29.3,29.5,29.19,1330879750.97
002594.SZ,2022-01-11,171.76,171.86,175.19,170.48,76432576.37
601012.SH,2022-01-11,168.23,169.55,170.18,165.13,44401178.75
600887.SH,2022-01-11,71.78,72.13,72.57,71.72,408150785.11
000002.SZ,2022-01-11,163.23,162.58,164.99,162.26,3375643486.75
600519.SH,2022-01-12,394.95,392.18,399.57,392.02,8063128607.15
000858.SZ,2022-01-12,37.79,38.07,37.93,37.44,444806291.22
300750.SZ,2022-01-12,44.32,44.28,45.27,44.02,1082328551.82
601318.SH,2022-01-12,19.42,19.38,19.55,19.07,542948957.0
000333.SZ,2022-01-12,17.08,16.96,17.5,17.0,588546861.86
600036.SH,2022-01-12,132.07,131.71,132.58,131.96,1165883789.07
002415.SZ,2022-01-12,13.96,13.98,14.19,13.7,171574941.54
600276.SH,2022-01-12,28.7,28.82,29.06,27.82,681168886.28
002594.SZ,2022-01-12,171.75,170.88,172.09,170.05,5140787849.98
601012.SH,2022-01-12,177.05,177.9,178.61,176.91,8087082451.21
600887.SH,2022-01-12,71.89,71.71,73.11,71.0,115813076.34
000002.SZ,2022-01-12,165.39,165.72,167.59,164.04,4448722138.06
600519.SH,2022-01-13,398.23,399.33,404.56,397.89,4439265834.2
000858.SZ,2022-01-13,37.02,37.27,37.32,36.62,1175240117.1
300750.SZ,2022-01-13,43.39,43.45,44.47,42.62,340525930.49
601318.SH,2022-01-13,19.19,19.23,19.36,19.14,430868930.38
000333.SZ,2022-01-13,17.09,17.13,17.12,16.88,507880315.72
600036.SH,2022-01-13,129.71,129.98,129.82,126.36,3832245514.2
002415.SZ,2022-01-13,13.79,13.78,13.94,13.67,303273494.58
600276.SH,2022-01-13,28.91,28.89,29.44,28.32,600496881.68
002594.SZ,2022-01-13,176.98,177.22,177.85,171.91,7360593210.49
601012.SH,2022-01-13,187.59,188.4,187.91,185.96,9317509629.08
600887.SH,2022-01-13,70.64,70.79,71.6,70.28,2037530168.14
000002.SZ,2022-01-13,166.65,166.55,167.17,166.2,720632141.31
600519.SH,2022-01-14,388.65,388.42,390.89,381.51,55841927.16
000858.SZ,2022-01-14,36.46,36.77,36.54,36.22,1795092819.0
300750.SZ,2022-01-14,41.55,41.59,41.68,40.58,269861966.63
601318.SH,2022-01-14,20.02,19.96,20.27,19.95,331465689.23
000333.SZ,2022-01-14,16.92,16.98,17.35,16.25,361052769.45
600036.SH,2022-01-14,132.89,132.39,137.01,130.94,5338053235.05
002415.SZ,2022-01-14,13.43,13.49,13.6,13.39,280240839.94
600276.SH,2022-01-14,27.23,27.22,27.25,26.66,885984585.77
002594.SZ,2022-01-14,184.63,184.46,185.52,184.41,7939876691.19
601012.SH,2022-01-14,180.1,181.25,182.53,179.33,4282568487.41
600887.SH,2022-01-14,68.85,69.17,69.33,67.44,3298481827.98
000002.SZ,2022-01-14,171.75,171.37,176.89,168.72,2105588119.47
600519.SH,2022-01-17,389.71,389.78,399.32,386.69,1704039166.37
000858.SZ,2022-01-17,36.31,36.15,36.59,35.98,404871000.92
300750.SZ,2022-01-17,42.96,42.71,43.04,42.17,1210763984.85
601318.SH,2022-01-17,19.89,19.9,19.98,19.67,338692945.08
000333.SZ,2022-01-17,17.26,17.27,17.36,16.68,443692589.27
600036.SH,2022-01-17,128.85,128.6,129.52,126.88,2019248249.92
002415.SZ,2022-01-17,13.92,14.03,14.24,13.81,688740995.79
600276.SH,2022-01-17,26.86,27.03,27.07,26.81,360521746.08
002594.SZ,2022-01-17,185.55,186.41,185.62,183.68,594802926.6
601012.SH,2022-01-17,176.96,176.11,179.16,174.87,4583243021.02
600887.SH,2022-01-17,67.49,67.05,68.69,66.4,247951009.74
000002.SZ,2022-01-17,170.63,170.07,171.61,169.9,45737863.04
600519.SH,2022-01-18,398.84,399.16,408.35,397.92,5846426564.15
000858.SZ,2022-01-18,36.11,36.21,36.27,35.16,1792568678.41
300750.SZ,2022-01-18,43.19,43.18,43.35,43.07,1351463384.37
601318.SH,2022-01-18,19.67,19.74,20.24,19.43,540698687.46
000333.SZ,2022-01-18,17.84,17.99,17.87,17.62,15299928.93
600036.SH,2022-01-18,124.19,125.31,127.31,122.3,3821989987.09
002415.SZ,2022-01-18,13.34,13.22,13.59,13.11,484356643.82
600276.SH,2022-01-18,27.82,27.83,28.41,27.81,289655197.48
002594.SZ,2022-01-18,175.61,176.02,176.28,175.08,4144522514.12
601012.SH,2022-01-18,184.66,185.19,186.2,182.96,3326173978.54
600887.SH,2022-01-18,67.5,68.18,68.06,66.59,1235695132.74
000002.SZ,2022-01-18,172.57,173.11,175.67,172.08,1844476572.71
600519.SH,2022-01-19,402.27,402.73,404.13,389.16,9984619268.39
000858.SZ,2022-01-19,35.53,35.56,35.53,35.49,607983700.26
300750.SZ,2022-01-19,43.77,44.19,44.27,43.02,1147386097.21
601318.SH,2022-01-19,20.68,20.67,21.23,20.13,294975439.01
000333.SZ,2022-01-19,18.4,18.49,18.48,18.31,853820520.19
600036.SH,2022-01-19,122.04,121.05,122.93,120.39,5942545266.94
002415.SZ,2022-01-19,13.76,13.75,13.83,13.44,303943780.78
600276.SH,2022-01-19,27.02,27.34,27.63,26.61,224543661.92
002594.SZ,2022-01-19,174.74,174.52,177.19,171.45,814473818.81
601012.SH,2022-01-19,185.43,184.57,187.08,184.45,7042741583.37
600887.SH,2022-01-19,69.63,70.14,70.8,67.73,1147059343.51
000002.SZ,2022-01-19,166.68,165.0,168.87,162.83,2202961372.27
600519.SH,2022-01-20,413.03,413.48,418.99,409.13,3764737493.63
000858.SZ,2022-01-20,35.19,35.47,35.53,35.14,1532908544.75
300750.SZ,2022-01-20,42.0,41.63,42.33,41.63,2000440076.23
601318.SH,2022-01-20,21.21,21.36,21.47,21.04,55218203.07
000333.SZ,2022-01-20,18.21,18.16,18.73,18.15,468888426.81
600036.SH,2022-01-20,115.99,115.12,116.1,113.89,221109769.3
002415.SZ,2022-01-20,14.05,14.12,14.23,13.84,658612135.97
600276.SH,2022-01-20,25.9,26.24,26.19,25.85,138656571.04
002594.SZ,2022-01-20,173.18,173.45,175.63,168.7,7505949547.36
601012.SH,2022-01-20,180.3,179.28,184.42,176.78,1441013633.76
600887.SH,2022-01-20,68.25,68.23,69.65,67.24,2349442754.71
000002.SZ,2022-01-20,171.3,170.5,173.0,165.38,616818408.04
600519.SH,2022-01-21,419.8,421.72,429.33,417.9,6819484274.59
000858.SZ,2022-01-21,33.88,34.2,34.22,33.27,1011848816.61
300750.SZ,2022-01-21,41.78,41.99,42.12,41.44,1780320562.61
601318.SH,2022-01-21,21.25,21.34,21.27,20.89,997440404.87
000333.SZ,2022-01-21,18.84,18.97,18.98,18.6,813725331.45
600036.SH,2022-01-21,117.39,117.19,119.27,117.09,443447084.12
002415.SZ,2022-01-21,13.63,13.61,13.72,13.59,161949016.59
600276.SH,2022-01-21,25.07,24.97,25.5,25.03,477499088.14
002594.SZ,2022-01-21,176.14,175.31,176.35,172.58,1790665423.27
601012.SH,2022-01-21,183.83,183.15,188.53,178.91,2507119059.3
600887.SH,2022-01-21,67.26,66.95,67.95,65.94,1589725853.55
000002.SZ,2022-01-21,168.71,168.93,170.02,166.26,8282178697.19
600519.SH,2022-01-24,425.35,425.55,426.82,420.8,14263749250.41
000858.SZ,2022-01-24,34.14,34.04,34.7,33.84,1067398729.66
300750.SZ,2022-01-24,39.05,38.89,40.22,38.67,1033484153.3
601318.SH,2022-01-24,21.12,21.35,21.42,20.82,427524926.21
000333.SZ,2022-01-24,19.24,19.23,19.38,19.11,260673142.35
600036.SH,2022-01-24,113.09,112.59,114.8,112.58,2867917617.87
002415.SZ,2022-01-24,13.93,14.0,13.94,13.76,334334977.99
600276.SH,2022-01-24,24.3,24.2,24.72,24.09,97897170.68
002594.SZ,2022-01-24,177.25,177.68,177.64,176.42,355337034.95
601012.SH,2022-01-24,180.03,179.29,180.63,176.31,5497162987.45
600887.SH,2022-01-24,64.58,64.36,66.16,64.53,1482470282.85
000002.SZ,2022-01-24,169.72,170.41,172.03,169.02,2326469760.46
600519.SH,2022-01-25,424.48,424.12,431.69,422.56,7118051141.55
000858.SZ,2022-01-25,35.45,35.49,36.2,35.26,975899975.91
300750.SZ,2022-01-25,39.89,39.87,40.08,39.78,1225299165.66
601318.SH,2022-01-25,20.29,20.33,20.83,19.84,388637185.82
000333.SZ,2022-01-25,19.41,19.51,19.42,19.22,856147263.96
600036.SH,2022-01-25,115.92,116.57,116.16,114.14,5504708027.94
002415.SZ,2022-01-25,14.23,14.21,14.3,14.01,460779176.09
600276.SH,2022-01-25,25.45,25.35,25.87,25.35,3083530.85
002594.SZ,2022-01-25,185.99,185.83,188.57,183.13,6258718531.83
601012.SH,2022-01-25,176.94,177.66,177.97,172.27,5561898574.01
600887.SH,2022-01-25,65.24,65.56,65.33,63.47,3035054688.15
000002.SZ,2022-01-25,180.0,179.45,183.08,179.99,6948093561.88
600519.SH,2022-01-26,438.26,438.84,450.11,437.12,21528398730.39
000858.SZ,2022-01-26,34.88,34.81,34.91,34.69,705317673.57
300750.SZ,2022-01-26,38.38,38.13,38.9,38.28,791374196.4
601318.SH,2022-01-26,19.51,19.32,19.69,19.39,222441380.37
000333.SZ,2022-01-26,19.73,19.67,19.81,19.52,926065474.5
600036.SH,2022-01-26,115.67,115.57,117.61,113.24,760887798.07
002415.SZ,2022-01-26,14.18,14.14,14.45,14.13,180287981.29
600276.SH,2022-01-26,25.09,25.1,25.64,24.68,349064767.1
002594.SZ,2022-01-26,182.09,181.86,182.14,181.04,2462592833.9
601012.SH,2022-01-26,179.76,180.59,181.72,179.2,2320629077.14
600887.SH,2022-01-26,65.22,64.95,65.57,64.85,1520219021.9
000002.SZ,2022-01-26,182.03,182.29,184.87,176.83,5941761153.54
600519.SH,2022-01-27,420.54,422.42,428.54,414.81,18859780231.64
000858.SZ,2022-01-27,36.46,36.27,36.74,36.29,20294141.38
300750.SZ,2022-01-27,39.53,39.83,39.67,39.47,489448820.43
601318.SH,2022-01-27,20.04,20.06,20.1,20.0,635098334.72
000333.SZ,2022-01-27,18.73,18.65,18.9,18.66,868414228.79
600036.SH,2022-01-27,118.3,118.38,121.22,116.15,1122466943.61
002415.SZ,2022-01-27,13.67,13.69,13.85,13.66,187236158.06
600276.SH,2022-01-27,25.37,25.35,26.21,25.12,809340743.45
002594.SZ,2022-01-27,187.47,186.8,191.28,186.94,3977269527.1
601012.SH,2022-01-27,184.66,184.18,189.31,182.0,6023294701.14
600887.SH,2022-01-27,66.44,66.61,67.41,64.29,1898494712.76
000002.SZ,2022-01-27,190.55,189.37,193.58,186.37,2169854539.32
600519.SH,2022-01-28,422.48,423.56,428.45,419.51,3303371228.41
000858.SZ,2022-01-28,35.74,35.61,36.09,35.5,1424051690.96
300750.SZ,2022-01-28,39.03,38.56,39.52,38.01,1400999423.89
601318.SH,2022-01-28,20.06,20.17,20.65,19.85,844212184.07
000333.SZ,2022-01-28,19.13,19.27,19.38,18.85,64266183.05
600036.SH,2022-01-28,115.22,115.41,115.7,113.13,373700704.41
002415.SZ,2022-01-28,13.96,13.88,14.31,13.8,127205742.23
600276.SH,2022-01-28,25.37,25.38,25.96,24.98,270844463.6
002594.SZ,2022-01-28,185.41,184.76,187.61,183.62,2622428454.6
601012.SH,2022-01-28,180.44,178.61,180.46,179.03,5952625589.04
600887.SH,2022-01-28,65.69,66.21,66.32,64.14,1355016517.73
000002.SZ,2022-01-28,192.1,191.69,193.49,189.35,2920953485.58
600519.SH,2022-01-31,420.64,424.68,424.73,410.74,13006492186.01
000858.SZ,2022-01-31,36.43,36.32,36.61,35.8,1097302714.28
300750.SZ,2022-01-31,37.48,37.7,38.01,36.74,638978667.9
601318.SH,2022-01-31,19.34,19.09,19.43,19.13,175772280.41
000333.SZ,2022-01-31,18.64,18.48,19.17,18.17,497606019.95
600036.SH,2022-01-31,118.47,118.94,120.57,116.03,3833780823.81
002415.SZ,2022-01-31,13.92,13.71,13.93,13.62,544650872.47
600276.SH,2022-01-31,25.41,25.51,25.72,25.4,904653651.94
002594.SZ,2022-01-31,188.25,188.75,193.5,188.09,7295158293.18
601012.SH,2022-01-31,183.5,185.06,185.64,182.99,826036871.98
600887.SH,2022-01-31,64.85,65.04,65.47,63.45,2869276179.1
000002.SZ,2022-01-31,185.34,186.69,186.73,183.69,7030854265.58
600519.SH,2022-02-01,417.08,416.22,421.88,415.88,1666723273.54
000858.SZ,2022-02-01,35.06,35.33,35.73,34.79,1161326741.76
300750.SZ,2022-02-01,37.44,37.38,37.65,36.74,655277358.73
601318.SH,2022-02-01,18.98,18.86,19.14,18.87,418166387.01
000333.SZ,2022-02-01,18.78,18.71,19.22,18.76,257650831.73
600036.SH,2022-02-01,119.11,119.62,120.8,114.78,3553835639.41
002415.SZ,2022-02-01,13.8,13.8,14.24,13.79,475092483.8
600276.SH,2022-02-01,25.82,25.66,25.82,25.75,755634958.87
002594.SZ,2022-02-01,201.69,202.82,207.42,201.65,3592208817.17
601012.SH,2022-02-01,175.12,174.71,180.97,172.14,4912922137.01
600887.SH,2022-02-01,68.81,68.85,70.94,68.45,99498244.19
000002.SZ,2022-02-01,180.93,181.42,185.37,179.84,5742139170.8
600519.SH,2022-02-02,403.16,403.28,407.29,399.87,17742692355.23
000858.SZ,2022-02-02,34.23,34.45,34.91,33.38,1167281021.67
300750.SZ,2022-02-02,38.14,38.16,38.69,37.39,1893159766.61
601318.SH,2022-02-02,19.09,19.27,19.34,18.54,289102602.45
000333.SZ,2022-02-02,18.5,18.41,18.51,18.15,506295972.92
600036.SH,2022-02-02,117.44,118.54,118.4,112.46,1356315958.29
002415.SZ,2022-02-02,13.54,13.55,13.81,13.52,392233024.11
600276.SH,2022-02-02,26.22,26.26,26.84,25.37,662700530.06
002594.SZ,2022-02-02,208.12,207.43,210.81,201.58,8175329280.88
601012.SH,2022-02-02,174.09,174.82,179.14,173.15,5914784565.37
600887.SH,2022-02-02,67.68,67.32,68.15,67.39,824899358.47
000002.SZ,2022-02-02,179.31,177.65,181.0,178.72,6121396985.36
600519.SH,2022-02-03,380.11,382.44,383.46,375.19,12242353932.03
000858.SZ,2022-02-03,34.2,34.27,34.69,33.6,502471713.37
300750.SZ,2022-02-03,38.53,38.54,39.35,38.4,1452754429.58
601318.SH,2022-02-03,18.92,18.74,19.08,18.67,633811518.33
000333.SZ,2022-02-03,18.28,18.24,18.52,17.71,833834770.79
600036.SH,2022-02-03,120.79,121.05,124.85,119.4,4877692653.67
002415.SZ,2022-02-03,13.66,13.59,13.67,13.48,542918031.61
600276.SH,2022-02-03,26.48,26.52,26.58,26.45,177294076.41
002594.SZ,2022-02-03,210.84,208.65,211.43,209.98,2673230682.19
601012.SH,2022-02-03,174.8,174.42,175.74,171.45,427412708.18
600887.SH,2022-02-03,69.94,69.66,70.14,68.64,2889182699.0
000002.SZ,2022-02-03,173.26,172.67,175.0,172.31,8625295422.09
600519.SH,2022-02-04,380.0,380.42,383.21,375.24,4880910686.53
000858.SZ,2022-02-04,32.27,32.45,32.57,32.03,1101436159.22
300750.SZ,2022-02-04,38.14,38.15,38.4,36.89,1246059996.55
601318.SH,2022-02-04,19.88,19.9,19.88,19.87,69007015.77
000333.SZ,2022-02-04,17.7,17.76,17.76,17.23,540928027.88
600036.SH,2022-02-04,117.52,118.29,118.19,117.39,2326887155.02
002415.SZ,2022-02-04,13.64,13.66,13.78,13.48,667482721.23
600276.SH,2022-02-04,27.07,27.17,27.14,26.67,897243820.37
002594.SZ,2022-02-04,214.53,214.47,215.71,209.66,2375233082.64
601012.SH,2022-02-04,172.52,172.76,173.48,170.36,3173730491.34
600887.SH,2022-02-04,72.94,73.51,73.06,72.44,2499354575.3
000002.SZ,2022-02-04,173.1,172.99,176.52,170.45,116093079.56
600519.SH,2022-02-07,391.01,394.2,391.32,380.71,4355104999.12
000858.SZ,2022-02-07,33.57,33.73,33.82,33.41,956033637.72
300750.SZ,2022-02-07,37.22,37.56,37.53,37.01,1375092870.0
601318.SH,2022-02-07,19.14,19.15,19.47,18.83,257739770.27
000333.SZ,2022-02-07,17.95,18.05,18.05,17.72,499903278.53
600036.SH,2022-02-07,118.13,118.2,118.54,117.44,2904461635.93
002415.SZ,2022-02-07,13.66,13.69,14.05,13.53,173186692.38
600276.SH,2022-02-07,27.26,27.51,27.3,27.06,520741599.59
002594.SZ,2022-02-07,214.1,214.2,215.2,209.67,5271776479.27
601012.SH,2022-02-07,179.34,179.7,182.51,178.37,5553330877.82
600887.SH,2022-02-07,67.49,67.64,67.71,67.22,548726505.87
000002.SZ,2022-02-07,178.69,178.9,181.16,176.69,2311303037.15
600519.SH,2022-02-08,393.73,390.3,403.48,391.95,2097081131.43
000858.SZ,2022-02-08,33.48,33.47,33.63,33.38,579434295.04
300750.SZ,2022-02-08,36.33,36.18,36.72,35.94,603818532.46
601318.SH,2022-02-08,19.74,19.67,19.97,19.51,361245819.95
000333.SZ,2022-02-08,17.43,17.28,17.73,17.37,548474284.77
600036.SH,2022-02-08,118.51,118.11,119.58,117.37,3495268859.2
002415.SZ,2022-02-08,14.05,14.04,14.22,13.77,59686166.69
600276.SH,2022-02-08,26.15,26.16,26.86,26.03,995504169.46
002594.SZ,2022-02-08,215.9,215.6,220.09,212.15,10165443579.06
601012.SH,2022-02-08,180.82,179.76,184.14,180.2,7715536927.7
600887.SH,2022-02-08,68.24,68.15,68.9,68.15,1082233274.67
000002.SZ,2022-02-08,176.7,176.72,177.16,174.67,1887217494.37
600519.SH,2022-02-09,399.69,399.38,410.72,394.85,16966205444.68
000858.SZ,2022-02-09,34.36,34.63,34.66,34.36,1637551881.9
300750.SZ,2022-02-09,36.08,35.92,36.17,35.73,1279849563.72
601318.SH,2022-02-09,20.78,20.81,21.2,20.41,821231105.07
000333.SZ,2022-02-09,16.95,17.02,17.09,16.72,89730718.23
600036.SH,2022-02-09,116.55,116.46,117.14,115.79,5747488341.37
002415.SZ,2022-02-09,14.48,14.5,14.62,14.39,66289831.37
600276.SH,2022-02-09,26.02,25.88,26.1,25.79,506751236.33
002594.SZ,2022-02-09,210.95,211.07,213.31,205.64,578267973.09
601012.SH,2022-02-09,178.89,179.17,184.55,176.89,4957807009.8
600887.SH,2022-02-09,70.86,71.5,71.18,70.69,3150516824.13
000002.SZ,2022-02-09,180.29,180.28,183.14,180.01,6267447077.18
600519.SH,2022-02-10,390.64,393.26,396.93,385.66,13724707864.23
000858.SZ,2022-02-10,32.77,32.77,32.83,32.28,524226485.58
300750.SZ,2022-02-10,37.44,37.54,37.99,37.2,253243348.22
601318.SH,2022-02-10,20.92,20.92,21.17,20.72,112437110.45
000333.SZ,2022-02-10,16.78,16.61,16.99,16.3,731778386.6
600036.SH,2022-02-10,113.97,113.72,117.64,113.95,5551531268.92
002415.SZ,2022-02-10,13.74,13.77,13.79,13.5,333172467.24
600276.SH,2022-02-10,25.17,25.43,25.37,24.81,93828186.61
002594.SZ,2022-02-10,212.64,212.52,212.75,210.05,6862793121.94
601012.SH,2022-02-10,176.77,177.33,178.02,168.62,7352003799.06
600887.SH,2022-02-10,73.81,74.14,74.55,73.6,3100795011.86
000002.SZ,2022-02-10,184.53,186.4,187.75,182.95,1781109961.56
600519.SH,2022-02-11,385.05,379.88,388.35,382.27,8574447239.94
000858.SZ,2022-02-11,32.03,32.15,32.49,31.59,913625970.6
300750.SZ,2022-02-11,38.67,38.56,39.54,38.51,1604689992.02
601318.SH,2022-02-11,20.74,20.67,20.95,20.52,933834372.19
000333.SZ,2022-02-11,17.89,18.04,17.99,17.51,588086568.73
600036.SH,2022-02-11,114.3,114.17,114.33,113.88,1523091064.24
002415.SZ,2022-02-11,13.28,13.25,13.68,13.1,42253004.59
600276.SH,2022-02-11,23.9,24.04,24.38,23.71,93840673.21
002594.SZ,2022-02-11,208.84,207.73,213.05,203.35,7611392105.08
601012.SH,2022-02-11,183.25,181.72,184.57,181.82,2062913697.48
600887.SH,2022-02-11,73.39,73.14,74.42,72.39,2171691865.37
000002.SZ,2022-02-11,173.08,173.13,174.1,172.57,5533115195.43
600519.SH,2022-02-14,379.22,375.97,391.39,374.39,16283338469.48
000858.SZ,2022-02-14,31.81,32.01,31.92,30.99,1231168881.8
300750.SZ,2022-02-14,40.01,40.1,40.18,39.97,1161367541.55
601318.SH,2022-02-14,20.97,20.81,21.64,20.85,20208859.03
000333.SZ,2022-02-14,17.84,17.89,18.24,17.6,620890166.13
600036.SH,2022-02-14,115.22,115.19,115.7,114.91,4774143978.73
002415.SZ,2022-02-14,14.02,14.03,14.05,13.79,247234669.53
600276.SH,2022-02-14,24.55,24.48,24.93,24.32,324664349.91
002594.SZ,2022-02-14,205.07,205.65,210.45,204.42,4473037794.87
601012.SH,2022-02-14,186.47,187.15,195.14,182.97,4878697662.53
600887.SH,2022-02-14,75.5,75.0,76.06,75.39,1078954779.32
000002.SZ,2022-02-14,183.25,181.19,186.88,178.57,2401201842.67
600519.SH,2022-02-15,382.13,381.52,388.27,375.78,9396500828.28
000858.SZ,2022-02-15,31.57,31.79,31.6,31.48,644467884.7
300750.SZ,2022-02-15,40.39,40.28,40.39,40.18,1068743331.62
601318.SH,2022-02-15,20.73,20.69,20.78,20.36,27086956.75
000333.SZ,2022-02-15,17.91,17.89,18.29,17.7,377765457.15
600036.SH,2022-02-15,112.96,112.7,114.26,110.64,239667844.79
002415.SZ,2022-02-15,14.04,14.02,14.19,13.99,308242854.86
600276.SH,2022-02-15,23.66,23.55,23.87,23.52,1019737989.25
002594.SZ,2022-02-15,209.5,209.99,213.02,205.83,8816704725.02
601012.SH,2022-02-15,190.29,191.48,192.71,188.78,3840271007.99
600887.SH,2022-02-15,72.42,72.4,73.26,71.49,3141051233.86
000002.SZ,2022-02-15,186.76,187.38,186.86,180.47,4376613036.88
600519.SH,2022-02-16,376.97,376.32,379.99,376.39,15929169123.18
000858.SZ,2022-02-16,32.7,32.56,33.42,32.19,1537330596.06
300750.SZ,2022-02-16,41.42,41.63,41.97,40.88,957840703.78
601318.SH,2022-02-16,21.3,21.35,21.31,20.82,154769696.23
000333.SZ,2022-02-16,18.19,18.11,18.27,18.14,570078630.66
600036.SH,2022-02-16,110.07,109.97,111.15,108.02,1957839151.74
002415.SZ,2022-02-16,13.31,13.35,13.42,13.19,30260135.48
600276.SH,2022-02-16,23.76,23.88,24.02,23.6,547244244.34
002594.SZ,2022-02-16,202.94,202.72,205.02,202.17,4639381752.24
601012.SH,2022-02-16,191.29,190.87,194.69,190.27,2261060895.07
600887.SH,2022-02-16,69.77,69.6,70.46,68.72,2727034446.65
000002.SZ,2022-02-16,190.51,192.41,192.88,189.2,2746747235.69
600519.SH,2022-02-17,382.02,385.1,384.8,376.5,333025755.45
000858.SZ,2022-02-17,31.67,31.64,31.84,31.25,395624166.17
300750.SZ,2022-02-17,40.45,40.61,40.85,40.19,219256469.09
601318.SH,2022-02-17,21.54,21.46,21.55,21.39,825112913.21
000333.SZ,2022-02-17,18.6,18.58,18.66,18.26,431055523.2
600036.SH,2022-02-17,110.76,111.25,111.17,108.42,3772205582.4
002415.SZ,2022-02-17,13.09,13.13,13.15,12.77,155006831.78
600276.SH,2022-02-17,23.86,23.76,24.01,23.46,337884190.67
002594.SZ,2022-02-17,201.89,203.47,202.39,201.14,4803717743.47
601012.SH,2022-02-17,188.83,188.38,190.85,186.53,4634381878.37
600887.SH,2022-02-17,67.34,67.58,67.89,65.34,660798392.79
000002.SZ,2022-02-17,190.8,188.29,190.93,190.56,5642497601.97
600519.SH,2022-02-18,374.39,373.75,378.54,362.1,4752952335.97
000858.SZ,2022-02-18,31.59,31.61,31.61,31.57,306258808.49
300750.SZ,2022-02-18,38.43,38.57,39.91,38.4,310618887.36
601318.SH,2022-02-18,22.0,21.85,22.09,21.96,443940161.4
000333.SZ,2022-02-18,18.35,18.41,18.68,18.32,687385942.73
600036.SH,2022-02-18,111.04,110.54,113.55,110.51,1369145610.7
002415.SZ,2022-02-18,13.59,13.54,13.67,13.46,377730769.95
600276.SH,2022-02-18,24.8,24.64,25.25,24.71,1152047526.37
002594.SZ,2022-02-18,205.33,205.49,211.64,204.51,4262949896.46
601012.SH,2022-02-18,184.1,184.62,187.6,183.83,3372060628.19
600887.SH,2022-02-18,67.23,66.75,67.64,66.33,1857565477.03
000002.SZ,2022-02-18,192.32,193.13,196.78,191.95,19720213.54
600519.SH,2022-02-21,377.1,376.49,380.34,370.19,7513673453.84
000858.SZ,2022-02-21,31.71,31.67,32.25,31.63,256773736.16
300750.SZ,2022-02-21,39.24,39.18,40.36,38.51,1959060817.83
601318.SH,2022-02-21,22.37,22.58,22.5,22.37,1102043842.71
000333.SZ,2022-02-21,18.91,18.72,19.07,18.5,888654060.07
600036.SH,2022-02-21,113.37,113.8,114.12,110.81,2655463453.48
002415.SZ,2022-02-21,13.36,13.42,13.43,13.24,233574066.62
600276.SH,2022-02-21,24.62,24.68,24.76,24.6,713039645.65
002594.SZ,2022-02-21,205.37,204.34,206.63,202.92,1320880791.75
601012.SH,2022-02-21,186.09,184.9,186.49,182.23,1566259671.82
600887.SH,2022-02-21,66.44,66.63,67.64,65.09,2201960028.42
000002.SZ,2022-02-21,192.37,190.56,194.55,190.97,7400209826.14
600519.SH,2022-02-22,374.16,374.35,381.57,372.55,10482580646.14
000858.SZ,2022-02-22,31.31,31.16,31.4,30.64,847647871.46
300750.SZ,2022-02-22,39.66,39.57,40.03,39.3,108892915.02
601318.SH,2022-02-22,22.89,23.04,23.27,22.44,264713186.95
000333.SZ,2022-02-22,19.76,19.77,20.04,19.49,835478100.41
600036.SH,2022-02-22,116.33,116.25,117.58,114.64,1294882791.48
002415.SZ,2022-02-22,13.23,13.2,13.32,12.96,587406468.17
600276.SH,2022-02-22,25.41,25.4,25.86,25.16,446558949.33
002594.SZ,2022-02-22,198.13,199.35,199.07,197.75,6310097771.54
601012.SH,2022-02-22,188.12,188.26,189.14,187.5,6773619635.27
600887.SH,2022-02-22,65.54,65.1,66.53,63.55,2813550896.64
000002.SZ,2022-02-22,189.82,189.58,192.01,188.87,4078589333.34
600519.SH,2022-02-23,392.88,390.35,396.23,391.92,9139759169.42
000858.SZ,2022-02-23,30.99,31.03,31.1,30.45,1058182698.48
300750.SZ,2022-02-23,39.93,39.87,40.37,39.12,165123934.48
601318.SH,2022-02-23,23.24,23.03,24.02,22.87,1113971139.7
000333.SZ,2022-02-23,19.76,19.7,19.79,19.66,298611890.39
600036.SH,2022-02-23,112.43,113.4,112.52,111.09,1455673358.44
002415.SZ,2022-02-23,13.35,13.4,13.57,13.29,608392192.88
600276.SH,2022-02-23,25.21,25.28,25.59,25.17,927085563.62
002594.SZ,2022-02-23,197.7,199.19,204.7,195.81,230953849.89
601012.SH,2022-02-23,188.11,188.13,191.88,186.72,230044017.77
600887.SH,2022-02-23,66.32,66.26,66.38,65.26,2866179723.18
000002.SZ,2022-02-23,191.86,191.38,195.97,190.93,9538809543.86
600519.SH,2022-02-24,378.16,375.44,381.01,373.85,6268284230.22
000858.SZ,2022-02-24,31.18,31.0,32.19,31.14,1184566181.51
300750.SZ,2022-02-24,41.71,41.86,42.17,40.76,563034625.11
601318.SH,2022-02-24,22.15,22.17,22.37,21.66,3801912.85
000333.SZ,2022-02-24,19.31,19.24,19.67,18.93,368291478.38
600036.SH,2022-02-24,110.55,111.17,112.04,108.43,1629515162.81
002415.SZ,2022-02-24,12.69,12.63,12.92,12.63,4226496.62
600276.SH,2022-02-24,24.07,23.89,24.39,24.01,689537801.17
002594.SZ,2022-02-24,193.06,195.05,194.58,191.56,6709045124.86
601012.SH,2022-02-24,193.6,193.77,193.78,192.68,9088432703.07
600887.SH,2022-02-24,65.75,65.88,66.79,65.17,948995808.1
000002.SZ,2022-02-24,187.48,187.54,189.79,187.18,3633106421.24
600519.SH,2022-02-25,376.76,381.28,380.92,370.23,6303846899.87
000858.SZ,2022-02-25,31.57,31.51,31.97,31.14,49819099.7
300750.SZ,2022-02-25,42.23,41.93,43.08,42.15,1460036124.67
601318.SH,2022-02-25,22.18,22.16,22.41,22.05,511610818.53
000333.SZ,2022-02-25,20.6,20.49,20.93,20.02,916135159.32
600036.SH,2022-02-25,111.33,111.3,113.0,109.45,882731892.15
002415.SZ,2022-02-25,12.84,12.95,12.87,12.48,293825296.31
600276.SH,2022-02-25,23.76,23.67,23.9,23.16,515421765.93
002594.SZ,2022-02-25,189.0,187.71,190.4,187.71,4547433408.86
601012.SH,2022-02-25,188.06,189.09,189.78,185.51,6847507361.91
600887.SH,2022-02-25,63.66,63.49,64.36,62.93,1226701766.22
000002.SZ,2022-02-25,190.16,190.59,190.77,190.0,9095028443.86
600519.SH,2022-02-28,378.47,378.59,382.94,372.14,3206967294.05
000858.SZ,2022-02-28,31.09,31.06,31.87,30.54,794630098.91
300750.SZ,2022-02-28,41.88,41.93,42.01,41.34,550087261.04
601318.SH,2022-02-28,22.78,22.82,22.98,22.54,285699438.91
000333.SZ,2022-02-28,20.5,20.47,20.92,20.26,652074179.74
600036.SH,2022-02-28,111.48,112.08,112.84,111.28,2543007302.67
002415.SZ,2022-02-28,12.94,12.93,13.03,12.88,213633484.25
600276.SH,2022-02-28,24.07,23.96,24.07,23.82,237583755.84
002594.SZ,2022-02-28,185.52,186.74,186.47,184.85,626502638.74
601012.SH,2022-02-28,176.57,176.93,178.67,174.96,1080502654.34
600887.SH,2022-02-28,60.59,60.27,60.8,59.65,1058909508.42
000002.SZ,2022-02-28,191.93,190.94,193.52,191.26,5524925450.82
600519.SH,2022-03-01,373.21,375.77,376.29,372.89,2863552716.16
000858.SZ,2022-03-01,30.84,31.2,31.45,30.52,711453822.4
300750.SZ,2022-03-01,40.11,40.32,40.27,39.48,1726669231.29
601318.SH,2022-03-01,22.34,22.41,22.41,22.02,779238822.91
000333.SZ,2022-03-01,20.57,20.33,20.75,20.54,273069117.29
600036.SH,2022-03-01,111.65,111.82,111.73,111.57,3315669033.36
002415.SZ,2022-03-01,12.59,12.58,12.69,12.48,431395798.85
600276.SH,2022-03-01,23.38,23.44,23.63,23.26,297435425.84
002594.SZ,2022-03-01,194.55,192.52,199.25,193.4,6788314959.81
601012.SH,2022-03-01,175.56,176.5,179.02,175.19,6284175807.8
600887.SH,2022-03-01,60.45,60.19,60.9,60.34,1594049553.84
000002.SZ,2022-03-01,185.59,184.15,188.66,185.21,2862857526.57
600519.SH,2022-03-02,366.11,365.79,372.72,361.81,1521750887.3
000858.SZ,2022-03-02,30.64,30.69,31.12,30.2,251648311.84
300750.SZ,2022-03-02,38.97,39.25,39.34,38.48,1248935059.73
601318.SH,2022-03-02,22.4,22.24,22.69,22.35,743521604.94
000333.SZ,2022-03-02,19.99,20.06,20.22,19.67,490799552.03
600036.SH,2022-03-02,109.63,110.24,112.94,108.27,5453947716.63
002415.SZ,2022-03-02,12.35,12.21,12.43,12.12,332604633.11
600276.SH,2022-03-02,22.43,22.36,22.78,22.35,643703088.05
002594.SZ,2022-03-02,186.97,185.64,191.0,185.55,4831496066.62
601012.SH,2022-03-02,176.18,176.48,176.62,173.11,2143074276.31
600887.SH,2022-03-02,58.92,59.02,59.24,57.58,1030731447.35
000002.SZ,2022-03-02,184.82,184.64,185.99,184.17,6811714778.89
600519.SH,2022-03-03,364.96,365.47,381.33,360.87,3711906269.06
000858.SZ,2022-03-03,30.91,31.13,31.18,30.25,89159400.64
300750.SZ,2022-03-03,39.78,39.78,40.28,39.49,1824583691.64
601318.SH,2022-03-03,22.05,22.16,22.15,21.0,894349193.21
000333.SZ,2022-03-03,19.42,19.26,19.53,19.1,276201281.21
600036.SH,2022-03-03,110.22,111.27,112.38,108.04,1117373493.46
002415.SZ,2022-03-03,12.62,12.6,12.62,12.56,400462245.54
600276.SH,2022-03-03,22.24,22.36,22.41,22.2,827584295.33
002594.SZ,2022-03-03,186.75,187.63,187.51,185.69,3633241839.69
601012.SH,2022-03-03,175.41,173.72,176.43,173.57,1834892139.93
600887.SH,2022-03-03,58.72,58.72,58.78,57.37,2195769930.12
000002.SZ,2022-03-03,187.85,185.87,189.74,187.49,6810591121.62
600519.SH,2022-03-04,361.45,360.88,362.72,358.65,14549876450.55
000858.SZ,2022-03-04,31.4,31.45,31.68,30.92,1274528895.78
300750.SZ,2022-03-04,40.22,40.17,40.45,39.99,543822161.64
601318.SH,2022-03-04,23.24,23.01,23.6,22.81,1100777494.85
000333.SZ,2022-03-04,19.08,19.11,19.18,18.95,364985435.93
600036.SH,2022-03-04,113.44,113.72,113.95,113.42,4144908465.02
002415.SZ,2022-03-04,12.88,12.89,13.04,12.75,408412510.86
600276.SH,2022-03-04,21.57,21.66,21.58,20.97,1069774107.19
002594.SZ,2022-03-04,189.49,188.8,193.08,188.51,354918746.45
601012.SH,2022-03-04,178.18,178.62,180.0,174.29,3220359546.4
600887.SH,2022-03-04,57.86,57.94,58.45,57.7,2780971510.82
000002.SZ,2022-03-04,176.39,174.52,180.03,176.23,55203142.81
600519.SH,2022-03-07,368.37,366.86,373.45,363.41,15581099684.5
000858.SZ,2022-03-07,30.39,30.29,30.58,30.08,771355806.34
300750.SZ,2022-03-07,40.06,40.25,40.19,38.86,1988458504.1
601318.SH,2022-03-07,22.22,22.13,22.27,21.93,1055722846.13
000333.SZ,2022-03-07,19.37,19.28,19.57,19.28,746462661.27
600036.SH,2022-03-07,108.29,108.19,111.45,107.12,3320737592.07
002415.SZ,2022-03-07,12.7,12.71,12.85,12.63,28095745.52
600276.SH,2022-03-07,21.28,21.14,21.64,20.92,520688681.91
002594.SZ,2022-03-07,189.55,191.26,190.91,186.2,50148805.72
601012.SH,2022-03-07,171.66,170.09,174.65,168.72,1094535679.61
600887.SH,2022-03-07,58.55,58.54,58.58,58.5,741769403.09
000002.SZ,2022-03-07,178.61,178.49,180.53,176.9,932189552.43
600519.SH,2022-03-08,365.21,365.32,366.12,356.29,6360408859.27
000858.SZ,2022-03-08,30.19,30.34,30.46,29.65,925003903.73
300750.SZ,2022-03-08,37.33,37.38,37.36,36.77,742996360.61
601318.SH,2022-03-08,23.13,23.21,23.71,22.75,866326258.45
000333.SZ,2022-03-08,19.27,19.26,19.44,19.18,244342686.75
600036.SH,2022-03-08,110.1,110.4,111.75,109.91,3802849291.43
002415.SZ,2022-03-08,12.76,12.65,12.93,12.59,300126647.92
600276.SH,2022-03-08,21.32,21.14,21.62,20.89,264120035.87
002594.SZ,2022-03-08,192.91,192.96,195.54,189.11,7748337994.5
601012.SH,2022-03-08,169.0,169.6,173.05,163.06,1256465903.73
600887.SH,2022-03-08,60.07,60.62,60.6,59.66,2451332244.9
000002.SZ,2022-03-08,185.73,185.6,186.47,182.27,6314496516.78
600519.SH,2022-03-09,367.23,369.91,371.91,366.15,2448264620.57
000858.SZ,2022-03-09,30.09,30.33,30.18,29.7,207758821.56
300750.SZ,2022-03-09,38.26,38.24,39.03,38.05,287627555.45
601318.SH,2022-03-09,23.38,23.45,23.59,22.81,67340484.35
000333.SZ,2022-03-09,19.1,19.16,19.13,18.46,165194880.73
600036.SH,2022-03-09,109.21,109.63,109.74,108.39,3620197354.69
002415.SZ,2022-03-09,12.81,12.76,13.05,12.68,457668378.58
600276.SH,2022-03-09,21.74,21.62,21.76,21.5,177679578.44
002594.SZ,2022-03-09,190.58,190.17,193.09,188.42,3926127721.47
601012.SH,2022-03-09,172.43,171.68,177.08,169.54,6008534176.02
600887.SH,2022-03-09,63.05,62.97,64.58,62.81,2836753897.8
000002.SZ,2022-03-09,188.57,187.84,195.74,186.86,8115318091.55
600519.SH,2022-03-10,366.83,368.21,371.32,363.32,1301827185.18
000858.SZ,2022-03-10,30.53,30.49,30.62,29.96,3460000.63
300750.SZ,2022-03-10,37.85,37.6,38.02,36.91,452358964.74
601318.SH,2022-03-10,22.73,22.89,23.1,22.6,215189955.73
000333.SZ,2022-03-10,18.75,18.93,19.27,18.27,155189450.88
600036.SH,2022-03-10,105.53,106.0,107.91,104.43,4824291993.27
002415.SZ,2022-03-10,13.12,13.13,13.24,13.02,392991681.38
600276.SH,2022-03-10,21.49,21.56,21.84,21.39,485195533.18
002594.SZ,2022-03-10,181.86,180.76,182.81,181.63,1780892892.01
601012.SH,2022-03-10,174.71,173.38,175.67,174.7,3785289575.91
600887.SH,2022-03-10,63.66,63.5,63.98,61.35,2719476407.54
000002.SZ,2022-03-10,190.1,189.98,191.59,185.8,803640038.34
600519.SH,2022-03-11,354.72,350.65,354.72,353.3,6015564276.19
000858.SZ,2022-03-11,29.7,29.77,30.13,29.68,722149428.54
300750.SZ,2022-03-11,39.54,39.8,39.67,39.17,1618276845.72
601318.SH,2022-03-11,22.4,22.16,22.92,22.26,109434983.19
000333.SZ,2022-03-11,18.97,18.97,19.08,18.73,177540175.68
600036.SH,2022-03-11,105.9,107.02,107.11,105.81,1964221086.57
002415.SZ,2022-03-11,12.67,12.66,12.69,12.53,140719208.06
600276.SH,2022-03-11,20.71,20.58,20.89,20.06,722647768.75
002594.SZ,2022-03-11,184.2,183.77,186.02,180.63,5658456986.99
601012.SH,2022-03-11,173.45,172.72,174.84,169.98,3990687381.13
600887.SH,2022-03-11,63.24,63.78,64.64,62.48,2570096519.08
000002.SZ,2022-03-11,195.15,194.19,199.53,191.28,2037411085.25
600519.SH,2022-03-14,340.5,338.49,341.35,335.94,10638808107.59
000858.SZ,2022-03-14,29.67,29.62,29.76,28.86,905076994.02
300750.SZ,2022-03-14,40.72,40.53,41.59,39.83,695443986.63
601318.SH,2022-03-14,22.88,22.79,23.33,22.84,69887526.77
000333.SZ,2022-03-14,18.85,18.83,19.02,18.74,213532404.13
600036.SH,2022-03-14,107.2,106.63,107.34,104.77,85656980.01
002415.SZ,2022-03-14,12.88,12.8,12.91,12.83,281278633.82
600276.SH,2022-03-14,20.26,20.24,20.4,19.93,303347420.37
002594.SZ,2022-03-14,177.49,177.18,179.47,176.63,1507325840.0
601012.SH,2022-03-14,177.28,175.83,178.82,175.84,2225897799.97
600887.SH,2022-03-14,63.35,63.05,64.37,63.17,2023372941.67
000002.SZ,2022-03-14,204.12,203.9,205.34,202.99,8559784238.9
600519.SH,2022-03-15,335.19,331.37,338.29,335.02,2922322455.88
000858.SZ,2022-03-15,30.42,30.42,30.71,29.8,563121873.75
300750.SZ,2022-03-15,41.58,41.68,42.46,41.5,1655798051.08
601318.SH,2022-03-15,23.18,23.34,23.18,23.05,870261834.06
000333.SZ,2022-03-15,18.87,18.77,19.22,18.77,69422543.15
600036.SH,2022-03-15,104.72,105.12,106.14,103.97,2209800191.63
002415.SZ,2022-03-15,12.79,12.78,12.82,12.64,170600819.5
600276.SH,2022-03-15,20.03,19.92,20.27,19.95,403997035.28
002594.SZ,2022-03-15,177.68,177.01,177.88,175.81,7477478242.02
601012.SH,2022-03-15,172.73,173.04,173.99,170.81,1729128548.97
600887.SH,2022-03-15,63.78,63.76,63.98,62.98,2337487740.87
000002.SZ,2022-03-15,213.32,215.2,215.4,210.79,736133424.61
600519.SH,2022-03-16,328.0,329.38,328.3,321.21,14676935614.67
000858.SZ,2022-03-16,30.84,30.92,30.93,29.97,739339633.81
300750.SZ,2022-03-16,39.64,39.4,40.67,39.54,240845666.19
601318.SH,2022-03-16,23.48,23.41,23.73,23.28,990424504.62
000333.SZ,2022-03-16,19.01,18.95,19.12,18.67,849121937.8
600036.SH,2022-03-16,102.39,102.01,104.03,100.53,4854729355.54
002415.SZ,2022-03-16,12.97,12.97,13.1,12.86,557935313.05
600276.SH,2022-03-16,20.09,20.08,20.41,19.86,284397410.23
002594.SZ,2022-03-16,185.8,185.48,186.1,182.18,3554096947.56
601012.SH,2022-03-16,173.31,173.77,173.92,170.28,5441895715.35
600887.SH,2022-03-16,64.44,64.5,64.63,62.87,1486175878.42
000002.SZ,2022-03-16,212.64,212.46,213.44,212.21,755388106.45
600519.SH,2022-03-17,318.97,319.8,319.55,306.3,8367472784.84
000858.SZ,2022-03-17,32.86,32.86,33.35,32.83,1052959590.69
300750.SZ,2022-03-17,39.84,39.93,39.94,39.79,1428262884.06
601318.SH,2022-03-17,23.67,23.54,23.72,23.61,304964918.04
000333.SZ,2022-03-17,19.06,19.09,19.1,18.61,419678930.01
600036.SH,2022-03-17,98.68,98.53,99.4,96.54,3614341944.51
002415.SZ,2022-03-17,12.54,12.59,12.93,12.52,356890014.69
600276.SH,2022-03-17,19.26,19.28,19.38,18.82,399967502.35
002594.SZ,2022-03-17,192.03,192.73,192.82,191.34,403458784.19
601012.SH,2022-03-17,175.57,175.79,177.87,172.29,1830591655.53
600887.SH,2022-03-17,63.93,64.22,64.09,63.78,1168949724.6
000002.SZ,2022-03-17,205.14,204.44,208.51,204.67,3260399084.54
600519.SH,2022-03-18,312.5,312.29,313.04,301.42,5609478993.22
000858.SZ,2022-03-18,32.79,32.97,32.97,32.63,858031631.61
300750.SZ,2022-03-18,38.63,38.59,38.81,38.01,236026492.09
601318.SH,2022-03-18,24.2,24.29,24.36,23.38,574965707.62
000333.SZ,2022-03-18,18.68,18.67,18.78,18.62,108952133.0
600036.SH,2022-03-18,98.04,97.44,98.77,97.87,397619905.23
002415.SZ,2022-03-18,12.51,12.5,12.62,12.46,161125762.44
600276.SH,2022-03-18,18.21,18.04,18.22,17.83,241055322.64
002594.SZ,2022-03-18,196.01,196.46,196.32,191.3,121493395.45
601012.SH,2022-03-18,175.84,174.07,175.96,171.76,4395080905.97
600887.SH,2022-03-18,60.42,60.68,60.69,59.4,1503790967.75
000002.SZ,2022-03-18,203.24,204.33,204.44,203.24,1497224848.75
600519.SH,2022-03-21,310.05,308.78,311.59,303.46,4768033323.84
000858.SZ,2022-03-21,31.96,32.0,32.27,31.23,482641570.46
300750.SZ,2022-03-21,38.99,39.22,39.07,38.96,1190024204.69
601318.SH,2022-03-21,24.94,24.91,25.03,24.77,955501699.59
000333.SZ,2022-03-21,18.85,18.86,19.06,18.45,870068013.6
600036.SH,2022-03-21,94.63,94.8,96.43,93.61,2725073139.79
002415.SZ,2022-03-21,12.31,12.33,12.65,12.24,475963898.82
600276.SH,2022-03-21,17.32,17.3,17.55,16.94,23979373.02
002594.SZ,2022-03-21,197.09,195.86,199.61,192.87,8491720063.01
601012.SH,2022-03-21,171.53,172.61,175.38,170.33,8524871975.02
600887.SH,2022-03-21,60.87,60.48,61.57,60.13,1574337066.88
000002.SZ,2022-03-21,207.41,206.18,213.71,205.26,7607076358.3
600519.SH,2022-03-22,317.01,315.92,322.47,311.54,12694901947.58
000858.SZ,2022-03-22,32.14,32.01,32.17,31.83,1138229467.65
300750.SZ,2022-03-22,38.76,38.8,39.05,38.01,930620141.86
601318.SH,2022-03-22,23.94,24.02,24.5,23.83,749509288.64
000333.SZ,2022-03-22,19.89,20.01,20.35,19.6,874244660.39
600036.SH,2022-03-22,99.9,99.51,100.46,99.77,3828324663.52
002415.SZ,2022-03-22,12.28,12.19,12.4,12.22,503380519.61
600276.SH,2022-03-22,17.52,17.42,17.68,17.12,432405416.17
002594.SZ,2022-03-22,191.52,190.37,191.57,189.88,4870235956.0
601012.SH,2022-03-22,169.96,169.16,170.16,169.94,5878654309.61
600887.SH,2022-03-22,60.94,61.45,62.68,59.32,1931019459.34
000002.SZ,2022-03-22,204.46,204.42,208.55,202.1,9064027272.29
600519.SH,2022-03-23,331.09,332.11,338.94,325.63,2980801164.24
000858.SZ,2022-03-23,32.41,32.4,33.08,32.13,1283101450.58
300750.SZ,2022-03-23,38.17,37.9,38.88,37.91,160673658.93
601318.SH,2022-03-23,23.71,23.76,24.08,23.01,699975493.18
000333.SZ,2022-03-23,20.02,20.18,20.12,19.9,843962118.3
600036.SH,2022-03-23,95.98,95.55,98.4,94.25,2702390424.21
002415.SZ,2022-03-23,12.44,12.54,12.79,12.36,55513283.39
600276.SH,2022-03-23,17.51,17.53,17.83,17.43,3188340.85
002594.SZ,2022-03-23,195.92,195.93,196.6,192.0,6585494199.93
601012.SH,2022-03-23,171.55,171.03,174.11,171.54,4155321867.7
600887.SH,2022-03-23,59.97,59.97,60.15,59.33,2412911433.71
000002.SZ,2022-03-23,201.14,201.01,201.92,197.22,6525639132.22
600519.SH,2022-03-24,342.73,341.76,346.94,340.55,8469612024.16
000858.SZ,2022-03-24,32.77,32.55,33.55,32.73,582513323.98
300750.SZ,2022-03-24,38.76,38.72,38.78,37.69,98008110.07
601318.SH,2022-03-24,24.07,24.13,24.43,23.79,54123721.1
000333.SZ,2022-03-24,19.99,19.94,20.13,19.54,761659573.08
600036.SH,2022-03-24,93.4,93.62,94.02,92.25,4558520772.92
002415.SZ,2022-03-24,13.0,12.96,13.15,12.91,380933857.15
600276.SH,2022-03-24,17.43,17.58,17.43,16.98,736079097.89
002594.SZ,2022-03-24,202.33,202.25,205.48,200.04,7079100198.5
601012.SH,2022-03-24,171.25,171.77,174.78,168.82,5010902194.27
600887.SH,2022-03-24,61.66,61.99,61.86,61.27,1945680042.88
000002.SZ,2022-03-24,196.88,197.15,201.76,192.87,3070118341.6
600519.SH,2022-03-25,331.63,332.44,334.01,327.74,270586663.55
000858.SZ,2022-03-25,32.56,32.56,33.34,31.68,734210173.0
300750.SZ,2022-03-25,38.31,38.25,39.38,37.79,1469863800.41
601318.SH,2022-03-25,24.48,24.17,24.79,24.35,30903216.44
000333.SZ,2022-03-25,20.17,20.12,20.59,19.98,498920328.85
600036.SH,2022-03-25,89.83,89.91,90.4,89.14,3929091456.9
002415.SZ,2022-03-25,12.77,12.74,12.95,12.6,85561184.1
600276.SH,2022-03-25,16.83,16.73,16.93,16.63,603177056.57
002594.SZ,2022-03-25,198.64,198.66,202.45,196.71,5801035712.88
601012.SH,2022-03-25,170.94,171.07,171.64,168.02,4753093053.61
600887.SH,2022-03-25,60.73,60.47,61.04,58.96,2592524422.69
000002.SZ,2022-03-25,202.72,204.24,203.09,200.05,779069106.32
600519.SH,2022-03-28,335.26,334.74,338.83,330.84,4792316037.95
000858.SZ,2022-03-28,31.88,31.46,32.09,31.73,4841406.43
300750.SZ,2022-03-28,39.57,39.62,39.69,38.6,1415999441.13
601318.SH,2022-03-28,25.05,24.99,25.18,24.6,1072949812.07
000333.SZ,2022-03-28,20.28,20.34,20.43,19.9,510789442.63
600036.SH,2022-03-28,89.06,89.76,89.65,88.22,439263487.96
002415.SZ,2022-03-28,13.39,13.4,13.42,13.38,311489818.08
600276.SH,2022-03-28,17.17,17.16,17.49,17.15,693029270.48
002594.SZ,2022-03-28,193.4,192.18,198.22,190.4,4832016765.74
601012.SH,2022-03-28,171.72,172.38,173.49,170.37,7693016675.41
600887.SH,2022-03-28,59.5,59.7,59.69,58.26,2102398243.28
000002.SZ,2022-03-28,207.36,206.44,211.11,204.13,4513167188.92
600519.SH,2022-03-29,326.81,326.3,328.83,324.13,13732206924.99
000858.SZ,2022-03-29,31.39,31.54,31.86,31.22,32359228.59
300750.SZ,2022-03-29,38.97,38.94,39.81,38.87,1412276597.56
601318.SH,2022-03-29,25.37,25.34,26.1,25.28,664831368.77
000333.SZ,2022-03-29,19.76,19.7,20.26,19.59,142080868.93
600036.SH,2022-03-29,89.12,89.44,90.5,88.23,1418966248.45
002415.SZ,2022-03-29,12.68,12.57,12.77,12.36,396598568.74
600276.SH,2022-03-29,17.55,17.45,17.96,17.24,587295784.08
002594.SZ,2022-03-29,180.51,179.83,181.19,179.16,589053053.3
601012.SH,2022-03-29,172.56,173.66,174.38,172.06,2549169100.61
600887.SH,2022-03-29,59.9,59.78,60.04,59.41,675125549.18
000002.SZ,2022-03-29,204.87,204.2,205.34,202.73,6929824968.08
600519.SH,2022-03-30,335.95,334.82,337.28,334.99,10435382196.52
000858.SZ,2022-03-30,32.29,32.06,32.62,31.81,709603729.16
300750.SZ,2022-03-30,40.04,40.1,41.01,39.52,1509985738.92
601318.SH,2022-03-30,26.1,26.01,26.59,25.72,854230163.3
000333.SZ,2022-03-30,19.93,19.98,20.28,19.68,592320164.88
600036.SH,2022-03-30,88.32,88.35,89.35,87.04,3517757821.65
002415.SZ,2022-03-30,12.77,12.79,12.88,12.39,51251532.26
600276.SH,2022-03-30,18.04,18.17,18.71,17.73,865893765.45
002594.SZ,2022-03-30,180.37,181.63,183.56,175.96,7403680636.1
601012.SH,2022-03-30,162.29,162.36,164.56,161.25,733941090.83
600887.SH,2022-03-30,57.42,56.98,58.68,56.7,1786976156.9
000002.SZ,2022-03-30,214.21,213.3,216.1,214.18,3339622541.34
600519.SH,2022-03-31,329.21,328.91,338.74,327.53,9505578862.3
000858.SZ,2022-03-31,31.82,31.88,32.22,31.67,1118395950.68
300750.SZ,2022-03-31,41.01,41.25,41.44,40.84,693139236.99
601318.SH,2022-03-31,26.7,26.8,27.0,25.93,736074142.62
000333.SZ,2022-03-31,20.22,20.29,20.81,20.14,990740421.02
600036.SH,2022-03-31,88.68,89.01,90.49,88.57,109163203.82
002415.SZ,2022-03-31,12.1,12.13,12.2,11.96,27503157.48
600276.SH,2022-03-31,19.05,18.99,19.28,18.87,316308329.42
002594.SZ,2022-03-31,178.75,178.96,182.79,178.27,702252417.46
601012.SH,2022-03-31,166.79,166.22,167.67,165.36,4006486786.83
600887.SH,2022-03-31,57.65,57.27,57.9,56.45,2295469261.53
000002.SZ,2022-03-31,211.45,211.36,212.8,206.74,5469650265.25
600519.SH,2022-04-01,327.17,327.78,327.85,320.03,10436898683.33
000858.SZ,2022-04-01,31.7,31.79,31.88,30.5,1474014408.52
300750.SZ,2022-04-01,42.72,42.69,43.27,42.38,1289424911.62
601318.SH,2022-04-01,25.85,25.99,26.03,25.61,355174565.78
000333.SZ,2022-04-01,20.43,20.49,20.54,20.36,112180405.9
600036.SH,2022-04-01,92.73,92.15,94.09,90.85,3287710330.58
002415.SZ,2022-04-01,11.95,11.99,12.08,11.57,133812764.31
600276.SH,2022-04-01,19.08,19.13,19.13,19.0,192293368.42
002594.SZ,2022-04-01,173.59,172.79,176.66,170.84,3857113638.07
601012.SH,2022-04-01,173.74,172.47,176.29,172.5,2903836454.24
600887.SH,2022-04-01,56.05,56.53,56.05,55.53,1359651318.17
000002.SZ,2022-04-01,214.97,216.63,218.81,212.45,9597681705.01
600519.SH,2022-04-04,311.25,310.85,312.35,309.52,3276879015.03
000858.SZ,2022-04-04,31.03,31.33,31.2,31.03,282999672.68
300750.SZ,2022-04-04,42.98,42.97,43.5,41.88,204067792.63
601318.SH,2022-04-04,25.14,25.13,25.39,25.03,775063380.71
000333.SZ,2022-04-04,20.31,20.16,20.49,20.08,781620587.88
600036.SH,2022-04-04,89.67,89.26,89.89,88.92,3138792995.22
002415.SZ,2022-04-04,11.98,11.95,12.14,11.92,316638678.32
600276.SH,2022-04-04,18.52,18.51,18.66,18.13,690048049.63
002594.SZ,2022-04-04,169.07,168.78,169.22,167.58,7714688303.04
601012.SH,2022-04-04,174.98,175.42,177.98,174.42,2243291138.0
600887.SH,2022-04-04,53.41,53.63,53.81,52.13,168972739.19
000002.SZ,2022-04-04,218.47,218.75,218.72,216.58,4516729479.62
600519.SH,2022-04-05,305.06,304.03,305.26,302.67,9171635936.53
000858.SZ,2022-04-05,32.28,32.17,33.08,31.85,721913312.31
300750.SZ,2022-04-05,42.43,42.44,43.59,41.75,814006938.43
601318.SH,2022-04-05,24.6,24.55,24.61,24.4,367830397.52
000333.SZ,2022-04-05,20.37,20.54,20.38,20.34,198502466.02
600036.SH,2022-04-05,91.95,92.18,92.35,89.15,3586178238.69
002415.SZ,2022-04-05,11.26,11.16,11.32,11.12,457963078.53
600276.SH,2022-04-05,18.23,18.28,18.33,17.54,166371016.55
002594.SZ,2022-04-05,174.47,174.69,178.3,171.9,3972465120.29
601012.SH,2022-04-05,170.52,170.63,170.69,168.19,7036351453.49
600887.SH,2022-04-05,51.8,52.25,51.92,50.04,1959409637.4
000002.SZ,2022-04-05,209.89,208.49,212.21,209.45,4722871881.91
600519.SH,2022-04-06,302.57,301.58,305.35,299.49,14208994447.09
000858.SZ,2022-04-06,31.29,31.37,31.35,31.15,906114078.61
300750.SZ,2022-04-06,42.93,42.75,43.15,42.36,856301366.87
601318.SH,2022-04-06,23.69,23.6,24.24,23.67,239814157.76
000333.SZ,2022-04-06,20.14,20.05,20.58,20.11,951562735.63
600036.SH,2022-04-06,91.56,91.5,91.76,90.03,3538547195.93
002415.SZ,2022-04-06,11.09,11.12,11.17,10.97,133974547.08
600276.SH,2022-04-06,18.14,18.16,18.71,17.99,134609679.82
002594.SZ,2022-04-06,170.36,171.0,172.39,168.94,5879352688.36
601012.SH,2022-04-06,166.81,166.18,167.19,163.2,5415527297.63
600887.SH,2022-04-06,53.42,53.41,53.6,52.93,1770708340.77
000002.SZ,2022-04-06,212.21,210.89,214.11,210.81,3387833897.67
600519.SH,2022-04-07,305.92,305.54,314.74,305.38,9423115733.59
000858.SZ,2022-04-07,32.13,32.07,32.5,32.12,1426251889.17
300750.SZ,2022-04-07,43.39,43.4,43.93,42.68,1525428792.18
601318.SH,2022-04-07,23.52,23.58,23.9,23.2,1126287264.27
000333.SZ,2022-04-07,20.44,20.42,20.51,20.37,908206869.49
600036.SH,2022-04-07,91.04,90.59,92.78,88.33,800024467.48
002415.SZ,2022-04-07,11.58,11.62,11.75,11.5,258638821.72
600276.SH,2022-04-07,18.24,18.25,18.54,18.15,859946735.2
002594.SZ,2022-04-07,170.64,172.18,173.38,166.83,1352722509.58
601012.SH,2022-04-07,173.41,174.66,173.52,171.62,8085688991.13
600887.SH,2022-04-07,54.55,54.66,55.04,53.61,177094851.62
000002.SZ,2022-04-07,208.59,208.38,213.03,208.03,2263928883.59
600519.SH,2022-04-08,309.73,311.84,312.97,306.11,13432837744.03
000858.SZ,2022-04-08,31.12,31.23,31.21,30.64,485556608.81
300750.SZ,2022-04-08,43.14,43.04,43.72,43.01,1246763319.56
601318.SH,2022-04-08,23.63,23.49,23.68,23.23,1090290448.83
000333.SZ,2022-04-08,20.52,20.6,20.97,20.33,477692033.04
600036.SH,2022-04-08,90.71,90.71,92.6,90.39,579212775.15
002415.SZ,2022-04-08,11.31,11.23,11.32,11.15,249502287.36
600276.SH,2022-04-08,18.43,18.36,18.73,18.41,362741011.99
002594.SZ,2022-04-08,173.1,171.94,174.39,169.74,3992753513.66
601012.SH,2022-04-08,170.57,170.44,172.36,168.39,3171493814.02
600887.SH,2022-04-08,54.55,54.87,56.36,53.44,155593945.3
000002.SZ,2022-04-08,211.27,211.23,216.82,211.18,2014728942.2
600519.SH,2022-04-11,313.69,313.75,317.03,310.36,4248164779.95
000858.SZ,2022-04-11,31.41,31.45,31.94,31.39,1369727801.44
300750.SZ,2022-04-11,43.67,43.69,45.36,43.35,2165881416.69
601318.SH,2022-04-11,24.0,24.09,24.55,23.32,669955164.05
000333.SZ,2022-04-11,20.9,20.95,21.16,20.39,1011809889.93
600036.SH,2022-04-11,91.79,92.06,92.09,91.7,2098804562.16
002415.SZ,2022-04-11,11.18,11.09,11.55,10.93,66343832.87
600276.SH,2022-04-11,18.59,18.49,19.04,18.28,838522042.75
002594.SZ,2022-04-11,170.29,170.11,172.12,169.44,2532243217.1
601012.SH,2022-04-11,168.17,168.97,172.52,162.08,7193672630.4
600887.SH,2022-04-11,55.04,55.24,55.19,54.58,1995169287.89
000002.SZ,2022-04-11,211.68,210.06,214.03,207.09,370424027.72
600519.SH,2022-04-12,308.55,310.55,318.06,306.92,11874806512.35
000858.SZ,2022-04-12,31.86,31.7,32.19,31.64,939298796.33
300750.SZ,2022-04-12,42.87,42.54,43.64,42.78,1012305072.09
601318.SH,2022-04-12,24.29,24.09,24.35,23.73,584338584.85
000333.SZ,2022-04-12,20.22,20.14,20.51,20.18,199960094.59
600036.SH,2022-04-12,94.87,94.42,97.82,94.09,3804365227.36
002415.SZ,2022-04-12,11.32,11.33,11.46,11.03,110107116.24
600276.SH,2022-04-12,18.82,18.95,19.07,18.62,481068994.58
002594.SZ,2022-04-12,170.46,169.51,177.19,170.09,2018215787.61
601012.SH,2022-04-12,162.67,163.62,165.77,159.25,7995162540.47
600887.SH,2022-04-12,52.77,52.68,53.4,51.35,85217544.38
000002.SZ,2022-04-12,212.18,211.14,218.69,207.68,7978835308.66
600519.SH,2022-04-13,305.84,306.48,314.72,305.42,9702581603.29
000858.SZ,2022-04-13,32.14,31.93,32.68,31.61,40130220.25
300750.SZ,2022-04-13,44.0,44.44,45.59,43.75,1901020333.94
601318.SH,2022-04-13,24.55,24.72,24.56,24.4,1018844403.29
000333.SZ,2022-04-13,19.74,19.74,19.97,19.63,623377517.49
600036.SH,2022-04-13,96.42,97.22,98.29,95.81,2335107662.31
002415.SZ,2022-04-13,11.15,11.17,11.18,11.05,268253478.72
600276.SH,2022-04-13,19.02,18.99,19.11,18.93,885394660.48
002594.SZ,2022-04-13,173.09,173.19,174.54,170.51,5091815242.59
601012.SH,2022-04-13,160.64,160.12,162.03,157.71,6702126787.22
600887.SH,2022-04-13,54.72,54.98,54.92,53.51,2136255297.26
000002.SZ,2022-04-13,210.47,210.5,214.83,209.83,9896031228.13
600519.SH,2022-04-14,306.22,304.61,306.52,293.74,961348755.94
000858.SZ,2022-04-14,33.18,33.37,33.52,32.82,60329660.02
300750.SZ,2022-04-14,44.23,44.25,44.8,44.07,1912299666.62
601318.SH,2022-04-14,24.06,24.05,24.53,23.14,326630497.88
000333.SZ,2022-04-14,19.58,19.57,19.61,19.42,117757895.19
600036.SH,2022-04-14,97.03,96.25,97.82,96.18,4452749520.52
002415.SZ,2022-04-14,11.03,10.93,11.22,10.92,57449907.61
600276.SH,2022-04-14,18.78,18.79,18.89,18.69,925862038.17
002594.SZ,2022-04-14,177.27,177.19,179.65,174.64,5531540633.31
601012.SH,2022-04-14,159.94,159.08,163.51,158.04,3798799992.11
600887.SH,2022-04-14,57.13,57.12,57.54,55.22,2529102969.85
000002.SZ,2022-04-14,209.73,211.96,210.03,208.8,9066313059.77
600519.SH,2022-04-15,298.55,298.67,302.26,293.92,14246305034.83
000858.SZ,2022-04-15,32.99,33.0,33.08,32.95,1387646023.24
300750.SZ,2022-04-15,45.28,45.08,45.93,44.84,903654803.23
601318.SH,2022-04-15,23.72,23.7,24.6,23.09,1055657255.07
000333.SZ,2022-04-15,20.14,20.24,20.17,20.0,84552208.35
600036.SH,2022-04-15,97.09,97.07,99.23,95.41,1059571748.4
002415.SZ,2022-04-15,11.15,11.15,11.18,11.06,167635644.51
600276.SH,2022-04-15,18.45,18.49,18.99,17.87,605174522.09
002594.SZ,2022-04-15,177.51,178.32,179.41,177.36,5185164551.05
601012.SH,2022-04-15,160.0,160.04,161.17,159.75,1584405570.19
600887.SH,2022-04-15,58.65,58.78,59.84,58.44,651061526.85
000002.SZ,2022-04-15,207.4,207.36,208.18,204.65,4492064922.2
600519.SH,2022-04-18,287.04,287.62,290.31,281.53,10658000501.5
000858.SZ,2022-04-18,32.1,32.08,33.26,31.62,1316797215.56
300750.SZ,2022-04-18,44.54,44.1,44.86,44.26,100485254.35
601318.SH,2022-04-18,24.11,24.26,24.5,23.87,845755427.48
000333.SZ,2022-04-18,19.7,19.58,20.45,19.45,721735418.37
600036.SH,2022-04-18,94.77,95.04,95.37,93.78,3997711483.31
002415.SZ,2022-04-18,11.07,11.13,11.22,10.79,527632100.52
600276.SH,2022-04-18,18.45,18.5,18.48,18.34,591340993.28
002594.SZ,2022-04-18,177.21,177.37,178.91,177.09,4554811567.61
601012.SH,2022-04-18,154.94,154.97,155.09,154.04,3080677260.97
600887.SH,2022-04-18,58.22,58.26,59.24,57.75,1975973206.49
000002.SZ,2022-04-18,212.44,211.07,213.23,211.49,5399672990.38
600519.SH,2022-04-19,290.0,291.08,295.68,287.5,12695911652.25
000858.SZ,2022-04-19,32.42,32.29,33.14,32.22,309216906.18
300750.SZ,2022-04-19,43.71,43.69,44.59,42.57,1480871222.34
601318.SH,2022-04-19,23.95,24.0,24.99,23.75,392710352.53
000333.SZ,2022-04-19,19.09,19.19,19.28,18.87,755333013.47
600036.SH,2022-04-19,96.16,95.75,98.23,94.48,2621565936.47
002415.SZ,2022-04-19,11.31,11.31,11.34,11.2,47703217.16
600276.SH,2022-04-19,18.36,18.37,19.04,18.13,725528703.04
002594.SZ,2022-04-19,175.62,174.56,177.65,174.77,6080903961.5
601012.SH,2022-04-19,151.79,152.46,154.45,151.05,7190725479.89
600887.SH,2022-04-19,58.08,58.25,58.34,56.7,1017485691.9
000002.SZ,2022-04-19,221.4,221.13,225.69,215.19,179658437.16
600519.SH,2022-04-20,284.94,285.45,285.52,279.52,10116287052.49
000858.SZ,2022-04-20,32.61,32.77,33.51,32.16,7094397.79
300750.SZ,2022-04-20,44.73,44.99,44.89,44.05,248102826.44
601318.SH,2022-04-20,23.91,24.06,24.45,23.15,163629702.39
000333.SZ,2022-04-20,18.48,18.5,18.67,18.45,670459350.78
600036.SH,2022-04-20,97.02,96.99,97.3,95.76,1550854052.01
002415.SZ,2022-04-20,11.74,11.81,11.93,11.63,212805532.94
600276.SH,2022-04-20,18.43,18.49,18.63,18.33,863571680.44
002594.SZ,2022-04-20,175.53,174.81,179.11,174.02,4957557809.61
601012.SH,2022-04-20,151.67,150.52,152.44,151.4,6375249648.44
600887.SH,2022-04-20,55.02,54.71,55.8,54.68,707616757.09
000002.SZ,2022-04-20,223.26,223.7,226.82,223.18,1255429157.03
600519.SH,2022-04-21,281.65,282.55,284.05,279.22,10570764702.19
000858.SZ,2022-04-21,31.89,31.87,32.36,31.77,548605006.07
300750.SZ,2022-04-21,46.13,46.15,47.73,45.9,288779689.94
601318.SH,2022-04-21,23.35,23.37,23.5,23.02,834611706.49
000333.SZ,2022-04-21,18.53,18.52,18.65,18.42,3560404.51
600036.SH,2022-04-21,94.07,93.43,96.11,93.19,1038539332.75
002415.SZ,2022-04-21,11.85,11.84,11.93,11.53,200579735.29
600276.SH,2022-04-21,17.8,17.84,18.33,17.22,579446401.9
002594.SZ,2022-04-21,176.59,177.07,177.55,172.95,8691729114.52
601012.SH,2022-04-21,152.19,151.86,153.15,149.66,770412243.23
600887.SH,2022-04-21,56.06,56.07,56.74,55.65,1419061033.64
000002.SZ,2022-04-21,216.13,215.7,216.13,213.59,6522192002.01
600519.SH,2022-04-22,278.71,282.4,282.76,264.92,10185684287.8
000858.SZ,2022-04-22,31.25,31.2,31.26,31.17,1141485167.86
300750.SZ,2022-04-22,46.98,46.77,47.7,46.05,638477140.32
601318.SH,2022-04-22,22.35,22.25,22.47,22.33,608262407.7
000333.SZ,2022-04-22,18.36,18.29,18.51,18.2,25911767.15
600036.SH,2022-04-22,95.26,95.36,96.17,95.24,1372221221.98
002415.SZ,2022-04-22,11.91,12.04,12.11,11.82,48460926.0
600276.SH,2022-04-22,17.12,17.05,17.35,17.06,395194024.81
002594.SZ,2022-04-22,181.6,182.33,183.98,178.7,3399300066.56
601012.SH,2022-04-22,152.49,151.17,153.99,150.01,4527284173.88
600887.SH,2022-04-22,57.48,57.38,58.98,57.04,713735681.59
000002.SZ,2022-04-22,213.95,214.93,214.67,212.36,5187772135.69
600519.SH,2022-04-25,279.09,279.92,281.67,278.63,12926624187.91
000858.SZ,2022-04-25,31.41,31.61,31.71,30.88,96758612.16
300750.SZ,2022-04-25,46.49,46.75,47.74,45.75,1069411705.39
601318.SH,2022-04-25,23.6,23.48,23.74,23.33,127606898.83
000333.SZ,2022-04-25,18.24,18.16,18.59,18.1,307352111.48
600036.SH,2022-04-25,96.11,96.44,98.52,95.97,4745692927.66
002415.SZ,2022-04-25,11.72,11.72,11.87,11.38,81403326.74
600276.SH,2022-04-25,16.89,16.85,16.95,16.83,52652651.76
002594.SZ,2022-04-25,181.02,182.16,185.06,180.93,1039919788.22
601012.SH,2022-04-25,149.84,149.97,152.0,148.89,6242150858.22
600887.SH,2022-04-25,56.15,56.24,56.78,55.21,1904946237.61
000002.SZ,2022-04-25,214.26,214.52,217.94,206.81,3991252044.38
600519.SH,2022-04-26,276.33,275.34,281.25,275.72,13344547610.93
000858.SZ,2022-04-26,33.1,32.75,33.82,32.99,709295299.84
300750.SZ,2022-04-26,46.3,46.29,47.2,44.99,1097579695.45
601318.SH,2022-04-26,23.22,23.38,24.0,22.76,1087439659.06
000333.SZ,2022-04-26,18.53,18.51,18.78,18.39,723041547.16
600036.SH,2022-04-26,100.36,99.89,101.28,99.87,87247949.73
002415.SZ,2022-04-26,11.26,11.2,11.31,11.2,254832969.65
600276.SH,2022-04-26,17.42,17.54,17.54,17.03,166884443.24
002594.SZ,2022-04-26,176.32,175.36,177.56,173.62,8030590468.26
601012.SH,2022-04-26,148.08,147.81,149.43,146.87,2336267934.74
600887.SH,2022-04-26,54.22,53.97,55.41,53.94,262876954.76
000002.SZ,2022-04-26,211.85,211.43,215.63,207.04,8813262832.46
600519.SH,2022-04-27,266.88,268.3,276.77,266.64,12761128239.29
000858.SZ,2022-04-27,32.61,32.52,33.05,32.15,366836344.27
300750.SZ,2022-04-27,45.94,45.64,47.15,45.72,1857131712.07
601318.SH,2022-04-27,23.15,23.29,23.16,22.98,1036019698.61
000333.SZ,2022-04-27,18.66,18.76,18.75,18.2,821046770.38
600036.SH,2022-04-27,101.08,101.64,103.32,100.67,4605989205.11
002415.SZ,2022-04-27,11.24,11.18,11.34,11.16,559738033.8
600276.SH,2022-04-27,17.99,17.99,18.12,17.66,807573175.56
002594.SZ,2022-04-27,177.15,177.26,178.43,171.42,1152575894.62
601012.SH,2022-04-27,152.61,152.67,157.01,150.09,3782710785.32
600887.SH,2022-04-27,54.43,54.31,55.13,53.7,499125446.46
000002.SZ,2022-04-27,208.57,208.07,209.25,206.53,9076266870.68
600519.SH,2022-04-28,257.96,257.78,261.2,256.56,12642259432.52
000858.SZ,2022-04-28,30.35,30.17,30.53,29.63,1291503502.71
300750.SZ,2022-04-28,45.46,45.07,45.88,44.62,790360660.47
601318.SH,2022-04-28,22.49,22.52,22.98,22.41,402847600.01
000333.SZ,2022-04-28,18.66,18.61,19.03,17.97,788671053.75
600036.SH,2022-04-28,104.36,104.95,106.54,103.97,1463891546.14
002415.SZ,2022-04-28,10.61,10.69,10.71,10.49,319992898.17
600276.SH,2022-04-28,18.3,18.16,18.42,18.1,212864181.14
002594.SZ,2022-04-28,170.53,170.08,171.61,165.59,2455754716.63
601012.SH,2022-04-28,145.61,146.78,147.75,145.09,7268219734.81
600887.SH,2022-04-28,57.5,57.36,57.62,56.63,1515288611.97
000002.SZ,2022-04-28,212.62,212.46,212.94,207.56,6860438307.32
600519.SH,2022-04-29,238.91,238.54,242.64,238.02,11616325486.25
000858.SZ,2022-04-29,31.39,31.55,31.41,30.93,199581633.91
300750.SZ,2022-04-29,45.23,45.5,45.86,45.18,235493981.4
601318.SH,2022-04-29,23.34,23.5,23.97,23.27,607912797.44
000333.SZ,2022-04-29,18.24,18.19,18.53,18.15,196224830.98
600036.SH,2022-04-29,104.93,104.72,106.06,103.03,4589344712.51
002415.SZ,2022-04-29,10.65,10.6,10.84,10.46,16948454.56
600276.SH,2022-04-29,17.36,17.29,17.81,17.25,54616766.82
002594.SZ,2022-04-29,171.16,172.12,173.44,169.37,3205267046.12
601012.SH,2022-04-29,148.59,147.68,149.1,148.49,160984975.2
600887.SH,2022-04-29,56.16,56.03,56.19,55.8,1324767733.83
000002.SZ,2022-04-29,215.52,215.3,219.7,214.49,1187789237.34
600519.SH,2022-05-02,242.96,243.65,247.63,240.48,1566153344.34
000858.SZ,2022-05-02,31.42,31.55,31.84,31.27,1238761505.41
300750.SZ,2022-05-02,46.53,46.65,46.74,46.34,1093968293.66
601318.SH,2022-05-02,23.72,23.68,23.95,23.48,382059608.28
000333.SZ,2022-05-02,18.98,19.07,19.12,18.57,711221520.63
600036.SH,2022-05-02,105.66,105.2,105.95,104.34,2674776898.83
002415.SZ,2022-05-02,10.93,10.95,11.0,10.91,40818698.8
600276.SH,2022-05-02,17.31,17.34,17.8,17.03,352277425.59
002594.SZ,2022-05-02,174.14,173.33,174.81,173.63,7217959056.41
601012.SH,2022-05-02,149.93,150.16,151.33,146.61,3857169160.91
600887.SH,2022-05-02,56.8,56.46,57.38,56.21,488233904.12
000002.SZ,2022-05-02,219.62,219.86,223.83,218.72,10885828187.62
600519.SH,2022-05-03,241.15,243.09,242.1,237.98,11937161652.91
000858.SZ,2022-05-03,31.18,31.39,31.28,30.91,585819396.29
300750.SZ,2022-05-03,44.46,44.82,44.46,43.09,865793624.88
601318.SH,2022-05-03,23.87,23.94,24.24,23.49,917303090.67
000333.SZ,2022-05-03,18.44,18.38,18.73,18.43,118310508.62
600036.SH,2022-05-03,103.68,104.45,105.32,102.45,1378239308.88
002415.SZ,2022-05-03,10.83,10.9,10.99,10.74,367151576.9
600276.SH,2022-05-03,17.6,17.45,17.94,17.53,433639746.78
002594.SZ,2022-05-03,176.73,176.72,178.96,174.15,2177908337.6
601012.SH,2022-05-03,151.74,151.49,153.42,147.75,922433320.61
600887.SH,2022-05-03,56.58,56.88,56.79,55.99,1671995549.03
000002.SZ,2022-05-03,221.28,222.03,223.16,217.35,325361003.96
600519.SH,2022-05-04,235.9,234.81,236.38,233.44,9400460319.15
000858.SZ,2022-05-04,32.4,32.46,32.44,32.1,56275248.25
300750.SZ,2022-05-04,46.28,46.51,47.61,46.03,109132596.14
601318.SH,2022-05-04,23.53,23.73,23.73,23.47,170702301.31
000333.SZ,2022-05-04,17.87,17.75,17.95,17.36,815596116.21
600036.SH,2022-05-04,100.73,100.41,102.97,99.73,2456053388.18
002415.SZ,2022-05-04,10.58,10.57,10.77,10.53,409699372.23
600276.SH,2022-05-04,17.2,17.22,17.6,17.16,406152610.97
002594.SZ,2022-05-04,178.16,178.82,180.34,177.44,7799577405.14
601012.SH,2022-05-04,152.5,153.38,153.51,152.13,6153062910.4
600887.SH,2022-05-04,57.8,58.07,57.97,57.36,2731493461.95
000002.SZ,2022-05-04,222.38,221.03,225.5,221.8,10731383265.19
600519.SH,2022-05-05,237.26,238.06,240.46,235.82,9443912898.69
000858.SZ,2022-05-05,32.17,32.28,32.33,31.71,391952950.8
300750.SZ,2022-05-05,48.11,48.19,48.65,47.81,605823008.02
601318.SH,2022-05-05,24.48,24.37,25.18,24.33,1134148808.82
000333.SZ,2022-05-05,17.53,17.51,17.79,17.18,285899712.41
600036.SH,2022-05-05,101.54,102.05,102.18,99.95,1264850079.71
002415.SZ,2022-05-05,10.52,10.48,10.69,10.45,465050596.33
600276.SH,2022-05-05,17.1,17.11,17.15,17.01,330620953.22
002594.SZ,2022-05-05,175.75,176.45,179.65,174.26,656544874.18
601012.SH,2022-05-05,148.2,149.22,150.01,145.74,3174474995.43
600887.SH,2022-05-05,57.44,57.46,58.68,56.96,1688188882.2
000002.SZ,2022-05-05,227.73,228.43,233.59,226.05,2277429042.41
600519.SH,2022-05-06,245.55,245.24,245.76,242.73,11353826595.36
000858.SZ,2022-05-06,32.95,32.83,33.02,32.93,531681302.58
300750.SZ,2022-05-06,48.31,48.39,49.65,48.25,455222704.29
601318.SH,2022-05-06,25.32,25.46,25.33,24.94,341806837.53
000333.SZ,2022-05-06,17.5,17.38,18.22,17.33,665513462.12
600036.SH,2022-05-06,101.28,101.53,103.65,99.31,439833192.49
002415.SZ,2022-05-06,10.18,10.08,10.36,10.11,120515393.5
600276.SH,2022-05-06,17.61,17.69,17.87,17.31,428210922.64
002594.SZ,2022-05-06,180.28,180.69,180.86,179.02,1044075947.17
601012.SH,2022-05-06,144.75,143.95,146.72,141.95,4937315198.04
600887.SH,2022-05-06,55.66,55.98,57.63,54.67,2627910151.81
000002.SZ,2022-05-06,239.18,239.93,239.33,237.29,10146001898.79
600519.SH,2022-05-09,247.06,247.77,249.73,245.7,5487045111.14
000858.SZ,2022-05-09,32.08,32.06,32.22,31.55,1490024280.35
300750.SZ,2022-05-09,47.96,48.17,48.34,47.78,1607931196.22
601318.SH,2022-05-09,25.7,25.63,26.28,25.02,1080565961.56
000333.SZ,2022-05-09,17.98,18.07,18.18,17.85,390200402.22
600036.SH,2022-05-09,103.38,103.09,105.36,103.37,1222050116.93
002415.SZ,2022-05-09,10.59,10.58,10.63,10.5,103853289.74
600276.SH,2022-05-09,17.94,18.1,18.21,17.92,570760412.74
002594.SZ,2022-05-09,182.41,181.64,185.53,181.3,4773827450.92
601012.SH,2022-05-09,149.25,149.92,151.25,147.43,4052123863.18
600887.SH,2022-05-09,54.99,55.36,55.15,54.47,74773587.02
000002.SZ,2022-05-09,235.81,236.24,236.57,233.99,11775783378.48
600519.SH,2022-05-10,238.46,239.25,238.66,232.93,3366441855.32
000858.SZ,2022-05-10,32.71,32.87,33.18,32.22,917732348.17
300750.SZ,2022-05-10,47.14,47.16,47.64,46.96,1609522329.33
601318.SH,2022-05-10,25.87,25.78,25.97,25.45,583048005.46
000333.SZ,2022-05-10,18.04,18.11,18.49,18.01,131294436.92
600036.SH,2022-05-10,102.55,102.87,104.62,101.2,2585869392.66
002415.SZ,2022-05-10,10.49,10.48,10.69,10.48,219094487.14
600276.SH,2022-05-10,18.4,18.5,18.66,18.13,670937397.12
002594.SZ,2022-05-10,189.9,190.06,196.64,189.22,4859072277.51
601012.SH,2022-05-10,147.76,146.27,148.96,146.28,5021422525.25
600887.SH,2022-05-10,53.95,54.22,55.55,51.78,2237089293.29
000002.SZ,2022-05-10,247.29,249.26,248.63,246.17,11253849250.18
600519.SH,2022-05-11,239.11,238.7,239.83,234.33,6063384308.71
000858.SZ,2022-05-11,32.27,32.27,32.27,31.61,906998089.38
300750.SZ,2022-05-11,46.78,46.82,46.83,46.59,417802490.84
601318.SH,2022-05-11,26.44,26.57,26.63,26.19,401268207.81
000333.SZ,2022-05-11,18.01,18.03,18.16,17.87,351950551.44
600036.SH,2022-05-11,102.84,103.15,102.93,102.02,3621822360.54
002415.SZ,2022-05-11,10.16,10.15,10.25,10.1,160846658.37
600276.SH,2022-05-11,18.05,18.02,18.13,17.92,46996353.53
002594.SZ,2022-05-11,195.28,196.4,197.6,190.81,1831119392.81
601012.SH,2022-05-11,149.38,148.77,151.59,148.38,2709499192.47
600887.SH,2022-05-11,55.34,55.69,55.96,54.66,2161224832.03
000002.SZ,2022-05-11,236.9,238.46,237.19,236.76,4740106567.5
600519.SH,2022-05-12,235.75,235.91,238.68,233.14,1273397196.0
000858.SZ,2022-05-12,32.53,32.45,32.69,32.05,1323647838.04
300750.SZ,2022-05-12,47.58,47.97,47.62,47.15,2008377413.66
601318.SH,2022-05-12,27.83,27.96,28.1,27.5,1035787986.65
000333.SZ,2022-05-12,18.11,18.19,18.28,17.99,79251990.05
600036.SH,2022-05-12,100.6,100.57,101.29,100.18,29230936.84
002415.SZ,2022-05-12,9.97,10.01,10.17,9.8,268279128.67
600276.SH,2022-05-12,17.45,17.54,17.68,17.41,319537548.67
002594.SZ,2022-05-12,201.95,202.93,202.99,201.13,6715577954.71
601012.SH,2022-05-12,148.88,149.84,156.46,148.47,5867339860.85
600887.SH,2022-05-12,54.48,54.77,54.65,54.41,2381301454.0
000002.SZ,2022-05-12,243.81,242.54,246.93,239.8,9176155908.02
600519.SH,2022-05-13,243.81,246.54,248.0,238.86,7145213257.68
000858.SZ,2022-05-13,32.29,32.5,32.95,31.85,225446701.96
300750.SZ,2022-05-13,46.99,46.5,48.39,46.16,1877498755.35
601318.SH,2022-05-13,28.05,27.97,28.36,27.29,330978745.38
000333.SZ,2022-05-13,17.35,17.28,17.72,17.22,844767241.87
600036.SH,2022-05-13,101.91,102.64,102.12,101.23,2136314144.35
002415.SZ,2022-05-13,10.14,10.12,10.18,9.89,359446125.74
600276.SH,2022-05-13,17.54,17.57,17.56,17.38,88197628.56
002594.SZ,2022-05-13,205.63,205.97,208.04,204.19,7373859659.72
601012.SH,2022-05-13,149.02,148.94,151.17,147.64,7252199171.05
600887.SH,2022-05-13,54.74,55.11,55.47,54.39,2509562837.01
000002.SZ,2022-05-13,252.39,250.83,252.51,249.84,5739288379.24
600519.SH,2022-05-16,244.62,246.07,247.82,241.67,2910164878.99
000858.SZ,2022-05-16,33.62,33.53,33.7,33.59,1237281574.63
300750.SZ,2022-05-16,48.02,48.05,48.83,47.4,1768562983.07
601318.SH,2022-05-16,27.88,27.89,28.35,26.9,444874788.37
000333.SZ,2022-05-16,17.34,17.29,17.42,17.24,196553921.46
600036.SH,2022-05-16,100.24,99.87,101.5,96.59,3038359147.86
002415.SZ,2022-05-16,10.46,10.59,10.55,10.34,486165266.3
600276.SH,2022-05-16,18.77,18.71,18.85,18.52,419744350.01
002594.SZ,2022-05-16,204.43,205.25,205.9,203.81,2500356607.18
601012.SH,2022-05-16,150.2,152.5,151.92,148.15,6756340276.24
600887.SH,2022-05-16,55.43,55.37,55.79,55.1,2671749541.84
000002.SZ,2022-05-16,253.1,251.6,253.9,251.11,5052725706.6
600519.SH,2022-05-17,243.72,242.19,244.89,238.89,3122078374.81
000858.SZ,2022-05-17,34.17,33.88,34.28,33.4,299632344.22
300750.SZ,2022-05-17,46.29,46.09,46.34,45.28,969271392.69
601318.SH,2022-05-17,27.28,27.33,28.38,26.96,1032584897.61
000333.SZ,2022-05-17,17.45,17.4,17.72,17.08,323177734.76
600036.SH,2022-05-17,100.45,100.88,101.01,98.48,545292469.21
002415.SZ,2022-05-17,10.51,10.5,10.63,10.45,114886829.33
600276.SH,2022-05-17,19.05,19.07,19.35,19.02,749733994.37
002594.SZ,2022-05-17,210.65,209.26,213.14,209.89,1077108585.1
601012.SH,2022-05-17,146.33,146.08,147.21,144.62,1774416719.92
600887.SH,2022-05-17,54.52,54.46,54.56,54.49,2266672350.61
000002.SZ,2022-05-17,260.03,257.72,261.19,258.97,6489761455.71
600519.SH,2022-05-18,244.4,244.39,244.73,237.99,4596134054.62
000858.SZ,2022-05-18,34.35,34.11,34.36,34.14,188570641.07
300750.SZ,2022-05-18,47.71,47.82,48.99,46.55,1583448972.28
601318.SH,2022-05-18,26.04,25.9,26.55,25.61,185097048.91
000333.SZ,2022-05-18,18.11,18.03,18.27,18.05,82300907.14
600036.SH,2022-05-18,101.0,101.13,102.89,100.11,338625498.05
002415.SZ,2022-05-18,10.18,10.18,10.26,10.07,471385005.74
600276.SH,2022-05-18,19.64,19.71,19.81,19.45,677630653.85
002594.SZ,2022-05-18,220.22,218.65,222.03,217.67,9787498553.44
601012.SH,2022-05-18,151.91,151.94,154.23,149.83,1105400001.46
600887.SH,2022-05-18,54.2,54.07,54.66,52.6,887677748.64
000002.SZ,2022-05-18,264.69,267.16,268.64,264.66,1384345197.1
600519.SH,2022-05-19,247.8,249.28,251.57,241.96,11530871984.01
000858.SZ,2022-05-19,33.19,33.12,33.83,32.98,775173886.15
300750.SZ,2022-05-19,50.8,50.96,51.51,50.63,2079775737.25
601318.SH,2022-05-19,25.41,25.54,25.75,25.04,115403871.24
000333.SZ,2022-05-19,19.05,19.21,19.54,19.05,374905715.33
600036.SH,2022-05-19,100.98,100.28,103.04,99.64,1108887345.71
002415.SZ,2022-05-19,10.26,10.23,10.38,10.07,98179474.29
600276.SH,2022-05-19,19.52,19.52,19.68,19.46,605607264.22
002594.SZ,2022-05-19,228.03,226.81,229.83,222.7,2328974679.09
601012.SH,2022-05-19,158.78,157.81,161.12,155.92,5333541330.63
600887.SH,2022-05-19,54.47,54.38,54.74,53.15,1272525840.07
000002.SZ,2022-05-19,260.68,259.0,260.74,256.97,12138506679.25
600519.SH,2022-05-20,243.6,243.09,248.72,241.63,7890870546.74
000858.SZ,2022-05-20,33.76,33.88,34.12,33.74,1169746675.61
300750.SZ,2022-05-20,47.99,48.07,48.69,47.67,1109928878.66
601318.SH,2022-05-20,24.4,24.4,24.9,23.96,454067916.57
000333.SZ,2022-05-20,19.07,19.1,19.46,18.86,931729828.7
600036.SH,2022-05-20,101.8,101.54,104.54,99.66,4108652169.16
002415.SZ,2022-05-20,10.14,10.08,10.23,10.0,333536139.9
600276.SH,2022-05-20,19.32,19.25,19.6,19.1,228961937.95
002594.SZ,2022-05-20,218.33,218.81,222.57,217.72,5692591974.07
601012.SH,2022-05-20,157.31,156.1,158.82,154.36,968722035.62
600887.SH,2022-05-20,54.29,53.92,54.9,54.21,599633084.37
000002.SZ,2022-05-20,262.71,261.61,264.65,258.0,1582511740.27
600519.SH,2022-05-23,247.22,247.47,248.41,247.13,12099223817.53
000858.SZ,2022-05-23,32.13,32.39,32.61,32.03,1354402820.51
300750.SZ,2022-05-23,49.89,50.22,51.2,48.14,1236479046.74
601318.SH,2022-05-23,23.12,23.04,23.2,23.11,900095531.67
000333.SZ,2022-05-23,19.32,19.4,19.69,18.88,958287092.37
600036.SH,2022-05-23,100.71,100.78,100.96,99.73,1273875533.58
002415.SZ,2022-05-23,10.39,10.34,10.43,10.28,26963395.23
600276.SH,2022-05-23,19.6,19.43,20.32,19.38,864037318.55
002594.SZ,2022-05-23,217.4,216.06,219.31,215.33,26760476.23
601012.SH,2022-05-23,156.16,157.21,159.76,155.52,2771271218.27
600887.SH,2022-05-23,52.06,52.29,53.62,51.6,1271966920.27
000002.SZ,2022-05-23,262.25,261.51,266.99,253.17,3696786153.88
600519.SH,2022-05-24,242.82,243.01,244.42,242.39,8653237199.27
000858.SZ,2022-05-24,31.39,31.27,31.53,31.34,242724339.16
300750.SZ,2022-05-24,48.53,48.57,48.72,48.13,1838048341.17
601318.SH,2022-05-24,23.14,23.22,23.16,23.06,209411774.16
000333.SZ,2022-05-24,19.13,19.12,19.21,19.1,423067739.62
600036.SH,2022-05-24,102.95,102.73,105.33,101.29,2300302811.76
002415.SZ,2022-05-24,10.26,10.24,10.29,10.17,65793121.17
600276.SH,2022-05-24,18.88,18.95,19.06,18.86,584067432.05
002594.SZ,2022-05-24,213.22,213.18,221.34,209.56,8213721627.48
601012.SH,2022-05-24,156.34,156.37,158.42,151.38,2224945238.86
600887.SH,2022-05-24,49.7,49.86,50.25,49.23,614126745.16
000002.SZ,2022-05-24,271.0,273.37,275.64,267.57,7383942782.41
600519.SH,2022-05-25,241.51,240.82,247.0,240.36,11098443167.75
000858.SZ,2022-05-25,31.3,31.33,31.4,30.93,315250306.61
300750.SZ,2022-05-25,48.71,48.83,48.84,48.53,1031092436.99
601318.SH,2022-05-25,23.54,23.55,24.03,23.38,930027065.33
000333.SZ,2022-05-25,19.45,19.37,19.86,19.42,357346446.79
600036.SH,2022-05-25,101.04,100.91,101.08,99.91,5028795680.68
002415.SZ,2022-05-25,10.08,10.1,10.11,9.9,445549775.09
600276.SH,2022-05-25,19.82,19.83,20.01,19.79,712218563.47
002594.SZ,2022-05-25,202.08,200.71,207.85,201.85,7664796614.38
601012.SH,2022-05-25,152.45,152.23,155.02,148.06,859877494.04
600887.SH,2022-05-25,48.62,48.59,49.03,47.61,1293875315.26
000002.SZ,2022-05-25,277.22,276.93,280.65,274.99,261124054.1
600519.SH,2022-05-26,243.31,242.6,244.27,242.0,6436005113.7
000858.SZ,2022-05-26,31.56,31.66,32.6,30.54,1051753740.89
300750.SZ,2022-05-26,47.67,47.74,47.86,47.61,1913320260.9
601318.SH,2022-05-26,23.74,23.71,23.92,23.65,1032926190.77
000333.SZ,2022-05-26,18.99,19.1,19.17,18.25,646259650.38
600036.SH,2022-05-26,99.67,98.56,101.84,98.3,708435602.64
002415.SZ,2022-05-26,9.89,9.94,10.11,9.6,119309911.55
600276.SH,2022-05-26,19.47,19.53,19.62,19.27,642386650.14
002594.SZ,2022-05-26,197.11,198.21,199.4,195.97,8969222155.22
601012.SH,2022-05-26,153.32,152.67,154.72,152.87,3004320690.56
600887.SH,2022-05-26,49.0,48.73,49.52,48.51,45636355.2
000002.SZ,2022-05-26,271.66,272.39,274.32,267.65,3584614897.46
600519.SH,2022-05-27,240.61,240.31,241.48,235.98,7504471856.23
000858.SZ,2022-05-27,31.91,32.01,31.92,31.84,73880952.7
300750.SZ,2022-05-27,47.86,47.65,48.68,47.37,1149437456.05
601318.SH,2022-05-27,24.6,24.52,24.95,24.55,298912968.34
000333.SZ,2022-05-27,18.88,18.81,19.19,18.45,785409646.53
600036.SH,2022-05-27,100.52,99.61,103.42,100.07,2421910141.2
002415.SZ,2022-05-27,10.06,10.08,10.39,10.0,496023142.52
600276.SH,2022-05-27,18.99,19.07,19.28,18.36,281863735.26
002594.SZ,2022-05-27,191.85,190.93,196.83,190.51,3764265855.06
601012.SH,2022-05-27,148.11,147.2,150.7,145.81,1755110157.0
600887.SH,2022-05-27,49.52,49.23,49.85,49.33,72215552.98
000002.SZ,2022-05-27,270.42,268.23,279.6,270.33,13278156124.42
600519.SH,2022-05-30,242.24,241.42,249.71,237.36,8226498815.96
000858.SZ,2022-05-30,32.02,31.91,32.16,31.63,1360274564.1
300750.SZ,2022-05-30,48.13,48.0,48.15,47.9,256628565.54
601318.SH,2022-05-30,25.0,25.01,25.08,24.43,1069571085.8
000333.SZ,2022-05-30,18.69,18.45,18.85,18.62,675936497.44
600036.SH,2022-05-30,102.45,102.17,103.76,102.04,3140361193.99
002415.SZ,2022-05-30,10.21,10.27,10.41,10.21,479247340.98
600276.SH,2022-05-30,18.34,18.21,18.69,18.27,25673379.16
002594.SZ,2022-05-30,190.79,191.38,190.96,190.3,516406174.45
601012.SH,2022-05-30,153.91,153.57,154.69,152.96,5867081319.41
600887.SH,2022-05-30,53.99,54.14,54.15,53.97,469664837.05
000002.SZ,2022-05-30,270.25,268.43,274.42,263.82,4433189834.37
600519.SH,2022-05-31,242.51,240.52,250.01,241.1,699976461.63
000858.SZ,2022-05-31,30.73,30.82,31.46,30.46,656781230.75
300750.SZ,2022-05-31,48.29,48.6,48.76,48.02,1924704316.77
601318.SH,2022-05-31,24.97,25.16,25.06,24.82,484787745.22
000333.SZ,2022-05-31,18.44,18.33,18.57,18.33,152949922.37
600036.SH,2022-05-31,107.03,106.86,107.24,106.11,4567936776.35
002415.SZ,2022-05-31,10.27,10.28,10.42,10.16,91810636.0
600276.SH,2022-05-31,17.89,17.84,18.07,17.71,356966615.98
002594.SZ,2022-05-31,185.68,185.35,187.0,184.18,8681594808.16
601012.SH,2022-05-31,156.81,156.58,158.28,153.99,4581286816.3
600887.SH,2022-05-31,53.16,53.14,53.84,52.78,1327647708.6
000002.SZ,2022-05-31,264.06,266.17,269.91,260.78,5660700377.12
600519.SH,2022-06-01,232.41,232.83,236.01,227.25,9566720276.81
000858.SZ,2022-06-01,30.64,30.56,30.92,30.25,449671174.19
300750.SZ,2022-06-01,49.03,48.73,49.08,47.01,1074026947.69
601318.SH,2022-06-01,25.49,25.26,26.19,25.08,413645618.37
000333.SZ,2022-06-01,18.56,18.41,18.57,18.4,799722741.64
600036.SH,2022-06-01,111.49,112.13,112.0,111.29,2592260268.55
002415.SZ,2022-06-01,9.97,9.97,10.17,9.71,34152721.21
600276.SH,2022-06-01,17.99,17.9,18.26,17.71,282716033.61
002594.SZ,2022-06-01,187.52,189.65,194.98,185.89,44745762.73
601012.SH,2022-06-01,150.46,151.24,152.11,148.76,2852318726.34
600887.SH,2022-06-01,52.94,52.65,53.64,51.71,129733348.53
000002.SZ,2022-06-01,256.96,257.56,257.94,251.15,5247356066.17
600519.SH,2022-06-02,233.83,236.71,234.2,230.62,9150376054.86
000858.SZ,2022-06-02,30.01,30.13,30.27,29.54,50421657.29
300750.SZ,2022-06-02,49.86,49.78,50.6,49.8,2141849895.98
601318.SH,2022-06-02,26.51,26.39,26.67,26.34,848433459.01
000333.SZ,2022-06-02,18.47,18.51,18.67,18.1,751385783.87
600036.SH,2022-06-02,109.73,110.33,110.68,109.35,4484692624.93
002415.SZ,2022-06-02,9.68,9.67,9.79,9.5,425271580.62
600276.SH,2022-06-02,18.17,17.94,18.38,17.93,222599558.3
002594.SZ,2022-06-02,183.27,183.67,183.6,181.0,2428585869.08
601012.SH,2022-06-02,154.03,153.37,156.0,151.43,2437446421.65
600887.SH,2022-06-02,55.16,55.49,55.87,54.53,2080199546.86
000002.SZ,2022-06-02,268.2,267.85,270.97,267.1,13207053505.66
600519.SH,2022-06-03,244.59,243.58,251.81,241.96,6129714185.04
000858.SZ,2022-06-03,30.11,30.1,30.42,29.61,945598017.52
300750.SZ,2022-06-03,50.46,50.18,51.08,50.44,879822384.18
601318.SH,2022-06-03,26.0,25.86,26.83,25.7,839611590.89
000333.SZ,2022-06-03,17.86,17.8,18.0,17.58,583133011.28
600036.SH,2022-06-03,111.82,112.48,112.2,111.02,50319704.45
002415.SZ,2022-06-03,9.34,9.33,9.38,9.16,352192933.82
600276.SH,2022-06-03,18.63,18.7,19.09,18.51,115750361.33
002594.SZ,2022-06-03,179.4,179.12,182.98,179.21,245826068.02
601012.SH,2022-06-03,153.31,154.11,156.84,152.34,7124724294.41
600887.SH,2022-06-03,57.58,57.98,58.0,57.02,931557969.74
000002.SZ,2022-06-03,270.05,274.38,270.11,264.29,1401358506.53
600519.SH,2022-06-06,247.83,246.33,254.41,246.54,10498153737.87
000858.SZ,2022-06-06,29.92,29.91,30.26,29.53,1162468313.97
300750.SZ,2022-06-06,51.56,51.71,53.2,50.83,1897238368.25
601318.SH,2022-06-06,25.84,25.84,25.88,25.78,389051490.18
000333.SZ,2022-06-06,17.45,17.56,17.49,17.42,449128994.19
600036.SH,2022-06-06,109.11,109.33,112.69,108.06,2227157051.43
002415.SZ,2022-06-06,8.97,8.97,9.01,8.83,146188112.72
600276.SH,2022-06-06,18.05,18.08,18.31,18.0,109399319.75
002594.SZ,2022-06-06,182.5,182.96,182.57,180.73,3384775818.16
601012.SH,2022-06-06,153.06,153.22,155.5,152.23,32318005.19
600887.SH,2022-06-06,56.23,56.39,57.01,55.65,1850133733.03
000002.SZ,2022-06-06,275.48,271.07,283.49,273.97,5552489660.52
600519.SH,2022-06-07,249.08,250.17,251.22,248.67,4562108751.31
000858.SZ,2022-06-07,30.27,30.37,30.94,29.78,399601714.66
300750.SZ,2022-06-07,50.31,50.42,50.7,49.93,1953925767.7
601318.SH,2022-06-07,25.56,25.47,26.02,25.0,688769390.71
000333.SZ,2022-06-07,17.61,17.67,17.86,17.36,546190370.59
600036.SH,2022-06-07,108.42,108.63,109.02,107.77,3251808082.77
002415.SZ,2022-06-07,9.2,9.16,9.42,9.05,410242052.9
600276.SH,2022-06-07,18.41,18.5,18.65,18.24,20991913.27
002594.SZ,2022-06-07,189.43,188.84,189.69,188.92,1623092283.45
601012.SH,2022-06-07,154.31,154.38,154.97,150.11,5082250628.66
600887.SH,2022-06-07,55.36,55.74,55.55,54.82,1625242629.55
000002.SZ,2022-06-07,275.93,274.96,276.88,270.53,4630931165.75
600519.SH,2022-06-08,263.69,263.87,266.32,263.48,2587911118.53
000858.SZ,2022-06-08,31.11,31.23,31.48,30.56,659882904.13
300750.SZ,2022-06-08,50.14,50.2,50.82,49.36,676947712.41
601318.SH,2022-06-08,26.02,25.88,26.13,25.75,704643057.68
000333.SZ,2022-06-08,17.53,17.4,17.6,17.51,492726818.85
600036.SH,2022-06-08,107.6,107.6,110.0,106.11,3707709342.79
002415.SZ,2022-06-08,9.47,9.46,9.53,9.45,224575887.57
600276.SH,2022-06-08,18.62,18.55,18.81,18.25,150353565.36
002594.SZ,2022-06-08,193.95,194.17,196.13,193.35,8780262376.9
601012.SH,2022-06-08,161.13,161.42,163.83,160.92,6114294638.22
600887.SH,2022-06-08,54.7,54.96,55.25,53.59,660522007.6
000002.SZ,2022-06-08,278.21,278.39,278.34,273.4,11314423898.16
600519.SH,2022-06-09,270.1,268.52,276.27,269.68,12797415902.5
000858.SZ,2022-06-09,31.74,31.64,31.81,31.6,806951945.34
300750.SZ,2022-06-09,49.69,50.02,50.89,49.39,1638645746.78
601318.SH,2022-06-09,26.07,26.22,26.23,25.31,148590599.93
000333.SZ,2022-06-09,18.39,18.23,18.41,18.36,809850245.1
600036.SH,2022-06-09,106.16,105.92,107.71,105.23,4264965812.73
002415.SZ,2022-06-09,9.58,9.62,9.61,9.4,475217325.56
600276.SH,2022-06-09,18.86,19.01,18.9,18.83,737484072.69
002594.SZ,2022-06-09,187.1,186.34,189.58,185.94,928972510.79
601012.SH,2022-06-09,163.83,164.39,165.05,163.48,6562255900.44
600887.SH,2022-06-09,52.89,52.53,54.47,52.7,257801334.24
000002.SZ,2022-06-09,279.84,281.78,286.14,279.62,2955051087.76
600519.SH,2022-06-10,278.57,282.58,281.25,271.89,10298474794.8
000858.SZ,2022-06-10,31.36,31.2,31.65,31.31,1109893145.24
300750.SZ,2022-06-10,47.83,47.65,48.48,47.56,1247237986.3
601318.SH,2022-06-10,26.07,26.36,26.12,25.61,991294123.69
000333.SZ,2022-06-10,18.39,18.51,18.5,18.3,878920170.1
600036.SH,2022-06-10,106.53,106.8,107.36,104.48,2950525465.45
002415.SZ,2022-06-10,9.64,9.69,9.64,9.52,218321682.5
600276.SH,2022-06-10,19.0,19.05,19.2,18.78,43197328.25
002594.SZ,2022-06-10,180.35,180.63,181.32,180.09,7575399731.43
601012.SH,2022-06-10,168.31,168.4,169.8,166.07,6055728730.98
600887.SH,2022-06-10,50.05,49.81,50.89,49.95,1441179256.18
000002.SZ,2022-06-10,277.5,278.27,282.28,273.21,12332819796.53
600519.SH,2022-06-13,284.32,283.32,289.56,281.77,3664534216.41
000858.SZ,2022-06-13,30.78,30.85,31.23,30.42,1060804708.89
300750.SZ,2022-06-13,46.12,46.54,46.25,45.69,1891387718.18
601318.SH,2022-06-13,25.59,25.74,26.21,25.24,366883082.13
000333.SZ,2022-06-13,18.17,18.37,18.4,18.16,828282905.85
600036.SH,2022-06-13,111.92,112.37,114.29,110.55,2464002476.16
002415.SZ,2022-06-13,9.29,9.26,9.41,9.11,26449869.18
600276.SH,2022-06-13,19.21,19.37,19.72,19.18,295854310.84
002594.SZ,2022-06-13,179.53,179.84,180.45,178.1,5115531242.64
601012.SH,2022-06-13,164.96,164.23,170.0,161.9,6711239732.86
600887.SH,2022-06-13,48.35,48.12,49.66,48.15,1678536995.76
000002.SZ,2022-06-13,269.39,270.48,271.66,266.76,944013999.72
600519.SH,2022-06-14,286.9,286.57,290.54,284.16,7353240785.39
000858.SZ,2022-06-14,31.31,31.54,32.01,31.27,618617954.88
300750.SZ,2022-06-14,47.66,47.31,48.64,46.92,2133393010.17
601318.SH,2022-06-14,24.99,24.88,24.99,23.94,595694798.01
000333.SZ,2022-06-14,17.22,17.17,17.27,17.19,193999179.81
600036.SH,2022-06-14,113.59,114.35,115.75,112.69,5387243119.75
002415.SZ,2022-06-14,9.42,9.38,9.56,9.29,228196069.59
600276.SH,2022-06-14,19.79,19.71,20.28,19.79,985965472.54
002594.SZ,2022-06-14,171.12,170.89,180.42,171.11,2214948980.28
601012.SH,2022-06-14,171.21,171.71,172.37,169.29,6532074567.26
600887.SH,2022-06-14,48.53,48.64,49.64,47.88,670921135.9
000002.SZ,2022-06-14,283.12,281.41,285.98,281.1,1970073455.25
600519.SH,2022-06-15,285.54,285.91,294.04,283.23,6362764585.93
000858.SZ,2022-06-15,32.42,32.44,32.98,32.08,562197412.66
300750.SZ,2022-06-15,46.99,47.03,47.19,46.36,558585856.65
601318.SH,2022-06-15,26.35,26.12,26.43,25.47,796932069.43
000333.SZ,2022-06-15,17.0,16.95,17.28,16.72,193561255.13
600036.SH,2022-06-15,109.34,109.38,109.86,108.81,14442590.32
002415.SZ,2022-06-15,9.48,9.44,9.62,9.32,169459691.58
600276.SH,2022-06-15,20.36,20.34,20.95,20.08,800289242.24
002594.SZ,2022-06-15,176.63,178.71,177.85,176.02,5337873397.35
601012.SH,2022-06-15,171.04,171.35,172.4,166.85,3171256667.18
600887.SH,2022-06-15,49.04,49.11,49.19,47.8,1384789164.25
000002.SZ,2022-06-15,283.18,282.82,285.09,278.43,10060980175.57
600519.SH,2022-06-16,295.3,295.93,296.55,286.39,9170689468.12
000858.SZ,2022-06-16,33.28,33.53,33.39,33.05,1361706701.92
300750.SZ,2022-06-16,46.42,46.38,46.92,45.76,958465537.14
601318.SH,2022-06-16,27.0,27.15,27.22,26.45,795282635.53
000333.SZ,2022-06-16,17.0,16.87,17.6,16.76,167553772.3
600036.SH,2022-06-16,112.64,113.51,113.18,110.16,4014925453.21
002415.SZ,2022-06-16,9.39,9.4,9.54,9.31,389247472.8
600276.SH,2022-06-16,20.42,20.36,20.74,20.09,221845388.82
002594.SZ,2022-06-16,174.21,174.03,176.24,172.99,6729715647.31
601012.SH,2022-06-16,164.44,165.53,167.32,160.42,5045618609.69
600887.SH,2022-06-16,47.57,47.91,48.14,47.53,897750448.87
000002.SZ,2022-06-16,291.28,290.24,291.93,287.7,3334554613.12
600519.SH,2022-06-17,300.02,298.82,305.52,296.12,2585680744.79
000858.SZ,2022-06-17,32.64,32.4,32.66,32.06,1369826199.83
300750.SZ,2022-06-17,47.02,46.97,48.61,46.74,2141468660.93
601318.SH,2022-06-17,27.04,27.09,27.27,26.63,1097141721.4
000333.SZ,2022-06-17,17.34,17.43,17.44,17.26,128491752.57
600036.SH,2022-06-17,111.45,111.32,112.74,109.71,2809224019.4
002415.SZ,2022-06-17,9.39,9.41,9.47,9.35,137281764.71
600276.SH,2022-06-17,19.84,19.51,19.98,19.71,38933540.69
002594.SZ,2022-06-17,179.29,178.41,181.66,178.29,7319336585.41
601012.SH,2022-06-17,166.67,165.96,167.7,166.41,7784692217.31
600887.SH,2022-06-17,47.74,47.48,48.07,47.43,971153082.49
000002.SZ,2022-06-17,309.23,308.89,310.19,307.98,1675562492.92
600519.SH,2022-06-20,309.02,308.52,309.35,306.98,11617838282.9
000858.SZ,2022-06-20,33.82,34.27,34.32,33.72,201083567.95
300750.SZ,2022-06-20,47.43,47.55,47.81,46.94,1120404466.01
601318.SH,2022-06-20,26.7,26.78,27.66,26.08,28452736.68
000333.SZ,2022-06-20,17.55,17.48,17.73,17.26,275174953.55
600036.SH,2022-06-20,111.65,111.51,114.98,109.67,2656426040.16
002415.SZ,2022-06-20,9.32,9.28,9.46,9.22,298010464.16
600276.SH,2022-06-20,20.44,20.36,20.58,19.96,559814671.53
002594.SZ,2022-06-20,177.98,178.26,180.4,175.62,7664600516.55
601012.SH,2022-06-20,167.82,168.19,168.89,167.28,4976308124.92
600887.SH,2022-06-20,47.91,48.04,48.11,46.21,1139459691.52
000002.SZ,2022-06-20,297.8,300.13,303.35,291.57,1417284205.03
600519.SH,2022-06-21,313.32,311.75,316.54,304.0,14962708865.99
000858.SZ,2022-06-21,34.5,34.56,34.53,34.33,658664931.31
300750.SZ,2022-06-21,47.52,47.53,47.68,46.31,1601637247.88
601318.SH,2022-06-21,26.89,26.95,27.77,26.56,910437914.64
000333.SZ,2022-06-21,17.42,17.57,18.15,17.21,739516124.53
600036.SH,2022-06-21,109.97,109.75,110.45,108.56,4493565225.25
002415.SZ,2022-06-21,9.18,9.17,9.28,9.0,198983088.86
600276.SH,2022-06-21,19.53,19.66,19.77,19.38,878630352.23
002594.SZ,2022-06-21,180.47,180.76,180.74,179.02,9015054090.87
601012.SH,2022-06-21,162.34,162.72,166.9,160.03,1300660193.81
600887.SH,2022-06-21,47.4,47.63,47.72,46.86,1007995062.97
000002.SZ,2022-06-21,282.42,282.34,287.12,277.22,1799488554.77
600519.SH,2022-06-22,308.27,306.27,312.13,304.12,9937629348.98
000858.SZ,2022-06-22,34.98,35.11,35.34,34.76,624345022.87
300750.SZ,2022-06-22,47.66,47.66,49.35,47.63,1804469855.66
601318.SH,2022-06-22,26.93,26.81,27.06,26.57,1053005101.07
000333.SZ,2022-06-22,17.53,17.51,18.31,17.29,467484820.6
600036.SH,2022-06-22,105.38,105.91,106.19,104.58,447552533.8
002415.SZ,2022-06-22,9.38,9.45,9.68,9.35,303767394.59
600276.SH,2022-06-22,19.34,19.33,19.46,18.87,495623497.94
002594.SZ,2022-06-22,180.71,178.54,181.29,178.11,1125943492.43
601012.SH,2022-06-22,164.19,164.56,165.84,162.65,7291897481.95
600887.SH,2022-06-22,44.28,44.09,44.54,44.01,1644283595.57
000002.SZ,2022-06-22,292.61,292.32,293.4,286.02,4117070025.93
600519.SH,2022-06-23,305.81,305.87,306.22,301.85,4015117896.95
000858.SZ,2022-06-23,35.49,35.71,35.81,34.99,1731397380.77
300750.SZ,2022-06-23,47.27,47.54,47.59,47.18,1902550495.56
601318.SH,2022-06-23,26.52,26.5,26.55,26.04,993125850.21
000333.SZ,2022-06-23,18.12,18.32,18.61,17.71,387989107.69
600036.SH,2022-06-23,102.26,101.28,103.2,100.3,2298023941.55
002415.SZ,2022-06-23,9.46,9.46,9.61,9.24,228908286.63
600276.SH,2022-06-23,19.09,19.03,19.41,18.75,880293875.6
002594.SZ,2022-06-23,183.13,182.24,186.06,178.74,2789353028.79
601012.SH,2022-06-23,167.97,168.48,169.11,166.95,4018401860.62
600887.SH,2022-06-23,45.07,44.93,45.37,43.67,1191994046.74
000002.SZ,2022-06-23,296.84,296.44,303.17,294.25,13684590993.52
600519.SH,2022-06-24,301.38,299.24,302.29,293.99,13962057304.93
000858.SZ,2022-06-24,35.29,35.42,35.32,34.9,1340633107.36
300750.SZ,2022-06-24,47.69,47.91,48.23,46.98,1049564914.67
601318.SH,2022-06-24,27.34,27.3,27.76,26.51,814831761.57
000333.SZ,2022-06-24,18.34,18.31,18.43,17.98,205405996.2
600036.SH,2022-06-24,101.83,101.63,102.57,101.33,1450215861.9
002415.SZ,2022-06-24,9.51,9.44,9.53,9.39,74182365.32
600276.SH,2022-06-24,19.54,19.43,19.64,19.36,879193730.79
002594.SZ,2022-06-24,185.36,185.48,185.41,182.37,8910646833.97
601012.SH,2022-06-24,171.83,173.05,174.23,169.21,3323835509.38
600887.SH,2022-06-24,44.64,44.47,45.74,43.92,1012214346.45
000002.SZ,2022-06-24,303.73,303.09,309.31,297.49,660252085.48
600519.SH,2022-06-27,298.83,298.55,303.1,297.7,1000666296.8
000858.SZ,2022-06-27,35.39,35.63,35.59,34.89,1399250905.54
300750.SZ,2022-06-27,48.4,48.87,49.55,47.88,2347135258.03
601318.SH,2022-06-27,26.44,26.58,26.58,25.88,281467901.17
000333.SZ,2022-06-27,18.23,18.12,18.25,17.88,656893453.75
600036.SH,2022-06-27,102.58,102.64,103.99,100.53,3967737554.85
002415.SZ,2022-06-27,9.56,9.49,9.58,9.2,218407860.13
600276.SH,2022-06-27,19.95,20.02,20.26,19.41,749206912.97
002594.SZ,2022-06-27,174.69,175.65,175.63,173.8,2322960898.19
601012.SH,2022-06-27,164.77,164.51,166.43,161.91,4554152106.46
600887.SH,2022-06-27,45.77,45.42,45.93,43.97,245725995.5
000002.SZ,2022-06-27,309.5,310.12,314.72,306.46,2242339168.24
600519.SH,2022-06-28,313.52,312.99,315.89,309.6,1350764504.45
000858.SZ,2022-06-28,35.3,35.68,35.84,35.25,1076809814.5
300750.SZ,2022-06-28,49.87,49.71,50.53,49.86,1719648080.43
601318.SH,2022-06-28,27.93,27.93,28.4,27.76,187102020.85
000333.SZ,2022-06-28,17.2,17.11,17.49,16.86,62955009.28
600036.SH,2022-06-28,98.38,98.86,99.03,98.34,2595141875.08
002415.SZ,2022-06-28,9.44,9.42,9.53,9.43,30322255.01
600276.SH,2022-06-28,19.26,19.26,19.29,19.25,145734356.74
002594.SZ,2022-06-28,181.4,182.32,184.77,180.07,7519869765.37
601012.SH,2022-06-28,163.76,164.48,167.9,159.56,358254068.1
600887.SH,2022-06-28,44.99,45.3,45.63,43.73,176607952.12
000002.SZ,2022-06-28,319.21,322.1,324.38,316.13,1117671905.77
600519.SH,2022-06-29,318.79,318.03,320.97,318.05,114459722.77
000858.SZ,2022-06-29,34.81,35.04,35.24,34.41,1073361312.65
300750.SZ,2022-06-29,50.75,51.14,51.6,48.67,718183529.18
601318.SH,2022-06-29,27.3,27.39,27.35,27.14,1096862175.21
000333.SZ,2022-06-29,16.91,16.92,17.17,16.74,629154699.88
600036.SH,2022-06-29,101.32,100.77,102.6,99.83,1311010763.67
002415.SZ,2022-06-29,9.25,9.33,9.52,9.14,292118193.92
600276.SH,2022-06-29,19.02,18.98,19.25,18.81,104950510.01
002594.SZ,2022-06-29,179.39,180.22,181.24,178.34,2943022999.43
601012.SH,2022-06-29,161.54,161.19,164.12,158.15,4812868322.67
600887.SH,2022-06-29,42.15,42.13,42.31,41.87,1558310619.18
000002.SZ,2022-06-29,306.93,307.96,308.49,305.81,7968203688.75
600519.SH,2022-06-30,320.16,321.02,320.75,316.22,10200826971.28
000858.SZ,2022-06-30,36.02,36.31,36.81,35.76,1706734354.86
300750.SZ,2022-06-30,51.64,51.13,53.03,50.05,763791546.05
601318.SH,2022-06-30,26.96,26.96,27.53,26.84,188745087.59
000333.SZ,2022-06-30,16.86,16.91,17.5,16.81,391233041.95
600036.SH,2022-06-30,97.12,97.34,97.86,95.57,2421998390.84
002415.SZ,2022-06-30,9.19,9.24,9.34,9.19,8547855.45
600276.SH,2022-06-30,18.92,18.93,19.08,18.82,759048383.14
002594.SZ,2022-06-30,176.83,177.27,178.25,176.35,3770585657.55
601012.SH,2022-06-30,164.02,163.19,164.53,159.52,2308737283.53
600887.SH,2022-06-30,42.59,42.46,42.63,41.85,27374880.07
000002.SZ,2022-06-30,311.31,311.2,316.8,307.93,713052085.13
600519.SH,2022-07-01,337.95,338.67,341.64,336.78,9791231508.77
000858.SZ,2022-07-01,36.52,36.54,36.93,36.16,822104139.42
300750.SZ,2022-07-01,49.12,49.2,49.51,48.37,2326971413.36
601318.SH,2022-07-01,26.03,26.16,26.22,25.29,1230597154.74
000333.SZ,2022-07-01,16.85,16.8,17.17,16.2,36622977.67
600036.SH,2022-07-01,95.01,95.58,95.44,93.41,4674573798.88
002415.SZ,2022-07-01,9.14,9.09,9.59,9.09,379595918.28
600276.SH,2022-07-01,19.6,19.67,19.75,19.28,260813283.39
002594.SZ,2022-07-01,177.27,176.97,179.83,173.13,1061884129.67
601012.SH,2022-07-01,159.14,159.4,161.09,154.4,3591042186.28
600887.SH,2022-07-01,44.13,44.04,44.55,43.06,471058725.73
000002.SZ,2022-07-01,309.89,310.44,312.98,305.17,13158066955.73
600519.SH,2022-07-04,337.67,337.79,340.5,337.03,7926939868.06
000858.SZ,2022-07-04,36.73,36.62,37.74,35.76,474855124.59
300750.SZ,2022-07-04,49.78,49.74,50.83,48.75,1913772543.57
601318.SH,2022-07-04,25.56,25.75,25.6,25.25,548942929.68
000333.SZ,2022-07-04,16.88,16.84,17.21,16.78,616178890.67
600036.SH,2022-07-04,98.01,97.76,98.17,97.17,499489753.95
002415.SZ,2022-07-04,9.42,9.41,9.56,9.3,454735758.52
600276.SH,2022-07-04,19.21,19.37,19.37,18.61,194800004.73
002594.SZ,2022-07-04,177.43,177.98,177.53,176.0,2220922254.87
601012.SH,2022-07-04,165.29,165.23,165.83,163.12,2034742420.37
600887.SH,2022-07-04,43.87,43.73,44.42,43.17,1699063892.07
000002.SZ,2022-07-04,299.63,295.56,311.06,297.91,11470732368.85
600519.SH,2022-07-05,332.37,333.52,340.2,330.35,14987186897.06
000858.SZ,2022-07-05,37.3,37.16,37.33,37.25,1468951037.94
300750.SZ,2022-07-05,49.67,49.74,50.81,49.32,581912302.35
601318.SH,2022-07-05,25.6,25.58,25.96,25.19,96101828.8
000333.SZ,2022-07-05,17.0,16.86,17.35,16.86,8510082.62
600036.SH,2022-07-05,97.38,96.89,99.94,95.85,569520660.92
002415.SZ,2022-07-05,9.55,9.62,9.66,9.35,400045751.38
600276.SH,2022-07-05,19.85,19.83,19.92,19.58,605869510.58
002594.SZ,2022-07-05,179.41,179.6,180.3,177.52,6485462626.38
601012.SH,2022-07-05,167.54,168.27,168.13,167.14,6502443795.57
600887.SH,2022-07-05,45.12,44.78,46.14,44.21,55577101.48
000002.SZ,2022-07-05,305.26,305.95,311.69,299.73,9253744245.26
600519.SH,2022-07-06,341.95,342.15,344.66,338.53,690656457.64
000858.SZ,2022-07-06,35.43,35.31,36.06,35.18,167051002.79
300750.SZ,2022-07-06,49.74,50.06,49.93,49.69,93069165.52
601318.SH,2022-07-06,25.87,25.96,26.14,25.8,970805354.32
000333.SZ,2022-07-06,16.95,16.92,17.16,16.82,545726263.89
600036.SH,2022-07-06,95.35,95.24,96.61,94.04,3978722490.81
002415.SZ,2022-07-06,9.52,9.47,9.54,9.49,187921814.86
600276.SH,2022-07-06,19.5,19.55,19.95,19.34,678106927.11
002594.SZ,2022-07-06,181.01,181.64,182.39,180.16,3086510555.63
601012.SH,2022-07-06,170.46,170.6,172.38,168.12,7274624471.71
600887.SH,2022-07-06,44.87,45.32,46.49,44.79,2191605095.9
000002.SZ,2022-07-06,313.53,314.74,316.47,306.61,4597183911.03
600519.SH,2022-07-07,337.63,337.28,338.32,325.91,4368344619.71
000858.SZ,2022-07-07,34.92,35.32,35.11,34.75,1642282077.3
300750.SZ,2022-07-07,49.87,49.7,49.89,49.13,1861199839.63
601318.SH,2022-07-07,25.62,25.54,25.9,25.46,928577916.53
000333.SZ,2022-07-07,17.38,17.33,17.77,17.09,757983228.21
600036.SH,2022-07-07,94.99,94.09,95.7,94.07,2258890429.79
002415.SZ,2022-07-07,9.65,9.65,9.91,9.57,65301762.66
600276.SH,2022-07-07,19.96,20.16,20.36,19.94,800103171.12
002594.SZ,2022-07-07,173.73,174.12,175.63,172.56,4906177162.71
601012.SH,2022-07-07,170.31,169.45,173.31,169.19,1607434417.84
600887.SH,2022-07-07,45.03,45.09,45.62,44.97,1467798859.82
000002.SZ,2022-07-07,299.21,298.89,299.63,296.96,170625372.13
600519.SH,2022-07-08,338.26,337.56,344.71,336.29,14037593302.04
000858.SZ,2022-07-08,34.77,34.82,35.4,34.66,1391799345.15
300750.SZ,2022-07-08,48.09,47.88,48.76,48.0,836094912.92
601318.SH,2022-07-08,26.49,26.46,26.63,26.01,510669701.79
000333.SZ,2022-07-08,17.44,17.54,17.75,17.02,188825790.7
600036.SH,2022-07-08,89.68,89.2,91.89,88.7,4154791383.24
002415.SZ,2022-07-08,9.54,9.54,9.56,9.54,61828189.2
600276.SH,2022-07-08,19.81,19.67,19.97,19.59,195095970.71
002594.SZ,2022-07-08,173.33,172.69,176.62,171.66,6012896809.49
601012.SH,2022-07-08,167.15,166.55,171.62,165.83,5589981694.82
600887.SH,2022-07-08,43.85,43.87,44.25,43.49,1165820652.68
000002.SZ,2022-07-08,301.22,302.23,305.62,294.31,1879118659.96
600519.SH,2022-07-11,330.26,332.96,330.27,326.27,2042286083.02
000858.SZ,2022-07-11,35.62,35.75,35.65,35.26,994034382.57
300750.SZ,2022-07-11,48.7,48.27,49.52,48.19,307031219.13
601318.SH,2022-07-11,26.66,26.5,27.02,26.44,413761335.62
000333.SZ,2022-07-11,17.2,17.22,17.5,17.11,801576457.09
600036.SH,2022-07-11,89.98,89.93,90.37,86.69,3978161687.8
002415.SZ,2022-07-11,9.56,9.58,9.86,9.46,40947288.36
600276.SH,2022-07-11,19.9,19.77,20.16,19.8,817001921.0
002594.SZ,2022-07-11,166.45,165.06,167.48,164.21,1337693130.6
601012.SH,2022-07-11,167.2,167.18,168.66,166.26,3558788095.89
600887.SH,2022-07-11,41.37,41.31,42.28,41.28,174346480.79
000002.SZ,2022-07-11,302.29,303.04,305.98,296.92,9328046607.23
600519.SH,2022-07-12,350.82,352.49,353.05,342.58,8361586468.06
000858.SZ,2022-07-12,34.78,34.72,34.98,34.03,822739668.11
300750.SZ,2022-07-12,47.74,47.64,48.29,47.13,330599029.17
601318.SH,2022-07-12,27.23,27.31,27.38,26.81,1285128046.49
000333.SZ,2022-07-12,16.85,16.87,16.87,16.59,88988682.88
600036.SH,2022-07-12,87.7,88.11,88.33,87.42,3215827636.11
002415.SZ,2022-07-12,9.51,9.47,9.77,9.41,409596434.68
600276.SH,2022-07-12,19.98,20.04,20.06,19.68,821242697.34
002594.SZ,2022-07-12,170.15,170.18,171.31,169.25,3256283000.02
601012.SH,2022-07-12,165.34,165.14,167.36,162.99,2592121366.32
600887.SH,2022-07-12,40.77,40.97,40.88,40.62,88075152.24
000002.SZ,2022-07-12,300.45,299.88,301.83,294.01,176707499.07
600519.SH,2022-07-13,344.79,344.92,358.99,344.79,6388738770.95
000858.SZ,2022-07-13,35.05,35.18,35.39,34.73,303867477.78
300750.SZ,2022-07-13,49.4,49.31,49.58,49.08,496123163.39
601318.SH,2022-07-13,26.67,26.55,27.27,26.21,980518275.79
000333.SZ,2022-07-13,16.37,16.38,16.71,16.27,549065334.86
600036.SH,2022-07-13,87.59,87.54,89.58,87.45,4175224272.26
002415.SZ,2022-07-13,9.38,9.34,9.64,9.22,137661728.62
600276.SH,2022-07-13,19.28,19.3,19.5,18.91,865219803.6
002594.SZ,2022-07-13,164.57,163.66,165.44,163.47,7313807660.47
601012.SH,2022-07-13,157.75,157.56,161.28,155.14,5905948666.96
600887.SH,2022-07-13,40.72,40.83,41.91,40.45,500881040.16
000002.SZ,2022-07-13,295.03,295.02,295.48,285.83,3293244630.76
600519.SH,2022-07-14,360.38,361.21,371.44,359.4,6015709137.06
000858.SZ,2022-07-14,35.42,35.3,35.47,34.83,897144303.58
300750.SZ,2022-07-14,48.16,47.8,49.17,47.92,1992944748.91
601318.SH,2022-07-14,25.95,25.97,26.01,25.89,933802319.07
000333.SZ,2022-07-14,16.19,16.12,16.36,15.89,545860675.42
600036.SH,2022-07-14,84.65,84.44,87.61,84.29,3015419275.26
002415.SZ,2022-07-14,9.36,9.26,9.51,9.19,174926423.21
600276.SH,2022-07-14,19.82,19.88,20.13,19.44,136417220.26
002594.SZ,2022-07-14,163.32,163.38,165.2,163.17,5795744447.5
601012.SH,2022-07-14,155.09,155.45,158.28,153.72,123852720.76
600887.SH,2022-07-14,38.73,38.74,39.19,38.1,998909421.01
000002.SZ,2022-07-14,284.3,283.58,285.7,278.84,10980131348.56
600519.SH,2022-07-15,361.33,361.51,361.51,354.07,2837741570.14
000858.SZ,2022-07-15,35.32,35.42,35.82,34.96,686378959.47
300750.SZ,2022-07-15,48.41,48.52,49.9,48.05,1640299703.09
601318.SH,2022-07-15,25.04,25.1,25.18,24.89,103993992.45
000333.SZ,2022-07-15,16.55,16.64,16.74,16.44,708513910.46
600036.SH,2022-07-15,83.63,83.13,85.12,83.19,3661028923.02
002415.SZ,2022-07-15,8.93,8.97,9.04,8.68,426730113.95
600276.SH,2022-07-15,19.28,19.28,19.55,19.22,406910203.3
002594.SZ,2022-07-15,160.78,161.74,160.93,158.28,3542502896.17
601012.SH,2022-07-15,154.87,154.69,156.99,151.64,990316362.58
600887.SH,2022-07-15,37.14,37.31,37.69,36.89,964366756.28
000002.SZ,2022-07-15,290.67,291.07,291.49,285.53,13184389468.65
600519.SH,2022-07-18,361.38,363.21,361.82,352.5,1486409958.68
000858.SZ,2022-07-18,36.08,36.21,36.43,35.97,374928228.08
300750.SZ,2022-07-18,50.17,50.42,51.23,49.57,620858353.61
601318.SH,2022-07-18,24.87,24.89,24.88,24.67,1207912322.01
000333.SZ,2022-07-18,16.29,16.29,16.66,16.15,653304175.39
600036.SH,2022-07-18,84.88,85.0,85.41,84.08,2091738230.11
002415.SZ,2022-07-18,8.55,8.54,8.59,8.38,137611334.32
600276.SH,2022-07-18,19.81,19.65,19.81,19.5,766985460.08
002594.SZ,2022-07-18,160.62,161.05,161.69,159.49,782605733.52
601012.SH,2022-07-18,153.3,153.59,154.66,150.8,1501560256.58
600887.SH,2022-07-18,36.11,36.14,36.32,36.01,521276456.51
000002.SZ,2022-07-18,281.32,277.94,281.69,277.53,2664833947.02
600519.SH,2022-07-19,358.75,358.69,359.58,342.32,7479769251.36
000858.SZ,2022-07-19,36.52,36.61,36.95,36.03,597243032.76
300750.SZ,2022-07-19,50.18,50.04,51.35,49.59,1779827636.61
601318.SH,2022-07-19,23.45,23.49,23.62,23.4,993720234.96
000333.SZ,2022-07-19,16.02,16.08,16.24,15.79,143025410.48
600036.SH,2022-07-19,86.01,85.65,86.15,83.28,3894969029.95
002415.SZ,2022-07-19,8.95,8.84,8.97,8.84,18748566.89
600276.SH,2022-07-19,19.74,19.72,19.76,19.64,760106969.14
002594.SZ,2022-07-19,162.23,161.93,163.63,162.02,452446501.83
601012.SH,2022-07-19,153.39,152.64,154.06,151.1,5321920703.06
600887.SH,2022-07-19,35.76,35.47,36.58,35.62,878617603.18
000002.SZ,2022-07-19,273.36,272.47,273.85,268.7,6737989664.03
600519.SH,2022-07-20,350.7,350.8,352.92,348.63,14063977564.89
000858.SZ,2022-07-20,35.31,35.42,35.92,34.28,1372226656.98
300750.SZ,2022-07-20,50.78,50.79,52.3,50.1,1972827324.15
601318.SH,2022-07-20,23.96,24.02,24.05,23.79,875476436.93
000333.SZ,2022-07-20,15.95,16.06,16.0,15.52,293513570.96
600036.SH,2022-07-20,84.69,84.96,84.97,81.6,3276384189.27
002415.SZ,2022-07-20,9.18,9.24,9.36,8.99,409432102.68
600276.SH,2022-07-20,20.85,20.69,20.94,19.98,460430520.45
002594.SZ,2022-07-20,155.22,154.86,157.54,154.83,6694786470.53
601012.SH,2022-07-20,155.61,155.93,158.42,153.46,1971759527.11
600887.SH,2022-07-20,35.9,35.57,36.49,35.9,934709250.7
000002.SZ,2022-07-20,275.69,273.35,277.07,275.57,195986186.96
600519.SH,2022-07-21,356.95,355.07,367.4,348.42,6008522312.42
000858.SZ,2022-07-21,36.69,36.75,36.7,36.34,1351019661.26
300750.SZ,2022-07-21,50.65,51.04,51.67,50.25,346773752.38
601318.SH,2022-07-21,25.26,25.45,25.38,25.23,103022897.82
000333.SZ,2022-07-21,15.49,15.57,15.51,15.44,279556612.42
600036.SH,2022-07-21,86.34,86.79,87.18,85.06,1158008424.23
002415.SZ,2022-07-21,8.85,8.8,8.86,8.81,207234597.5
600276.SH,2022-07-21,20.12,19.98,20.97,19.85,353031088.61
002594.SZ,2022-07-21,156.92,155.7,156.94,153.11,2799601151.92
601012.SH,2022-07-21,158.49,158.56,159.32,155.91,798431662.29
600887.SH,2022-07-21,35.4,35.45,35.56,34.77,522337659.13
000002.SZ,2022-07-21,279.68,278.74,287.38,276.23,783842174.74
600519.SH,2022-07-22,350.64,348.69,356.46,341.87,11209043864.41
000858.SZ,2022-07-22,37.72,37.6,38.2,37.49,42834023.04
300750.SZ,2022-07-22,48.8,49.2,50.24,48.59,502151449.55
601318.SH,2022-07-22,25.4,25.2,25.7,25.07,657538595.27
000333.SZ,2022-07-22,15.61,15.53,15.78,15.05,766876342.49
600036.SH,2022-07-22,86.84,87.36,87.83,86.36,85554190.08
002415.SZ,2022-07-22,8.86,8.87,9.17,8.75,284479123.82
600276.SH,2022-07-22,20.07,20.03,20.69,20.05,919131199.21
002594.SZ,2022-07-22,146.9,146.88,147.89,146.88,3261915314.04
601012.SH,2022-07-22,152.75,152.54,156.44,150.32,7625882121.7
600887.SH,2022-07-22,36.3,36.33,36.79,36.06,680262749.54
000002.SZ,2022-07-22,284.68,283.7,287.66,283.44,14084913127.56
600519.SH,2022-07-25,362.72,362.76,368.38,356.27,9809150044.0
000858.SZ,2022-07-25,37.8,37.24,38.11,36.48,1285883151.96
300750.SZ,2022-07-25,50.88,51.09,51.92,50.24,810781423.83
601318.SH,2022-07-25,25.33,25.34,25.72,25.27,563924281.08
000333.SZ,2022-07-25,16.02,16.13,16.18,15.79,302775394.8
600036.SH,2022-07-25,85.86,85.68,87.25,84.66,3682118682.77
002415.SZ,2022-07-25,8.74,8.71,8.9,8.7,123342333.96
600276.SH,2022-07-25,20.53,20.55,20.62,19.94,354951444.75
002594.SZ,2022-07-25,141.66,142.0,144.64,140.28,6230655261.39
601012.SH,2022-07-25,158.65,158.61,162.87,157.03,4578967034.27
600887.SH,2022-07-25,37.99,37.66,38.58,37.95,341700427.71
000002.SZ,2022-07-25,284.78,288.06,286.15,284.64,7415058816.92
600519.SH,2022-07-26,375.41,373.32,386.5,369.69,590850471.04
000858.SZ,2022-07-26,37.31,37.78,37.43,37.08,1265007142.07
300750.SZ,2022-07-26,50.59,50.84,50.74,50.57,2020109987.95
601318.SH,2022-07-26,25.49,25.75,25.53,25.22,262725725.75
000333.SZ,2022-07-26,15.81,15.82,15.93,15.35,348490219.23
600036.SH,2022-07-26,87.42,87.76,87.96,85.8,2112784142.74
002415.SZ,2022-07-26,8.94,8.95,9.01,8.8,394596691.48
600276.SH,2022-07-26,20.88,20.93,21.44,20.43,850648709.86
002594.SZ,2022-07-26,139.92,139.83,141.65,136.71,4270854995.11
601012.SH,2022-07-26,152.69,154.12,156.12,150.25,3786898213.61
600887.SH,2022-07-26,38.4,38.25,38.42,38.38,656646352.1
000002.SZ,2022-07-26,282.4,281.82,286.54,279.88,4778344174.35
600519.SH,2022-07-27,360.42,364.58,361.98,358.13,1478024608.4
000858.SZ,2022-07-27,36.21,36.03,36.72,35.56,1200498781.71
300750.SZ,2022-07-27,50.25,50.22,50.85,50.02,2262780558.78
601318.SH,2022-07-27,26.47,26.51,26.81,25.46,424024754.68
000333.SZ,2022-07-27,15.96,15.9,16.12,15.77,387361611.47
600036.SH,2022-07-27,85.54,85.58,86.65,85.46,2954212790.51
002415.SZ,2022-07-27,8.7,8.74,8.79,8.63,335401678.88
600276.SH,2022-07-27,20.37,20.37,20.56,20.1,380162337.97
002594.SZ,2022-07-27,136.42,136.42,138.7,133.97,850801427.31
601012.SH,2022-07-27,153.38,151.54,156.19,152.14,7419525965.79
600887.SH,2022-07-27,39.49,39.67,40.18,39.29,752152585.11
000002.SZ,2022-07-27,301.65,301.26,301.66,301.44,13015300474.02
600519.SH,2022-07-28,376.51,379.17,377.49,373.04,8277041984.92
000858.SZ,2022-07-28,35.79,35.79,36.39,35.08,1318995784.15
300750.SZ,2022-07-28,51.46,51.4,51.92,49.96,2442046343.75
601318.SH,2022-07-28,26.55,26.54,27.6,26.55,293357533.24
000333.SZ,2022-07-28,16.67,16.57,16.75,16.66,652980204.59
600036.SH,2022-07-28,86.68,86.23,87.32,83.98,1481407295.66
002415.SZ,2022-07-28,8.6,8.54,8.68,8.41,232852939.21
600276.SH,2022-07-28,20.87,20.96,21.36,20.73,868642856.59
002594.SZ,2022-07-28,133.79,133.14,135.21,132.9,1304587589.21
601012.SH,2022-07-28,151.05,150.08,151.72,149.65,4396521830.65
600887.SH,2022-07-28,39.2,39.33,39.85,38.57,54063748.35
000002.SZ,2022-07-28,299.78,299.04,301.79,295.13,5597096966.49
600519.SH,2022-07-29,357.1,360.25,357.79,347.87,5148851885.06
000858.SZ,2022-07-29,36.71,36.65,37.56,36.63,711787964.65
300750.SZ,2022-07-29,54.92,54.91,54.99,54.07,1152557879.22
601318.SH,2022-07-29,25.74,25.91,25.98,24.93,145958190.56
000333.SZ,2022-07-29,17.24,17.28,17.36,16.99,224261446.1
600036.SH,2022-07-29,83.05,82.99,83.89,82.05,1275991895.06
002415.SZ,2022-07-29,8.59,8.59,8.82,8.59,121383307.69
600276.SH,2022-07-29,20.45,20.44,20.69,20.28,756151983.37
002594.SZ,2022-07-29,134.48,134.18,135.64,133.89,4439150754.65
601012.SH,2022-07-29,153.1,154.07,154.37,152.44,6187654825.58
600887.SH,2022-07-29,37.95,37.95,38.57,36.36,292091756.24
000002.SZ,2022-07-29,298.7,298.77,300.95,293.91,7203582787.18
600519.SH,2022-08-01,363.86,364.38,364.59,363.64,15386807323.18
000858.SZ,2022-08-01,35.88,36.1,36.77,35.72,492079325.76
300750.SZ,2022-08-01,56.65,56.37,57.55,56.57,1105714358.86
601318.SH,2022-08-01,26.58,26.76,26.88,26.54,1161121174.55
000333.SZ,2022-08-01,17.04,17.07,17.4,17.03,174412560.15
600036.SH,2022-08-01,86.03,85.44,88.1,85.96,2270936152.04
002415.SZ,2022-08-01,8.17,8.2,8.32,8.13,163400998.77
600276.SH,2022-08-01,20.14,20.3,20.47,19.96,349280922.01
002594.SZ,2022-08-01,136.35,136.88,137.9,133.3,6591412836.63
601012.SH,2022-08-01,156.8,156.35,163.39,151.84,2743092715.19
600887.SH,2022-08-01,39.02,39.01,39.46,37.98,1240234297.14
000002.SZ,2022-08-01,306.17,306.81,309.43,300.56,3630468927.37
600519.SH,2022-08-02,364.4,362.36,366.11,363.84,2109452296.5
000858.SZ,2022-08-02,36.52,36.34,36.61,36.44,1720093722.09
300750.SZ,2022-08-02,56.72,56.7,58.61,55.68,2636699376.49
601318.SH,2022-08-02,25.62,25.73,25.84,25.52,1164250194.3
000333.SZ,2022-08-02,17.44,17.46,17.85,17.19,135718176.08
600036.SH,2022-08-02,87.3,87.45,87.55,85.98,2758290474.37
002415.SZ,2022-08-02,8.15,8.16,8.2,8.04,186707096.29
600276.SH,2022-08-02,19.86,19.9,20.4,19.8,535499591.43
002594.SZ,2022-08-02,143.06,142.39,144.26,142.27,3456134535.47
601012.SH,2022-08-02,153.22,152.06,154.06,153.05,4670081153.79
600887.SH,2022-08-02,39.11,38.95,39.7,39.05,1857122666.53
000002.SZ,2022-08-02,300.95,302.54,306.18,298.32,3291985348.56
600519.SH,2022-08-03,364.08,362.28,370.49,362.53,2903846113.22
000858.SZ,2022-08-03,37.57,37.85,37.59,37.01,107494115.66
300750.SZ,2022-08-03,57.33,57.35,57.82,56.02,1430700190.75
601318.SH,2022-08-03,25.44,25.42,25.58,25.32,683532558.52
000333.SZ,2022-08-03,17.8,17.81,17.93,17.53,351277828.84
600036.SH,2022-08-03,89.38,89.27,89.8,87.66,104549604.04
002415.SZ,2022-08-03,8.14,8.15,8.26,8.05,164563229.76
600276.SH,2022-08-03,19.66,19.67,19.76,19.3,468701058.1
002594.SZ,2022-08-03,140.53,140.96,142.23,139.95,92912423.29
601012.SH,2022-08-03,146.05,145.43,149.26,142.17,5166354809.02
600887.SH,2022-08-03,40.64,40.78,41.25,40.51,1575450478.22
000002.SZ,2022-08-03,295.77,294.42,296.04,294.76,9208289364.53
600519.SH,2022-08-04,353.71,351.92,357.07,346.32,12390679497.95
000858.SZ,2022-08-04,36.79,36.91,37.24,36.07,495235922.34
300750.SZ,2022-08-04,55.73,55.97,58.13,55.02,185759830.25
601318.SH,2022-08-04,26.15,25.87,26.16,26.06,659349443.03
000333.SZ,2022-08-04,17.77,17.71,17.81,17.72,244069259.24
600036.SH,2022-08-04,87.24,86.74,88.9,84.48,1408682576.19
002415.SZ,2022-08-04,7.98,8.06,8.0,7.9,285969404.39
600276.SH,2022-08-04,19.18,19.11,19.63,19.14,551055723.71
002594.SZ,2022-08-04,144.56,144.03,146.36,143.85,3110983899.46
601012.SH,2022-08-04,140.9,141.22,142.32,139.4,4759799496.64
600887.SH,2022-08-04,40.75,40.76,41.29,40.67,25379796.34
000002.SZ,2022-08-04,299.53,303.19,301.96,299.48,11616037308.89
600519.SH,2022-08-05,357.15,356.97,367.68,351.62,15595994199.66
000858.SZ,2022-08-05,37.02,37.05,37.64,36.98,1652997130.95
300750.SZ,2022-08-05,55.56,55.23,55.98,54.77,2492864250.55
601318.SH,2022-08-05,24.63,24.48,24.9,24.41,1072797373.05
000333.SZ,2022-08-05,17.77,17.69,18.02,17.16,459161923.68
600036.SH,2022-08-05,86.2,86.26,86.72,85.66,4123170271.63
002415.SZ,2022-08-05,7.72,7.76,7.75,7.7,236603750.8
600276.SH,2022-08-05,19.88,19.88,19.93,19.47,82218689.12
002594.SZ,2022-08-05,149.17,148.64,151.42,144.57,1645404281.79
601012.SH,2022-08-05,139.66,138.95,142.31,138.08,6041767486.85
600887.SH,2022-08-05,41.13,41.24,41.49,40.73,379187509.9
000002.SZ,2022-08-05,299.71,300.97,300.55,297.87,11142894498.65
600519.SH,2022-08-08,340.45,338.16,342.04,340.05,10599213505.54
000858.SZ,2022-08-08,36.64,36.71,36.75,35.93,1202932127.0
300750.SZ,2022-08-08,56.8,57.04,57.26,56.33,152482214.31
601318.SH,2022-08-08,24.58,24.53,24.88,24.47,718365939.47
000333.SZ,2022-08-08,17.34,17.32,17.38,16.91,584720132.11
600036.SH,2022-08-08,88.68,88.74,89.85,88.18,297233181.23
002415.SZ,2022-08-08,7.8,7.83,7.98,7.73,253929778.38
600276.SH,2022-08-08,19.31,19.52,19.46,19.25,822643760.48
002594.SZ,2022-08-08,147.12,146.83,150.46,146.04,3343167549.05
601012.SH,2022-08-08,138.25,138.25,138.42,137.82,2606103264.03
600887.SH,2022-08-08,40.14,40.18,40.56,39.92,632919021.54
000002.SZ,2022-08-08,305.55,305.44,314.78,302.86,12309839085.2
600519.SH,2022-08-09,336.01,333.55,340.24,332.13,8506079688.76
000858.SZ,2022-08-09,36.78,36.66,37.17,36.69,1436827227.35
300750.SZ,2022-08-09,59.36,59.45,60.04,59.14,1069849728.49
601318.SH,2022-08-09,24.18,24.21,24.49,23.52,677554133.34
000333.SZ,2022-08-09,16.87,16.88,16.98,16.57,46617814.15
600036.SH,2022-08-09,88.73,89.09,89.23,87.13,3304201557.84
002415.SZ,2022-08-09,7.71,7.67,7.73,7.69,26922584.64
600276.SH,2022-08-09,19.16,19.39,19.39,19.12,16690326.36
002594.SZ,2022-08-09,143.84,144.48,145.77,141.72,7120817461.89
601012.SH,2022-08-09,132.97,132.71,135.66,132.26,1252374502.7
600887.SH,2022-08-09,39.77,39.38,39.77,38.37,506988024.53
000002.SZ,2022-08-09,295.83,296.99,301.08,294.39,574785483.86
600519.SH,2022-08-10,326.92,326.16,328.6,318.44,11888610410.84
000858.SZ,2022-08-10,39.41,39.47,39.71,38.9,17274345.29
300750.SZ,2022-08-10,62.99,62.83,63.64,61.64,1140024533.14
601318.SH,2022-08-10,25.62,25.44,25.76,25.46,1140026585.08
000333.SZ,2022-08-10,16.75,16.78,17.18,16.71,350213993.93
600036.SH,2022-08-10,86.33,86.72,88.11,84.48,1873026458.73
002415.SZ,2022-08-10,7.82,7.93,7.94,7.61,241836146.85
600276.SH,2022-08-10,18.68,18.89,18.96,18.21,602030486.72
002594.SZ,2022-08-10,142.92,142.67,145.06,138.43,1531658636.43
601012.SH,2022-08-10,129.93,130.07,130.79,127.54,6285148046.41
600887.SH,2022-08-10,40.68,40.27,41.38,40.5,941117112.07
000002.SZ,2022-08-10,295.19,296.27,301.27,289.21,643273390.05
600519.SH,2022-08-11,329.73,330.94,339.03,322.13,12801530356.53
000858.SZ,2022-08-11,38.83,39.0,38.99,37.49,1569698503.37
300750.SZ,2022-08-11,62.71,62.87,62.76,62.07,2452302805.84
601318.SH,2022-08-11,24.48,24.57,25.28,24.46,942029937.91
000333.SZ,2022-08-11,16.71,16.69,16.89,16.63,85668037.88
600036.SH,2022-08-11,85.7,85.49,86.36,84.14,567813499.91
002415.SZ,2022-08-11,7.91,7.87,8.07,7.82,76608775.22
600276.SH,2022-08-11,18.47,18.55,18.7,18.21,723232978.3
002594.SZ,2022-08-11,139.44,140.61,140.62,134.9,3752130772.15
601012.SH,2022-08-11,130.25,130.32,131.5,129.37,6371232368.58
600887.SH,2022-08-11,42.18,42.18,42.96,42.17,653950671.66
000002.SZ,2022-08-11,294.28,294.04,294.88,291.42,12981926206.46
600519.SH,2022-08-12,344.58,343.24,344.96,341.78,5534890301.17
000858.SZ,2022-08-12,36.42,36.57,37.59,36.16,717386765.4
300750.SZ,2022-08-12,61.38,61.38,61.62,60.93,1702311604.89
601318.SH,2022-08-12,24.32,24.23,24.89,24.21,1103815881.05
000333.SZ,2022-08-12,16.17,16.1,16.27,15.87,440824834.18
600036.SH,2022-08-12,79.88,79.42,80.94,77.88,3456463675.47
002415.SZ,2022-08-12,7.92,7.94,7.94,7.89,215614185.15
600276.SH,2022-08-12,18.02,18.08,18.2,17.57,301221040.11
002594.SZ,2022-08-12,136.71,135.86,137.37,134.47,4250007974.33
601012.SH,2022-08-12,129.86,130.08,132.82,128.0,4025451643.23
600887.SH,2022-08-12,41.97,41.96,42.27,41.82,1092487419.9
000002.SZ,2022-08-12,289.85,291.6,291.26,286.09,10987875451.67
600519.SH,2022-08-15,350.09,348.05,357.01,346.78,7506514737.43
000858.SZ,2022-08-15,35.73,35.83,36.33,35.33,1062405910.39
300750.SZ,2022-08-15,63.15,63.15,64.2,61.3,1287891807.79
601318.SH,2022-08-15,25.08,25.14,25.55,24.53,1142256489.29
000333.SZ,2022-08-15,15.53,15.46,15.72,15.24,244720021.44
600036.SH,2022-08-15,78.17,78.76,79.18,76.41,2480076857.98
002415.SZ,2022-08-15,8.11,8.07,8.19,8.07,146690996.76
600276.SH,2022-08-15,17.45,17.37,17.63,17.29,523890095.26
002594.SZ,2022-08-15,134.81,135.05,136.08,134.12,906650842.11
601012.SH,2022-08-15,130.43,131.54,132.41,128.88,5446094702.35
600887.SH,2022-08-15,43.04,43.13,43.62,42.28,669564077.94
000002.SZ,2022-08-15,298.5,298.19,301.82,294.15,5869938619.17
600519.SH,2022-08-16,349.02,347.63,359.12,345.38,3830251647.92
000858.SZ,2022-08-16,36.23,36.19,36.89,35.12,1195335886.61
300750.SZ,2022-08-16,63.71,63.71,64.35,63.49,641088055.49
601318.SH,2022-08-16,26.11,26.07,26.23,25.88,564201018.3
000333.SZ,2022-08-16,15.54,15.61,16.05,15.43,394439515.81
600036.SH,2022-08-16,77.95,77.81,78.92,77.79,1782361895.07
002415.SZ,2022-08-16,8.07,8.11,8.26,7.88,92103093.98
600276.SH,2022-08-16,16.9,16.94,17.23,16.58,94644667.83
002594.SZ,2022-08-16,130.49,130.51,131.27,129.25,3643643819.15
601012.SH,2022-08-16,121.73,120.57,122.96,120.58,3330400696.51
600887.SH,2022-08-16,44.65,44.51,45.35,43.49,1478303073.35
000002.SZ,2022-08-16,313.28,312.36,318.14,308.72,11775904533.56
600519.SH,2022-08-17,334.17,333.33,341.31,332.11,5160032515.4
000858.SZ,2022-08-17,37.02,37.23,37.18,35.92,364444674.69
300750.SZ,2022-08-17,64.38,63.96,64.56,62.98,1121853864.69
601318.SH,2022-08-17,26.0,26.1,26.24,25.62,744233628.72
000333.SZ,2022-08-17,15.79,15.83,15.98,15.61,229363247.0
600036.SH,2022-08-17,77.79,77.78,78.14,77.3,1972016708.98
002415.SZ,2022-08-17,8.61,8.58,8.67,8.54,408673894.62
600276.SH,2022-08-17,17.29,17.39,17.37,17.2,797063831.47
002594.SZ,2022-08-17,127.99,127.31,128.16,127.44,438605015.24
601012.SH,2022-08-17,118.48,118.9,121.22,117.11,3978076524.5
600887.SH,2022-08-17,46.21,46.63,46.6,45.95,2103230629.42
000002.SZ,2022-08-17,311.36,310.33,312.75,307.46,15557622869.71
600519.SH,2022-08-18,332.52,328.3,333.14,331.97,13622858934.91
000858.SZ,2022-08-18,37.17,37.14,37.36,37.0,811294495.22
300750.SZ,2022-08-18,64.52,64.37,65.36,61.62,1135516699.59
601318.SH,2022-08-18,26.76,26.62,27.02,26.72,570792919.52
000333.SZ,2022-08-18,15.42,15.48,15.45,15.4,207102121.57
600036.SH,2022-08-18,73.35,73.2,74.25,72.4,64441412.78
002415.SZ,2022-08-18,8.5,8.52,8.5,8.37,279359426.02
600276.SH,2022-08-18,16.95,17.04,17.03,16.73,265337070.4
002594.SZ,2022-08-18,126.01,125.69,127.2,124.3,2068097743.23
601012.SH,2022-08-18,113.62,112.97,113.95,111.51,4872744314.93
600887.SH,2022-08-18,45.14,45.1,45.27,44.85,892157524.04
000002.SZ,2022-08-18,300.19,299.52,301.47,291.59,7781192377.96
600519.SH,2022-08-19,340.65,339.42,341.48,330.12,6538069952.49
000858.SZ,2022-08-19,36.18,36.13,36.82,36.01,1551880886.47
300750.SZ,2022-08-19,64.18,63.98,66.79,64.06,1910385246.96
601318.SH,2022-08-19,27.73,27.71,28.67,27.55,1092827022.89
000333.SZ,2022-08-19,15.3,15.29,15.52,15.3,18244998.76
600036.SH,2022-08-19,74.08,74.11,75.73,74.01,974821517.0
002415.SZ,2022-08-19,8.71,8.71,8.78,8.68,37239523.13
600276.SH,2022-08-19,17.21,17.19,17.39,17.19,47019895.54
002594.SZ,2022-08-19,124.24,124.63,126.62,122.12,872349664.43
601012.SH,2022-08-19,110.71,111.32,111.77,110.7,1153157091.39
600887.SH,2022-08-19,46.62,46.18,46.65,46.15,613548618.43
000002.SZ,2022-08-19,301.75,300.88,304.41,292.01,5839826417.49
600519.SH,2022-08-22,334.71,336.84,336.56,334.47,3554999734.29
000858.SZ,2022-08-22,35.88,36.01,36.06,35.61,1359993162.96
300750.SZ,2022-08-22,64.13,63.96,64.89,63.86,2546600655.37
601318.SH,2022-08-22,26.52,26.49,26.57,25.73,1274685745.71
000333.SZ,2022-08-22,15.49,15.34,15.68,15.44,76177568.18
600036.SH,2022-08-22,76.05,75.32,76.51,75.1,2339790158.69
002415.SZ,2022-08-22,8.57,8.55,8.6,8.46,27358208.89
600276.SH,2022-08-22,16.85,16.88,17.17,16.8,595912006.57
002594.SZ,2022-08-22,123.02,123.28,124.2,121.42,1598318766.23
601012.SH,2022-08-22,110.22,110.25,110.47,109.44,4699459608.6
600887.SH,2022-08-22,49.0,48.89,50.25,47.87,1719311047.47
000002.SZ,2022-08-22,308.31,306.41,312.73,306.37,11064591818.5
600519.SH,2022-08-23,336.38,340.96,338.69,333.73,4876758393.09
000858.SZ,2022-08-23,35.35,35.49,35.61,34.85,77874650.19
300750.SZ,2022-08-23,64.28,64.66,65.44,63.74,613783236.57
601318.SH,2022-08-23,26.41,26.37,26.43,26.03,612072451.52
000333.SZ,2022-08-23,15.05,15.09,15.12,14.93,431836130.96
600036.SH,2022-08-23,75.27,75.01,76.92,73.46,2130601808.11
002415.SZ,2022-08-23,8.67,8.68,8.71,8.41,140270519.0
600276.SH,2022-08-23,16.41,16.43,16.69,16.21,377036273.96
002594.SZ,2022-08-23,119.03,118.62,119.96,117.23,4824754795.04
601012.SH,2022-08-23,109.84,110.75,110.9,107.82,1836884624.7
600887.SH,2022-08-23,48.53,48.26,48.89,47.86,845351443.6
000002.SZ,2022-08-23,295.2,295.86,298.12,294.33,10859265925.1
600519.SH,2022-08-24,346.55,347.34,347.83,343.21,13179920894.05
000858.SZ,2022-08-24,36.4,36.46,36.61,35.78,651107468.26
300750.SZ,2022-08-24,67.67,67.81,69.37,67.53,1024158667.45
601318.SH,2022-08-24,26.12,26.04,26.14,25.85,1035817750.04
000333.SZ,2022-08-24,15.27,15.24,15.65,15.07,221375035.41
600036.SH,2022-08-24,77.62,78.21,79.45,77.54,902704706.53
002415.SZ,2022-08-24,8.8,8.75,8.87,8.73,159769517.45
600276.SH,2022-08-24,16.89,17.01,17.03,16.74,31962718.5
002594.SZ,2022-08-24,119.57,120.45,122.88,118.02,2038292542.99
601012.SH,2022-08-24,108.56,107.39,110.04,108.22,2666239507.52
600887.SH,2022-08-24,49.13,49.04,49.67,47.83,57009598.5
000002.SZ,2022-08-24,298.98,301.45,301.48,288.18,10827638131.63
600519.SH,2022-08-25,352.62,350.58,360.05,352.33,13211276019.91
000858.SZ,2022-08-25,37.41,37.31,38.83,37.15,892078721.93
300750.SZ,2022-08-25,67.97,67.66,69.91,67.66,3093262588.22
601318.SH,2022-08-25,25.99,26.0,26.25,25.93,28878073.38
000333.SZ,2022-08-25,15.73,15.74,15.83,15.53,755870470.99
600036.SH,2022-08-25,77.37,77.76,77.78,77.04,3146891972.47
002415.SZ,2022-08-25,8.62,8.59,8.67,8.56,392793174.33
600276.SH,2022-08-25,17.3,17.4,17.88,16.89,809287422.4
002594.SZ,2022-08-25,113.25,112.9,113.91,111.37,4230051556.59
601012.SH,2022-08-25,111.65,112.34,112.64,110.79,1141697438.14
600887.SH,2022-08-25,50.19,49.96,50.3,49.54,2095573119.8
000002.SZ,2022-08-25,299.13,299.43,303.52,295.62,6606449770.89
600519.SH,2022-08-26,362.86,359.72,365.95,361.49,12330710184.47
000858.SZ,2022-08-26,37.06,36.59,37.66,36.34,189394507.98
300750.SZ,2022-08-26,68.51,68.7,69.66,67.64,2421466298.19
601318.SH,2022-08-26,25.07,25.32,25.34,24.86,994709150.75
000333.SZ,2022-08-26,15.25,15.15,15.43,15.15,627363120.16
600036.SH,2022-08-26,78.27,78.87,78.97,77.97,144897797.0
002415.SZ,2022-08-26,8.54,8.56,8.62,8.41,75808570.59
600276.SH,2022-08-26,16.81,16.86,16.85,16.7,247741599.77
002594.SZ,2022-08-26,115.93,115.6,117.56,113.71,2726501519.55
601012.SH,2022-08-26,111.48,111.43,112.12,110.72,2130370671.53
600887.SH,2022-08-26,49.38,49.75,50.42,49.09,2437959526.05
000002.SZ,2022-08-26,298.06,299.13,298.72,297.68,9131579257.03
600519.SH,2022-08-29,376.69,375.19,380.7,374.91,13651472019.2
000858.SZ,2022-08-29,38.07,38.03,38.95,38.01,833370974.07
300750.SZ,2022-08-29,68.64,69.61,69.84,67.36,751208899.15
601318.SH,2022-08-29,25.49,25.41,25.67,25.46,726822953.47
000333.SZ,2022-08-29,15.04,14.94,15.41,14.91,729292389.62
600036.SH,2022-08-29,81.83,81.58,82.98,81.1,1595584537.51
002415.SZ,2022-08-29,8.82,8.87,9.12,8.64,4745380.79
600276.SH,2022-08-29,16.67,16.74,16.74,16.59,281886338.32
002594.SZ,2022-08-29,116.57,115.28,116.7,114.83,1278239583.14
601012.SH,2022-08-29,114.11,114.04,115.77,113.22,1908828165.99
600887.SH,2022-08-29,50.59,50.75,52.09,49.71,2062471524.04
000002.SZ,2022-08-29,305.72,306.11,309.44,302.85,6658833548.84
600519.SH,2022-08-30,383.33,379.68,388.26,373.02,15978408377.52
000858.SZ,2022-08-30,38.42,38.35,38.45,38.21,742404253.07
300750.SZ,2022-08-30,65.94,66.04,66.12,65.46,2846893275.04
601318.SH,2022-08-30,26.43,26.31,26.44,26.09,814791590.87
000333.SZ,2022-08-30,14.92,14.94,15.04,14.74,272172290.22
600036.SH,2022-08-30,82.37,82.09,82.88,80.38,329532063.56
002415.SZ,2022-08-30,8.82,8.79,8.94,8.78,91036757.98
600276.SH,2022-08-30,17.12,17.13,17.47,16.99,124626951.25
002594.SZ,2022-08-30,115.39,115.11,116.96,113.11,5710356799.7
601012.SH,2022-08-30,110.84,110.57,111.02,108.75,3384015952.74
600887.SH,2022-08-30,52.47,51.86,53.95,52.03,675191398.53
000002.SZ,2022-08-30,311.2,310.23,312.33,309.38,8841766283.86
600519.SH,2022-08-31,398.32,398.47,401.91,393.9,17328552275.87
000858.SZ,2022-08-31,38.4,38.5,38.96,38.15,816768612.94
300750.SZ,2022-08-31,66.53,66.18,67.85,66.44,363502037.42
601318.SH,2022-08-31,27.04,26.75,27.35,26.95,884228132.05
000333.SZ,2022-08-31,14.54,14.62,14.79,14.5,85227966.76
600036.SH,2022-08-31,79.22,78.68,81.4,77.07,2953606904.05
002415.SZ,2022-08-31,8.64,8.63,8.76,8.53,287666350.82
600276.SH,2022-08-31,16.85,16.88,16.96,16.49,404670757.35
002594.SZ,2022-08-31,120.59,120.54,121.65,119.12,1330947474.39
601012.SH,2022-08-31,118.01,117.66,118.6,117.66,1087274785.79
600887.SH,2022-08-31,52.23,52.3,52.85,51.43,1801644287.4
000002.SZ,2022-08-31,312.08,313.88,314.48,304.78,2807902848.62
600519.SH,2022-09-01,395.34,393.9,402.1,395.18,5745397427.71
000858.SZ,2022-09-01,38.18,38.15,38.2,37.47,163217983.82
300750.SZ,2022-09-01,67.13,67.04,68.52,66.16,3119201801.17
601318.SH,2022-09-01,27.29,27.44,27.52,26.56,1098968803.23
000333.SZ,2022-09-01,14.42,14.34,14.61,14.42,572509312.81
600036.SH,2022-09-01,79.04,78.79,80.23,78.63,3384695109.53
002415.SZ,2022-09-01,8.51,8.53,8.52,8.48,65601293.28
600276.SH,2022-09-01,16.55,16.52,16.64,16.14,323625860.27
002594.SZ,2022-09-01,119.45,120.58,120.91,119.04,3620578818.97
601012.SH,2022-09-01,120.11,119.38,121.18,120.03,3656054634.67
600887.SH,2022-09-01,52.89,53.08,53.77,52.04,656705741.89
000002.SZ,2022-09-01,308.14,308.3,309.57,306.55,12802897048.75
600519.SH,2022-09-02,405.13,404.8,407.35,396.5,4806160211.24
000858.SZ,2022-09-02,38.26,38.31,38.55,38.15,1618231767.98
300750.SZ,2022-09-02,68.77,68.98,69.24,68.72,1342801489.77
601318.SH,2022-09-02,27.17,27.16,27.38,26.62,636817250.3
000333.SZ,2022-09-02,15.08,15.01,15.11,14.7,150730406.06
600036.SH,2022-09-02,81.84,82.01,82.42,81.5,2804248536.89
002415.SZ,2022-09-02,8.67,8.66,8.76,8.59,376803872.27
600276.SH,2022-09-02,17.16,17.17,17.29,16.94,783164934.91
002594.SZ,2022-09-02,117.58,117.03,118.54,117.54,1131458923.7
601012.SH,2022-09-02,125.4,126.75,125.99,125.0,640769844.78
600887.SH,2022-09-02,51.29,51.52,51.73,51.2,1385733585.93
000002.SZ,2022-09-02,308.91,310.17,309.87,305.11,2204576305.67
600519.SH,2022-09-05,399.12,398.39,402.42,390.75,390792752.66
000858.SZ,2022-09-05,36.46,36.74,37.01,35.94,1817019469.78
300750.SZ,2022-09-05,66.58,66.28,67.71,66.09,826481912.08
601318.SH,2022-09-05,26.89,27.05,27.13,26.58,462370876.35
000333.SZ,2022-09-05,15.27,15.35,15.55,15.18,307043898.79
600036.SH,2022-09-05,81.13,81.2,83.44,79.83,800542750.52
002415.SZ,2022-09-05,8.88,8.97,9.03,8.84,335386530.92
600276.SH,2022-09-05,17.03,17.07,17.12,16.92,277930524.46
002594.SZ,2022-09-05,114.91,115.02,116.36,113.43,4735749636.21
601012.SH,2022-09-05,129.72,128.84,132.44,127.86,3690535819.54
600887.SH,2022-09-05,52.87,52.78,53.91,51.09,1208461277.11
000002.SZ,2022-09-05,307.16,309.46,322.99,302.04,3421235727.55
600519.SH,2022-09-06,383.23,384.51,390.88,367.23,7449792088.48
000858.SZ,2022-09-06,35.48,35.49,36.05,35.46,159944639.84
300750.SZ,2022-09-06,65.75,65.92,67.18,65.43,1067870446.87
601318.SH,2022-09-06,26.95,26.76,27.29,26.86,1320630474.56
000333.SZ,2022-09-06,15.74,15.73,15.74,15.27,12986291.19
600036.SH,2022-09-06,81.31,81.03,81.86,80.91,2582143048.4
002415.SZ,2022-09-06,8.95,9.01,9.0,8.86,387468372.27
600276.SH,2022-09-06,17.22,17.19,17.28,17.1,816671436.86
002594.SZ,2022-09-06,111.58,111.32,112.39,108.06,941730466.6
601012.SH,2022-09-06,133.44,132.76,136.39,132.1,1261790835.03
600887.SH,2022-09-06,54.9,55.37,56.33,54.85,786023624.62
000002.SZ,2022-09-06,311.34,312.69,315.04,308.19,10096474652.12
600519.SH,2022-09-07,398.25,398.56,406.41,390.24,7787661798.66
000858.SZ,2022-09-07,35.28,35.38,36.11,34.4,683715319.01
300750.SZ,2022-09-07,65.8,65.28,65.93,64.06,2275069346.54
601318.SH,2022-09-07,27.89,27.9,27.95,27.67,858702199.9
000333.SZ,2022-09-07,15.68,15.55,15.83,15.56,636591641.86
600036.SH,2022-09-07,80.11,79.15,80.13,80.06,2570212963.77
002415.SZ,2022-09-07,9.35,9.27,9.49,9.22,33842571.57
600276.SH,2022-09-07,17.16,17.24,17.29,17.0,82224750.47
002594.SZ,2022-09-07,109.4,109.13,109.6,109.25,5201668293.01
601012.SH,2022-09-07,133.47,132.84,136.71,132.95,5316104083.15
600887.SH,2022-09-07,51.99,51.66,52.28,51.44,1038572446.4
000002.SZ,2022-09-07,319.63,321.81,322.06,314.4,2965505153.03
600519.SH,2022-09-08,411.87,413.21,417.97,402.98,1513392816.63
000858.SZ,2022-09-08,34.2,34.09,34.35,33.35,968607784.27
300750.SZ,2022-09-08,64.73,64.64,64.98,63.49,2011058056.15
601318.SH,2022-09-08,29.2,29.12,29.46,28.54,1391663870.7
000333.SZ,2022-09-08,16.06,15.96,16.16,15.82,640323575.63
600036.SH,2022-09-08,79.48,79.23,80.97,79.07,766409276.46
002415.SZ,2022-09-08,9.32,9.36,9.58,9.28,445319670.71
600276.SH,2022-09-08,17.34,17.48,17.38,16.86,832631240.35
002594.SZ,2022-09-08,113.34,113.31,114.02,111.51,149985694.97
601012.SH,2022-09-08,136.12,136.35,136.73,135.19,1605422858.4
600887.SH,2022-09-08,52.75,52.27,53.01,52.08,875375435.49
000002.SZ,2022-09-08,318.16,319.74,319.66,316.61,10939921818.75
600519.SH,2022-09-09,427.97,426.94,430.01,421.11,3185672151.03
000858.SZ,2022-09-09,34.71,34.66,35.05,34.61,647300751.16
300750.SZ,2022-09-09,62.98,62.77,63.2,61.82,1135718911.48
601318.SH,2022-09-09,28.93,28.84,29.1,28.79,350916903.23
000333.SZ,2022-09-09,16.79,16.81,17.14,16.38,772150276.24
600036.SH,2022-09-09,75.91,75.92,76.0,73.79,1741499138.64
002415.SZ,2022-09-09,9.08,9.11,9.22,8.7,427630919.21
600276.SH,2022-09-09,17.59,17.64,17.67,17.41,8506449.38
002594.SZ,2022-09-09,113.0,112.56,113.45,111.02,4577666902.4
601012.SH,2022-09-09,132.32,133.15,132.51,128.55,2185843157.61
600887.SH,2022-09-09,48.16,48.03,49.19,47.95,1109013579.59
000002.SZ,2022-09-09,315.69,314.22,318.94,306.1,2476785019.3
600519.SH,2022-09-12,440.81,443.48,441.99,437.19,18617168240.92
000858.SZ,2022-09-12,33.86,34.1,34.47,33.16,1041536155.9
300750.SZ,2022-09-12,61.21,61.47,61.97,60.93,2580695050.09
601318.SH,2022-09-12,29.5,29.52,29.66,29.49,17814907.31
000333.SZ,2022-09-12,17.39,17.46,17.4,17.23,105571092.83
600036.SH,2022-09-12,74.28,74.16,74.4,73.83,2622324856.71
002415.SZ,2022-09-12,9.0,9.1,9.27,8.94,266322140.24
600276.SH,2022-09-12,16.93,16.81,16.93,16.76,530185241.37
002594.SZ,2022-09-12,113.05,115.11,113.22,113.03,5424136012.83
601012.SH,2022-09-12,129.91,129.39,131.42,129.4,1562675209.12
600887.SH,2022-09-12,47.98,48.16,48.53,47.54,1370286978.57
000002.SZ,2022-09-12,296.52,294.76,305.23,289.01,2131940646.7
600519.SH,2022-09-13,451.13,445.01,453.47,444.38,2554596943.3
000858.SZ,2022-09-13,32.32,32.09,32.36,32.11,612404109.78
300750.SZ,2022-09-13,59.17,59.28,60.48,58.7,2459201522.49
601318.SH,2022-09-13,29.34,29.39,29.87,29.27,486725073.89
000333.SZ,2022-09-13,16.52,16.65,16.97,16.38,111074821.55
600036.SH,2022-09-13,71.32,71.01,72.03,71.29,56769431.47
002415.SZ,2022-09-13,8.79,8.83,8.86,8.77,17404929.02
600276.SH,2022-09-13,16.16,16.09,16.71,16.07,142889279.14
002594.SZ,2022-09-13,111.11,111.42,112.31,110.82,724307150.65
601012.SH,2022-09-13,129.64,130.66,132.79,128.18,1373610970.57
600887.SH,2022-09-13,50.04,49.78,51.14,49.96,187972980.59
000002.SZ,2022-09-13,303.11,304.87,304.53,298.65,11939492197.19
600519.SH,2022-09-14,423.62,423.23,430.29,421.38,10164891562.42
000858.SZ,2022-09-14,32.16,32.05,32.29,31.9,1464660583.37
300750.SZ,2022-09-14,57.92,58.51,58.6,57.63,2410762963.32
601318.SH,2022-09-14,29.69,29.38,30.32,28.84,775429569.31
000333.SZ,2022-09-14,16.39,16.49,16.76,16.15,687852100.52
600036.SH,2022-09-14,71.98,71.56,73.23,71.57,3296237165.23
002415.SZ,2022-09-14,8.94,8.95,8.98,8.93,86256185.97
600276.SH,2022-09-14,16.01,16.03,16.01,15.83,271488165.65
002594.SZ,2022-09-14,106.58,106.89,110.74,104.67,89078188.49
601012.SH,2022-09-14,128.36,128.31,129.42,123.55,3457813905.59
600887.SH,2022-09-14,50.85,51.07,51.8,50.56,212073971.79
000002.SZ,2022-09-14,307.57,308.52,312.1,307.44,783797755.23
600519.SH,2022-09-15,421.85,419.82,423.7,415.73,18905811784.33
000858.SZ,2022-09-15,32.71,32.62,33.08,32.58,768093829.93
300750.SZ,2022-09-15,57.81,57.88,59.33,56.76,2468738513.72
601318.SH,2022-09-15,28.74,28.7,29.08,27.73,332115737.16
000333.SZ,2022-09-15,16.47,16.29,16.47,16.46,74555475.81
600036.SH,2022-09-15,73.52,73.18,74.63,72.02,2636199008.37
002415.SZ,2022-09-15,9.24,9.1,9.31,9.06,86099500.2
600276.SH,2022-09-15,15.78,15.78,16.34,15.72,171350745.43
002594.SZ,2022-09-15,106.96,106.72,109.34,106.43,3368121003.96
601012.SH,2022-09-15,127.66,127.32,129.88,124.81,1929467800.72
600887.SH,2022-09-15,49.16,49.18,49.74,48.95,1144147003.25
000002.SZ,2022-09-15,310.18,311.64,312.91,307.39,12357798463.72
600519.SH,2022-09-16,412.2,410.85,413.88,401.88,364149338.37
000858.SZ,2022-09-16,32.79,32.64,33.0,32.76,742087479.8
300750.SZ,2022-09-16,56.88,56.42,57.1,56.77,26213168.8
601318.SH,2022-09-16,28.33,28.44,28.36,27.74,129068437.88
000333.SZ,2022-09-16,16.45,16.55,16.63,16.39,320934277.27
600036.SH,2022-09-16,73.7,74.09,74.67,72.9,1431038589.1
002415.SZ,2022-09-16,9.36,9.4,9.42,9.33,125906536.43
600276.SH,2022-09-16,15.63,15.53,15.99,15.41,421513117.2
002594.SZ,2022-09-16,106.26,107.06,107.75,102.62,2779438943.44
601012.SH,2022-09-16,128.89,128.64,130.05,127.7,3378265387.8
600887.SH,2022-09-16,48.66,48.71,48.91,48.09,959684962.06
000002.SZ,2022-09-16,310.5,311.45,315.68,304.26,3972864281.86
600519.SH,2022-09-19,406.48,406.41,411.89,395.42,6309953545.37
000858.SZ,2022-09-19,32.76,32.88,32.77,32.46,1296131608.17
300750.SZ,2022-09-19,58.08,58.13,58.95,57.32,448376538.48
601318.SH,2022-09-19,28.92,29.27,29.07,28.37,591943632.15
000333.SZ,2022-09-19,16.8,17.01,17.0,16.31,799669234.43
600036.SH,2022-09-19,75.98,75.54,77.73,75.72,3284118659.82
002415.SZ,2022-09-19,9.4,9.46,9.48,9.35,376961605.69
600276.SH,2022-09-19,16.02,16.03,16.42,15.82,738595648.57
002594.SZ,2022-09-19,105.45,105.48,107.15,103.84,1920771264.78
601012.SH,2022-09-19,132.2,132.69,133.5,131.73,2294525138.62
600887.SH,2022-09-19,49.61,49.98,50.04,48.65,2001840445.41
000002.SZ,2022-09-19,323.57,322.46,324.03,322.27,13989517612.2
600519.SH,2022-09-20,415.15,413.62,420.28,409.92,17271048670.55
000858.SZ,2022-09-20,33.33,33.06,33.86,32.17,642178589.41
300750.SZ,2022-09-20,58.56,58.76,58.96,58.24,1144852478.42
601318.SH,2022-09-20,28.57,28.46,28.95,28.47,1105039330.94
000333.SZ,2022-09-20,16.53,16.74,16.76,16.47,774809166.47
600036.SH,2022-09-20,77.62,77.43,79.03,77.47,2553149395.74
002415.SZ,2022-09-20,9.1,9.08,9.28,9.09,167682741.52
600276.SH,2022-09-20,16.66,16.61,16.97,16.49,673614229.63
002594.SZ,2022-09-20,106.05,106.42,109.16,105.0,1804923750.95
601012.SH,2022-09-20,134.3,135.27,135.48,132.56,2355154154.87
600887.SH,2022-09-20,50.84,50.7,52.48,50.28,885859585.47
000002.SZ,2022-09-20,325.76,325.66,329.72,317.96,8375826904.51
600519.SH,2022-09-21,414.51,414.47,416.44,412.23,8958554178.67
000858.SZ,2022-09-21,31.56,31.55,31.6,30.83,816539665.34
300750.SZ,2022-09-21,59.11,59.59,59.52,58.86,2819236964.35
601318.SH,2022-09-21,28.99,28.9,29.3,28.49,965477054.16
000333.SZ,2022-09-21,15.93,15.86,15.94,15.61,550976999.03
600036.SH,2022-09-21,78.04,78.61,79.88,78.0,860581481.5
002415.SZ,2022-09-21,9.08,9.03,9.17,9.05,128061022.36
600276.SH,2022-09-21,17.1,17.21,17.39,17.01,695671893.18
002594.SZ,2022-09-21,101.58,101.01,102.51,99.86,3336980508.2
601012.SH,2022-09-21,132.5,131.21,132.69,132.2,5908912528.04
600887.SH,2022-09-21,50.61,50.83,50.79,50.6,2111512184.27
000002.SZ,2022-09-21,318.88,318.92,324.15,317.17,10733995037.91
600519.SH,2022-09-22,416.65,417.79,424.35,410.06,3015155503.9
000858.SZ,2022-09-22,29.95,29.82,30.58,29.58,845322112.15
300750.SZ,2022-09-22,55.79,55.77,56.34,55.54,1661748231.66
601318.SH,2022-09-22,28.98,28.95,29.17,28.89,1109373561.13
000333.SZ,2022-09-22,16.16,16.17,16.41,16.12,152967995.08
600036.SH,2022-09-22,76.46,77.1,77.48,75.33,3627691238.7
002415.SZ,2022-09-22,9.17,9.23,9.27,9.06,443295508.31
600276.SH,2022-09-22,17.24,17.3,17.45,17.05,611952576.41
002594.SZ,2022-09-22,103.09,102.81,104.99,102.6,3645395453.51
601012.SH,2022-09-22,132.82,131.84,136.03,131.39,4579340781.1
600887.SH,2022-09-22,48.47,48.31,48.95,48.35,1490312507.07
000002.SZ,2022-09-22,319.04,321.01,324.39,316.32,1431753627.56
600519.SH,2022-09-23,418.18,417.57,420.32,414.57,3461061156.05
000858.SZ,2022-09-23,31.09,31.19,31.9,30.79,58097226.98
300750.SZ,2022-09-23,53.73,54.05,53.97,53.01,911522518.91
601318.SH,2022-09-23,30.66,30.64,30.78,30.41,454827441.76
000333.SZ,2022-09-23,16.13,16.15,16.22,16.12,602122323.36
600036.SH,2022-09-23,74.46,73.8,74.71,73.1,2457120535.56
002415.SZ,2022-09-23,9.11,9.15,9.19,8.9,393651842.44
600276.SH,2022-09-23,17.73,17.7,18.18,17.4,101656279.61
002594.SZ,2022-09-23,103.28,102.72,104.16,100.05,4328649639.11
601012.SH,2022-09-23,130.39,130.95,133.88,128.45,155859145.13
600887.SH,2022-09-23,49.33,49.36,50.74,48.81,2118209452.65
000002.SZ,2022-09-23,327.01,324.36,330.39,313.21,12224419672.99
600519.SH,2022-09-26,418.45,415.04,421.48,406.53,389524103.39
000858.SZ,2022-09-26,32.43,32.59,32.75,32.16,865678597.86
300750.SZ,2022-09-26,56.59,56.52,57.11,56.02,2130991192.83
601318.SH,2022-09-26,28.82,28.94,28.96,28.2,695338222.71
000333.SZ,2022-09-26,16.16,16.16,16.23,16.14,248140072.52
600036.SH,2022-09-26,77.95,77.9,78.12,76.96,2556798747.01
002415.SZ,2022-09-26,9.23,9.21,9.52,9.14,29859962.61
600276.SH,2022-09-26,18.4,18.38,18.41,17.6,796158740.28
002594.SZ,2022-09-26,104.81,104.44,105.54,103.18,542487180.31
601012.SH,2022-09-26,125.74,125.26,128.65,125.0,1193363308.08
600887.SH,2022-09-26,48.58,48.63,49.38,47.71,189053094.37
000002.SZ,2022-09-26,327.1,326.21,331.48,322.45,10495376663.32
600519.SH,2022-09-27,432.64,435.73,434.32,428.39,17285180235.22
000858.SZ,2022-09-27,32.4,32.24,32.75,32.22,724067912.44
300750.SZ,2022-09-27,55.94,55.99,56.01,55.57,2105898163.97
601318.SH,2022-09-27,28.44,28.41,28.62,27.65,576222775.51
000333.SZ,2022-09-27,16.24,16.31,16.28,16.19,47612952.97
600036.SH,2022-09-27,78.39,78.2,80.04,78.35,139553235.23
002415.SZ,2022-09-27,9.76,9.72,9.79,9.75,475434103.22
600276.SH,2022-09-27,18.34,18.16,18.38,18.29,737845603.44
002594.SZ,2022-09-27,101.61,101.65,102.89,100.18,4283774649.29
601012.SH,2022-09-27,127.75,128.05,128.08,124.87,275809557.26
600887.SH,2022-09-27,48.93,49.26,49.58,48.25,1064121314.99
000002.SZ,2022-09-27,328.69,327.52,332.12,318.55,3106291403.43
600519.SH,2022-09-28,425.13,426.33,431.11,421.25,19581601698.31
000858.SZ,2022-09-28,32.79,32.77,32.97,32.05,527598941.58
300750.SZ,2022-09-28,55.29,55.16,55.4,55.16,1088270460.6
601318.SH,2022-09-28,28.08,28.23,28.14,26.98,934493355.49
000333.SZ,2022-09-28,16.01,16.06,16.34,15.9,224659299.83
600036.SH,2022-09-28,80.35,81.18,81.14,80.25,3119745180.51
002415.SZ,2022-09-28,9.42,9.42,9.57,9.14,198520287.13
600276.SH,2022-09-28,18.31,18.22,18.93,18.22,856606316.47
002594.SZ,2022-09-28,100.99,100.51,102.22,100.72,598496276.23
601012.SH,2022-09-28,130.19,130.6,130.38,127.88,1027868773.52
600887.SH,2022-09-28,48.74,48.55,49.5,47.82,90636884.29
000002.SZ,2022-09-28,336.35,336.24,341.1,335.96,14605998794.01
600519.SH,2022-09-29,417.22,419.27,419.87,414.03,15652326698.26
000858.SZ,2022-09-29,33.16,33.29,33.64,33.01,498607607.27
300750.SZ,2022-09-29,55.7,56.07,56.38,55.51,1583872051.81
601318.SH,2022-09-29,28.15,28.22,28.2,27.63,181819909.91
000333.SZ,2022-09-29,16.64,16.57,16.95,16.54,288899946.65
600036.SH,2022-09-29,81.46,81.41,82.06,80.1,3972823447.04
002415.SZ,2022-09-29,9.49,9.49,9.55,9.33,187102429.61
600276.SH,2022-09-29,18.82,18.79,18.85,18.43,258987460.6
002594.SZ,2022-09-29,102.02,101.48,102.66,100.73,4799385008.54
601012.SH,2022-09-29,129.44,129.49,129.89,126.91,4269185528.87
600887.SH,2022-09-29,49.94,50.53,50.87,49.67,1343033311.7
000002.SZ,2022-09-29,355.3,355.38,366.54,340.35,16951535624.94
600519.SH,2022-09-30,411.61,412.63,418.04,405.77,1166069704.32
000858.SZ,2022-09-30,33.71,33.64,34.24,33.38,1340093111.75
300750.SZ,2022-09-30,55.92,55.78,56.71,55.77,2570954488.17
601318.SH,2022-09-30,28.23,28.12,28.59,28.12,992975105.68
000333.SZ,2022-09-30,15.87,15.79,16.26,15.25,321002686.61
600036.SH,2022-09-30,80.21,80.4,80.49,79.85,845457261.03
002415.SZ,2022-09-30,9.3,9.31,9.42,9.16,148489984.06
600276.SH,2022-09-30,19.51,19.49,19.67,19.37,131061026.31
002594.SZ,2022-09-30,99.22,99.17,99.77,97.73,630550609.24
601012.SH,2022-09-30,133.81,132.99,135.96,131.9,3246973027.81
600887.SH,2022-09-30,48.79,49.17,49.14,48.66,1044882124.35
000002.SZ,2022-09-30,353.93,351.35,356.75,342.32,4511915480.25
600519.SH,2022-10-03,407.67,409.62,417.12,407.08,327123409.21
000858.SZ,2022-10-03,33.26,33.19,33.31,32.8,396569219.75
300750.SZ,2022-10-03,53.77,53.71,53.88,52.29,903600959.34
601318.SH,2022-10-03,29.23,29.22,29.32,28.98,568261027.3
000333.SZ,2022-10-03,16.32,16.36,16.38,15.71,306255540.78
600036.SH,2022-10-03,82.66,82.63,83.69,81.16,3042274793.32
002415.SZ,2022-10-03,9.53,9.49,9.66,9.29,444627414.91
600276.SH,2022-10-03,19.96,20.01,20.09,19.89,542862407.08
002594.SZ,2022-10-03,102.34,103.12,105.15,101.17,2375419063.21
601012.SH,2022-10-03,131.32,132.38,132.29,130.36,542132814.3
600887.SH,2022-10-03,49.51,49.64,49.63,49.49,132164045.01
000002.SZ,2022-10-03,366.97,364.49,369.8,352.25,4688231760.08
600519.SH,2022-10-04,411.46,413.23,412.35,407.93,14094086322.49
000858.SZ,2022-10-04,33.13,33.01,33.15,32.37,361390819.0
300750.SZ,2022-10-04,52.62,52.44,52.83,52.22,2615728512.62
601318.SH,2022-10-04,29.05,28.99,29.09,28.89,1150877834.55
000333.SZ,2022-10-04,16.14,16.08,16.33,15.8,213110925.46
600036.SH,2022-10-04,76.53,76.23,77.6,76.41,1966553338.45
002415.SZ,2022-10-04,9.65,9.68,9.65,9.43,240323772.31
600276.SH,2022-10-04,20.73,20.62,21.3,20.07,470887202.12
002594.SZ,2022-10-04,104.0,103.84,105.14,103.56,565850263.62
601012.SH,2022-10-04,131.97,132.28,133.3,130.19,4129782495.49
600887.SH,2022-10-04,48.63,48.62,49.25,48.11,848660508.37
000002.SZ,2022-10-04,364.97,363.17,372.27,363.01,566559703.28
600519.SH,2022-10-05,426.11,428.1,428.53,422.88,9980247364.65
000858.SZ,2022-10-05,32.01,31.82,32.07,31.86,668840479.35
300750.SZ,2022-10-05,55.62,55.88,56.04,53.62,1399000207.84
601318.SH,2022-10-05,27.97,28.2,28.5,27.86,775179650.64
000333.SZ,2022-10-05,16.49,16.52,16.67,16.48,790814784.93
600036.SH,2022-10-05,75.29,74.91,75.32,74.66,1998346081.01
002415.SZ,2022-10-05,9.54,9.54,9.62,9.37,83223142.69
600276.SH,2022-10-05,19.63,19.57,19.7,19.42,557397667.7
002594.SZ,2022-10-05,106.52,107.14,107.05,106.17,212963023.65
601012.SH,2022-10-05,133.45,133.11,134.21,133.25,4380662714.74
600887.SH,2022-10-05,49.97,50.32,50.05,49.66,960638620.44
000002.SZ,2022-10-05,360.64,360.6,361.5,355.92,15156502306.58
600519.SH,2022-10-06,440.59,439.88,450.19,438.16,216661511.03
000858.SZ,2022-10-06,32.18,32.28,32.28,31.23,729034418.16
300750.SZ,2022-10-06,55.41,55.3,55.46,55.17,491915372.81
601318.SH,2022-10-06,27.64,27.65,28.07,27.54,658959487.34
000333.SZ,2022-10-06,17.01,16.97,17.52,16.8,138184797.03
600036.SH,2022-10-06,76.01,75.99,76.87,75.83,2025174048.07
002415.SZ,2022-10-06,9.65,9.51,9.88,9.6,394363666.26
600276.SH,2022-10-06,18.91,19.07,19.07,18.9,930821438.73
002594.SZ,2022-10-06,106.42,105.66,107.07,105.67,2382187784.47
601012.SH,2022-10-06,130.17,130.57,133.92,128.53,1546689365.31
600887.SH,2022-10-06,48.98,48.98,49.91,48.7,1038418235.39
000002.SZ,2022-10-06,344.11,343.95,344.46,335.37,10380248171.63
600519.SH,2022-10-07,447.33,445.2,452.81,444.4,20391797581.83
000858.SZ,2022-10-07,32.11,32.19,32.53,31.21,242351307.81
300750.SZ,2022-10-07,55.44,55.7,55.68,54.3,546287718.93
601318.SH,2022-10-07,26.97,26.97,27.43,26.56,30906661.56
000333.SZ,2022-10-07,17.1,17.04,17.16,16.79,283179891.58
600036.SH,2022-10-07,74.16,74.62,75.29,74.01,3348903915.72
002415.SZ,2022-10-07,9.63,9.55,9.71,9.57,346892582.67
600276.SH,2022-10-07,19.22,19.07,19.3,19.05,809285039.44
002594.SZ,2022-10-07,107.47,107.45,110.02,106.01,5102956062.48
601012.SH,2022-10-07,132.16,133.06,133.39,129.76,2902399025.26
600887.SH,2022-10-07,48.18,48.55,49.02,47.33,2396991909.9
000002.SZ,2022-10-07,327.58,329.53,330.48,318.73,3480001754.18
600519.SH,2022-10-10,450.67,450.12,453.84,443.95,7180491424.45
000858.SZ,2022-10-10,31.27,31.5,31.35,30.78,363292505.67
300750.SZ,2022-10-10,55.03,55.7,55.75,54.25,592374640.01
601318.SH,2022-10-10,26.19,26.17,26.24,26.15,750873835.52
000333.SZ,2022-10-10,17.01,17.04,17.23,16.88,405928049.65
600036.SH,2022-10-10,75.43,75.03,76.66,74.24,2623664436.08
002415.SZ,2022-10-10,9.56,9.55,9.57,9.48,289983511.78
600276.SH,2022-10-10,18.64,18.76,18.78,18.53,695687456.03
002594.SZ,2022-10-10,107.92,108.23,109.73,107.02,4610154072.74
601012.SH,2022-10-10,133.11,133.26,135.52,132.4,3258819272.81
600887.SH,2022-10-10,48.23,48.0,48.53,48.13,1539106346.41
000002.SZ,2022-10-10,330.05,327.2,335.29,327.62,6270954672.76
600519.SH,2022-10-11,464.85,463.43,469.12,464.73,17070965547.84
000858.SZ,2022-10-11,32.58,32.57,33.01,32.12,661270255.49
300750.SZ,2022-10-11,56.04,55.89,56.52,55.95,675803984.86
601318.SH,2022-10-11,25.97,25.55,26.19,25.84,434603340.17
000333.SZ,2022-10-11,17.17,17.21,17.19,17.06,801941638.45
600036.SH,2022-10-11,72.85,72.94,72.96,72.84,167789926.48
002415.SZ,2022-10-11,9.57,9.63,9.57,9.52,27239940.8
600276.SH,2022-10-11,19.52,19.56,19.56,19.03,43359202.49
002594.SZ,2022-10-11,107.83,107.23,108.93,104.84,276042115.91
601012.SH,2022-10-11,133.14,134.64,133.59,132.93,2834674008.46
600887.SH,2022-10-11,47.31,47.54,47.64,47.25,222297790.96
000002.SZ,2022-10-11,339.42,339.16,345.62,338.24,4497863706.9
600519.SH,2022-10-12,461.79,459.68,463.16,451.64,17765574249.03
000858.SZ,2022-10-12,32.85,32.74,33.11,32.67,75377527.16
300750.SZ,2022-10-12,55.58,55.38,56.04,55.49,1751542930.04
601318.SH,2022-10-12,25.2,25.05,25.62,25.19,542726949.96
000333.SZ,2022-10-12,17.1,17.2,17.17,16.99,18692849.76
600036.SH,2022-10-12,71.05,70.96,71.52,70.18,552129774.6
002415.SZ,2022-10-12,9.41,9.38,9.68,9.15,447942910.08
600276.SH,2022-10-12,19.25,19.27,19.47,19.02,804253611.57
002594.SZ,2022-10-12,112.53,113.33,113.49,112.07,5107586241.68
601012.SH,2022-10-12,135.36,135.02,137.93,133.84,6388048319.24
600887.SH,2022-10-12,47.71,47.56,48.05,47.58,1031431377.51
000002.SZ,2022-10-12,334.25,331.51,336.16,328.33,6353071925.98
600519.SH,2022-10-13,469.05,466.39,475.09,463.11,9683711090.87
000858.SZ,2022-10-13,32.75,32.54,32.91,32.56,274309393.41
300750.SZ,2022-10-13,57.3,57.26,57.3,55.44,44369792.42
601318.SH,2022-10-13,25.07,25.08,25.16,24.83,1179553665.35
000333.SZ,2022-10-13,17.85,17.79,17.91,17.54,88729492.49
600036.SH,2022-10-13,70.67,70.65,70.71,69.89,2869755752.12
002415.SZ,2022-10-13,9.44,9.45,9.52,9.33,313107041.06
600276.SH,2022-10-13,19.03,19.17,19.23,18.98,458657684.11
002594.SZ,2022-10-13,112.51,112.74,116.09,111.93,5605726903.49
601012.SH,2022-10-13,132.11,131.83,132.4,130.57,305934317.91
600887.SH,2022-10-13,46.36,46.3,46.65,45.69,1251580792.35
000002.SZ,2022-10-13,320.53,320.59,328.3,316.35,1287715309.09
600519.SH,2022-10-14,459.42,459.18,461.52,453.05,2024056845.4
000858.SZ,2022-10-14,32.0,32.01,32.58,31.95,611866294.54
300750.SZ,2022-10-14,57.74,57.6,58.28,57.25,625973125.88
601318.SH,2022-10-14,24.68,24.62,25.57,24.42,628370114.96
000333.SZ,2022-10-14,17.79,17.72,17.89,17.3,571759066.2
600036.SH,2022-10-14,73.03,73.73,74.91,71.45,828270898.48
002415.SZ,2022-10-14,9.58,9.7,9.68,9.5,252261135.43
600276.SH,2022-10-14,18.3,18.37,18.49,18.04,340197882.48
002594.SZ,2022-10-14,113.71,113.8,115.58,111.58,633507054.87
601012.SH,2022-10-14,134.17,134.76,135.46,133.55,4864486928.08
600887.SH,2022-10-14,46.22,46.32,46.56,45.14,652411953.86
000002.SZ,2022-10-14,313.09,313.95,313.31,307.27,10001978608.46
600519.SH,2022-10-17,463.81,467.23,464.88,461.79,11770146485.51
000858.SZ,2022-10-17,31.81,31.76,32.04,30.8,476711784.67
300750.SZ,2022-10-17,58.16,58.69,59.47,57.88,2765908613.82
601318.SH,2022-10-17,25.05,25.13,25.13,23.9,569521613.85
000333.SZ,2022-10-17,17.98,18.15,18.2,17.32,225786735.36
600036.SH,2022-10-17,72.16,71.93,72.84,71.11,144106498.72
002415.SZ,2022-10-17,9.2,9.24,9.24,9.09,363489148.1
600276.SH,2022-10-17,18.35,18.4,18.5,18.07,170205505.84
002594.SZ,2022-10-17,113.41,113.21,113.74,112.45,2207516667.2
601012.SH,2022-10-17,133.68,133.77,135.06,131.85,2104950587.53
600887.SH,2022-10-17,46.62,46.93,47.91,45.73,1748247973.9
000002.SZ,2022-10-17,317.42,316.0,318.35,317.02,1866412117.81
600519.SH,2022-10-18,451.56,447.73,456.64,433.69,8702718804.62
000858.SZ,2022-10-18,32.5,32.52,32.64,32.33,1332674735.85
300750.SZ,2022-10-18,58.7,58.82,59.13,57.14,2074081012.03
601318.SH,2022-10-18,25.17,25.05,25.49,25.14,543502664.32
000333.SZ,2022-10-18,18.02,18.04,18.36,17.99,291171660.84
600036.SH,2022-10-18,76.15,76.65,77.9,76.02,760851342.71
002415.SZ,2022-10-18,9.31,9.37,9.35,9.23,293256528.19
600276.SH,2022-10-18,18.32,18.32,18.63,18.13,473643577.59
002594.SZ,2022-10-18,108.97,108.31,110.32,108.27,2359724741.62
601012.SH,2022-10-18,132.85,133.45,132.85,131.1,1835330100.1
600887.SH,2022-10-18,47.21,47.01,47.58,47.01,411167518.13
000002.SZ,2022-10-18,307.5,309.79,314.97,303.15,8743085217.37
600519.SH,2022-10-19,450.12,450.33,460.08,446.86,17425274501.25
000858.SZ,2022-10-19,32.63,32.75,32.93,32.52,1359623974.28
300750.SZ,2022-10-19,59.88,59.45,60.16,59.47,1106240525.69
601318.SH,2022-10-19,24.23,24.03,24.87,23.59,309516905.73
000333.SZ,2022-10-19,17.95,17.94,18.07,17.9,465477263.37
600036.SH,2022-10-19,75.74,75.65,76.26,74.95,2114655733.8
002415.SZ,2022-10-19,9.31,9.21,9.4,9.1,420580149.78
600276.SH,2022-10-19,18.52,18.42,19.3,18.22,866848255.21
002594.SZ,2022-10-19,111.41,111.99,113.92,108.68,1615345192.83
601012.SH,2022-10-19,136.56,136.98,140.45,136.48,4281433445.16
600887.SH,2022-10-19,50.29,50.52,51.95,48.51,228222285.49
000002.SZ,2022-10-19,309.35,309.31,310.38,307.67,15069301604.5
600519.SH,2022-10-20,455.49,454.53,456.39,449.91,4011960033.81
000858.SZ,2022-10-20,32.54,32.55,33.1,32.42,358510097.37
300750.SZ,2022-10-20,59.79,60.02,60.1,57.02,320687840.46
601318.SH,2022-10-20,23.7,23.8,23.79,23.6,323989933.99
000333.SZ,2022-10-20,17.88,17.86,17.89,17.46,783667169.16
600036.SH,2022-10-20,74.55,74.79,75.25,74.1,3108109695.99
002415.SZ,2022-10-20,9.02,9.01,9.1,8.83,265895009.68
600276.SH,2022-10-20,18.61,18.72,18.61,18.57,88813938.02
002594.SZ,2022-10-20,109.91,110.08,111.03,109.36,897604431.45
601012.SH,2022-10-20,137.32,136.36,139.12,135.01,5936998661.17
600887.SH,2022-10-20,49.96,50.2,50.64,49.11,372109054.83
000002.SZ,2022-10-20,313.41,313.79,315.03,306.84,11145702788.83
600519.SH,2022-10-21,472.13,474.11,474.04,461.92,17519986281.3
000858.SZ,2022-10-21,32.99,33.11,33.44,32.74,947172139.26
300750.SZ,2022-10-21,59.29,59.81,60.4,58.32,585953618.83
601318.SH,2022-10-21,23.49,23.34,24.21,23.05,730306516.73
000333.SZ,2022-10-21,17.98,17.88,18.09,17.08,865559237.75
600036.SH,2022-10-21,73.81,74.17,74.87,73.0,2740815868.76
002415.SZ,2022-10-21,8.95,8.92,9.11,8.89,7561536.67
600276.SH,2022-10-21,19.15,19.02,19.35,19.13,903084503.56
002594.SZ,2022-10-21,110.75,111.56,112.81,109.51,3142030208.93
601012.SH,2022-10-21,135.77,136.27,139.35,134.97,3947330861.68
600887.SH,2022-10-21,50.22,50.13,50.3,49.66,1551135363.84
000002.SZ,2022-10-21,312.66,313.78,318.25,307.53,8987661905.26
600519.SH,2022-10-24,466.39,465.14,468.05,464.8,10589519301.48
000858.SZ,2022-10-24,33.21,33.03,34.15,33.05,1348650228.13
300750.SZ,2022-10-24,58.72,58.26,59.43,57.51,2324388222.99
601318.SH,2022-10-24,23.15,23.36,23.66,22.9,431142162.45
000333.SZ,2022-10-24,18.31,18.23,18.48,17.95,832973985.79
600036.SH,2022-10-24,72.6,72.45,73.84,72.52,2513558629.56
002415.SZ,2022-10-24,9.26,9.28,9.45,8.96,147933016.83
600276.SH,2022-10-24,18.57,18.59,18.6,18.28,125174500.59
002594.SZ,2022-10-24,112.09,111.85,113.14,108.92,1263922865.95
601012.SH,2022-10-24,137.18,137.38,137.34,134.87,1947654818.02
600887.SH,2022-10-24,50.69,51.0,51.31,50.29,1270132448.14
000002.SZ,2022-10-24,315.13,316.78,317.2,310.4,7056667049.82
600519.SH,2022-10-25,477.17,475.33,484.25,471.99,9634798379.15
000858.SZ,2022-10-25,33.01,32.96,33.04,32.18,259312294.97
300750.SZ,2022-10-25,58.2,59.13,58.68,57.76,727636679.53
601318.SH,2022-10-25,22.97,22.95,23.28,22.97,917245422.7
000333.SZ,2022-10-25,19.23,19.18,19.58,19.13,853373832.16
600036.SH,2022-10-25,70.74,70.34,73.76,70.42,2745433555.89
002415.SZ,2022-10-25,9.52,9.58,9.58,9.46,357951474.7
600276.SH,2022-10-25,18.19,18.11,18.3,17.94,688562704.4
002594.SZ,2022-10-25,113.65,114.3,114.35,112.97,192169138.76
601012.SH,2022-10-25,141.04,142.3,143.32,139.42,495742676.94
600887.SH,2022-10-25,49.17,49.06,50.11,49.06,467218847.7
000002.SZ,2022-10-25,308.32,306.74,309.33,306.68,11429539875.51
600519.SH,2022-10-26,487.79,488.12,493.97,481.12,12025912062.6
000858.SZ,2022-10-26,34.02,33.87,34.46,33.67,1086768533.33
300750.SZ,2022-10-26,57.37,57.61,57.5,57.33,325826551.68
601318.SH,2022-10-26,23.99,23.85,24.56,23.76,353296163.06
000333.SZ,2022-10-26,19.11,19.03,19.15,18.93,194576645.96
600036.SH,2022-10-26,71.45,71.32,72.78,70.11,2589460514.44
002415.SZ,2022-10-26,9.82,9.89,9.88,9.55,310359080.05
600276.SH,2022-10-26,17.86,17.99,17.95,17.41,860996128.74
002594.SZ,2022-10-26,118.43,118.47,118.67,117.6,3940252098.19
601012.SH,2022-10-26,138.48,138.22,142.57,136.95,1717792402.21
600887.SH,2022-10-26,49.08,49.21,49.66,48.61,156408109.33
000002.SZ,2022-10-26,305.49,304.21,308.32,299.78,7817429924.54
600519.SH,2022-10-27,516.39,517.31,518.94,515.61,15773125556.8
000858.SZ,2022-10-27,34.06,34.22,34.16,33.78,1516995326.55
300750.SZ,2022-10-27,58.65,58.53,58.7,57.45,2738522549.99
601318.SH,2022-10-27,24.7,24.69,24.91,24.67,99573705.47
000333.SZ,2022-10-27,18.92,19.01,19.14,18.87,34879545.35
600036.SH,2022-10-27,73.1,73.02,74.04,72.57,3173496566.04
002415.SZ,2022-10-27,9.75,9.71,9.87,9.65,235738263.37
600276.SH,2022-10-27,17.1,17.29,17.25,16.56,239636797.52
002594.SZ,2022-10-27,117.4,117.67,118.79,117.17,5788284649.85
601012.SH,2022-10-27,138.72,139.0,142.7,137.65,6476418092.11
600887.SH,2022-10-27,46.36,46.19,47.14,44.58,702511784.91
000002.SZ,2022-10-27,296.56,298.79,299.57,293.74,6106731348.17
600519.SH,2022-10-28,515.65,517.02,526.75,511.5,10654444339.37
000858.SZ,2022-10-28,34.45,34.53,34.63,33.96,36234413.08
300750.SZ,2022-10-28,59.61,59.37,59.85,59.46,2395896763.43
601318.SH,2022-10-28,24.7,24.78,24.72,24.69,1213764344.92
000333.SZ,2022-10-28,18.61,18.69,18.75,18.37,751534471.39
600036.SH,2022-10-28,74.19,74.44,75.08,72.94,3132726942.44
002415.SZ,2022-10-28,9.42,9.37,9.57,9.23,387585088.37
600276.SH,2022-10-28,17.41,17.42,17.44,17.32,694003008.13
002594.SZ,2022-10-28,112.99,113.8,116.32,112.35,1560091628.47
601012.SH,2022-10-28,141.96,143.61,144.76,140.33,2255145128.04
600887.SH,2022-10-28,45.34,45.31,45.46,44.8,2184093742.85
000002.SZ,2022-10-28,308.26,308.39,308.43,306.43,8040824345.43
600519.SH,2022-10-31,510.41,515.58,514.32,500.83,15359438341.98
000858.SZ,2022-10-31,33.93,33.84,33.97,33.11,619687413.45
300750.SZ,2022-10-31,58.11,58.15,58.69,57.79,105966896.8
601318.SH,2022-10-31,25.07,25.04,25.44,24.73,1085413252.35
000333.SZ,2022-10-31,18.06,17.86,18.35,17.88,680403464.47
600036.SH,2022-10-31,73.75,73.58,74.6,73.56,1744522314.01
002415.SZ,2022-10-31,9.53,9.59,9.56,9.32,308641449.24
600276.SH,2022-10-31,17.03,17.12,17.42,16.59,82508425.45
002594.SZ,2022-10-31,110.46,110.18,111.22,107.99,845553036.81
601012.SH,2022-10-31,140.22,139.76,140.42,135.07,2750112974.89
600887.SH,2022-10-31,43.82,43.51,45.84,43.26,794409213.05
000002.SZ,2022-10-31,302.84,304.27,302.89,300.55,14875415298.1
600519.SH,2022-11-01,510.45,512.72,518.4,504.95,18983030899.82
000858.SZ,2022-11-01,32.63,32.19,33.16,31.98,1484969664.82
300750.SZ,2022-11-01,58.15,58.3,59.91,56.57,2205813441.69
601318.SH,2022-11-01,25.13,25.24,25.33,24.96,1160753533.79
000333.SZ,2022-11-01,18.16,18.13,18.29,17.97,518705175.35
600036.SH,2022-11-01,73.77,74.06,74.89,73.73,2517904480.64
002415.SZ,2022-11-01,8.97,8.97,8.98,8.93,212423335.69
600276.SH,2022-11-01,16.66,16.63,17.08,16.3,125804693.77
002594.SZ,2022-11-01,111.37,111.58,116.09,110.97,4077064391.39
601012.SH,2022-11-01,139.71,140.02,140.27,139.04,2616659438.8
600887.SH,2022-11-01,42.6,42.52,42.91,42.56,1533680168.69
000002.SZ,2022-11-01,314.93,311.82,317.57,301.84,11001554968.64
600519.SH,2022-11-02,526.51,523.49,536.61,521.2,18234786475.62
000858.SZ,2022-11-02,31.52,30.99,31.72,31.42,1251103809.57
300750.SZ,2022-11-02,57.96,57.89,58.28,57.41,1543940681.8
601318.SH,2022-11-02,25.48,25.34,25.66,25.33,684241474.73
000333.SZ,2022-11-02,18.9,18.95,19.07,18.4,93134090.3
600036.SH,2022-11-02,69.88,69.7,70.07,69.36,1709453675.5
002415.SZ,2022-11-02,9.12,9.13,9.26,9.0,317899933.06
600276.SH,2022-11-02,16.51,16.41,16.87,16.5,530124245.1
002594.SZ,2022-11-02,111.87,112.09,112.51,111.62,787394348.77
601012.SH,2022-11-02,138.73,138.26,139.52,137.8,3009973790.99
600887.SH,2022-11-02,44.38,43.95,44.78,44.28,1656884407.73
000002.SZ,2022-11-02,330.43,328.8,332.48,327.26,4874184506.07
600519.SH,2022-11-03,523.11,529.21,523.2,519.86,14187242045.12
000858.SZ,2022-11-03,30.8,30.44,31.43,30.71,429653526.04
300750.SZ,2022-11-03,61.68,61.22,61.99,60.94,846749177.27
601318.SH,2022-11-03,25.76,25.8,26.08,25.6,756235383.3
000333.SZ,2022-11-03,18.4,18.39,18.46,18.34,322995173.85
600036.SH,2022-11-03,71.88,71.67,72.24,71.15,467004506.27
002415.SZ,2022-11-03,9.08,9.07,9.18,8.98,330233267.36
600276.SH,2022-11-03,16.38,16.36,16.82,15.97,303204675.54
002594.SZ,2022-11-03,114.87,115.71,116.28,113.52,2779118263.09
601012.SH,2022-11-03,132.82,132.08,134.2,132.09,916576716.69
600887.SH,2022-11-03,45.44,45.33,45.54,45.12,2071791411.77
000002.SZ,2022-11-03,332.08,333.71,336.15,329.96,11851675352.91
600519.SH,2022-11-04,527.98,530.2,533.06,527.13,5195297028.73
000858.SZ,2022-11-04,30.97,31.0,31.21,30.53,196105140.67
300750.SZ,2022-11-04,59.15,58.97,59.62,58.67,1534843210.9
601318.SH,2022-11-04,25.28,25.25,25.45,25.18,150308548.66
000333.SZ,2022-11-04,18.58,18.63,18.88,18.55,222220074.1
600036.SH,2022-11-04,72.84,71.83,73.34,71.8,492524494.83
002415.SZ,2022-11-04,9.07,9.19,9.19,8.97,10559654.26
600276.SH,2022-11-04,15.7,15.63,15.98,15.66,4950889.65
002594.SZ,2022-11-04,114.16,112.94,114.2,113.94,4723603374.12
601012.SH,2022-11-04,130.23,130.38,131.93,128.08,38443861.09
600887.SH,2022-11-04,44.59,44.51,45.45,44.54,773248153.89
000002.SZ,2022-11-04,336.22,335.12,336.6,329.72,3583370842.34
600519.SH,2022-11-07,532.23,531.84,541.42,531.48,22518236292.41
000858.SZ,2022-11-07,29.81,29.73,30.05,29.68,132267214.48
300750.SZ,2022-11-07,58.98,59.42,59.11,58.48,1658344931.22
601318.SH,2022-11-07,25.65,25.78,25.87,24.94,1074559034.2
000333.SZ,2022-11-07,18.68,18.53,18.89,18.39,232657979.23
600036.SH,2022-11-07,72.56,71.87,72.96,70.94,2683556658.02
002415.SZ,2022-11-07,9.08,9.08,9.17,9.04,81611403.8
600276.SH,2022-11-07,15.25,15.26,15.28,15.18,4903489.67
002594.SZ,2022-11-07,119.6,119.2,121.24,118.32,4620563415.9
601012.SH,2022-11-07,130.71,130.81,131.45,130.15,2277469583.8
600887.SH,2022-11-07,43.64,43.86,44.14,43.26,1106867604.99
000002.SZ,2022-11-07,320.85,322.12,325.64,316.93,9406798651.72
600519.SH,2022-11-08,508.9,509.56,512.98,504.56,3023716472.11
000858.SZ,2022-11-08,29.36,29.19,29.84,28.76,208450841.26
300750.SZ,2022-11-08,60.53,60.73,61.26,60.33,2917117912.48
601318.SH,2022-11-08,25.29,25.32,25.82,24.99,1222722117.16
000333.SZ,2022-11-08,18.56,18.54,18.78,18.19,103727414.02
600036.SH,2022-11-08,70.75,71.14,73.02,70.64,835701951.78
002415.SZ,2022-11-08,9.42,9.39,9.72,9.4,60072118.8
600276.SH,2022-11-08,16.11,16.05,16.31,15.81,534621394.93
002594.SZ,2022-11-08,111.48,111.74,111.59,110.6,2826736737.75
601012.SH,2022-11-08,129.56,130.34,130.86,129.39,4927028760.18
600887.SH,2022-11-08,44.2,43.99,46.03,43.28,1197500453.72
000002.SZ,2022-11-08,324.93,323.89,328.59,319.13,1238947519.07
600519.SH,2022-11-09,502.6,500.33,519.11,499.95,20682618920.29
000858.SZ,2022-11-09,29.02,28.94,29.31,28.42,1302378847.29
300750.SZ,2022-11-09,61.58,61.25,63.43,59.95,2474182896.42
601318.SH,2022-11-09,26.26,26.11,26.72,26.01,578405258.46
000333.SZ,2022-11-09,17.74,17.81,17.97,17.0,533136136.17
600036.SH,2022-11-09,69.55,69.83,70.85,68.8,2590992491.22
002415.SZ,2022-11-09,9.53,9.57,9.57,9.48,430216860.29
600276.SH,2022-11-09,15.7,15.85,15.79,15.62,733066581.78
002594.SZ,2022-11-09,109.99,110.18,111.16,107.33,486623060.0
601012.SH,2022-11-09,133.91,133.62,136.12,129.26,6233984850.29
600887.SH,2022-11-09,44.53,44.38,45.09,44.5,2189579256.53
000002.SZ,2022-11-09,320.78,324.47,325.01,315.04,8707378326.28
600519.SH,2022-11-10,508.82,509.97,510.1,506.46,22941190074.07
000858.SZ,2022-11-10,28.05,28.11,28.65,27.51,978065421.59
300750.SZ,2022-11-10,61.86,61.89,63.15,61.48,2196184804.63
601318.SH,2022-11-10,26.57,26.66,26.74,26.43,944097351.38
000333.SZ,2022-11-10,18.28,18.23,18.61,18.15,361209434.8
600036.SH,2022-11-10,70.69,70.86,71.39,70.12,430330400.15
002415.SZ,2022-11-10,9.57,9.57,9.67,9.46,474133376.14
600276.SH,2022-11-10,15.64,15.65,15.65,15.27,443802183.69
002594.SZ,2022-11-10,109.36,109.61,109.65,106.63,1364332335.12
601012.SH,2022-11-10,138.07,138.99,138.92,136.65,1883556884.06
600887.SH,2022-11-10,45.93,46.04,46.46,45.78,1890778259.51
000002.SZ,2022-11-10,325.26,328.89,328.09,318.61,9898164765.36
600519.SH,2022-11-11,509.52,508.8,512.74,501.61,16931148948.14
000858.SZ,2022-11-11,27.46,27.38,27.55,27.34,619516721.89
300750.SZ,2022-11-11,59.8,59.99,60.28,59.71,2700556089.79
601318.SH,2022-11-11,26.28,26.46,26.83,26.14,282678763.47
000333.SZ,2022-11-11,18.65,18.55,18.97,18.28,28494237.24
600036.SH,2022-11-11,71.01,70.91,72.49,70.97,182175076.8
002415.SZ,2022-11-11,9.88,9.97,9.96,9.86,290065112.57
600276.SH,2022-11-11,15.57,15.57,15.81,15.4,469946031.03
002594.SZ,2022-11-11,104.96,104.86,105.93,101.67,459669876.07
601012.SH,2022-11-11,135.76,135.51,140.83,134.82,1154723171.3
600887.SH,2022-11-11,46.91,46.97,47.46,46.8,560956335.33
000002.SZ,2022-11-11,327.42,324.32,331.75,326.07,5534997088.79
600519.SH,2022-11-14,511.33,512.71,520.34,506.78,576226497.47
000858.SZ,2022-11-14,27.44,27.32,27.74,27.18,153724745.16
300750.SZ,2022-11-14,59.07,58.79,59.51,58.79,2377411954.19
601318.SH,2022-11-14,26.72,26.76,27.26,26.69,1108768984.23
000333.SZ,2022-11-14,18.41,18.5,18.45,18.34,533944533.12
600036.SH,2022-11-14,71.75,72.16,72.36,70.94,1915318920.72
002415.SZ,2022-11-14,9.89,9.87,9.92,9.7,215393643.2
600276.SH,2022-11-14,14.95,15.06,14.97,14.75,661311438.52
002594.SZ,2022-11-14,109.05,109.45,109.32,107.15,4326195345.29
601012.SH,2022-11-14,134.97,135.16,135.21,132.9,3706247666.54
600887.SH,2022-11-14,47.91,47.91,48.0,47.02,1777510117.5
000002.SZ,2022-11-14,332.39,330.26,343.41,321.12,11727270679.02
600519.SH,2022-11-15,511.27,510.52,515.47,503.79,16077466381.56
000858.SZ,2022-11-15,27.14,27.21,27.23,26.68,1054296392.78
300750.SZ,2022-11-15,59.4,59.75,60.4,57.81,518145892.74
601318.SH,2022-11-15,26.37,26.62,26.62,25.96,152634992.24
000333.SZ,2022-11-15,18.03,17.95,18.38,17.94,665665004.53
600036.SH,2022-11-15,70.87,70.74,71.34,70.75,1289314638.04
002415.SZ,2022-11-15,9.48,9.49,9.5,9.2,148051415.18
600276.SH,2022-11-15,14.58,14.58,14.6,14.34,571320830.15
002594.SZ,2022-11-15,108.71,108.74,109.02,108.65,764581825.71
601012.SH,2022-11-15,136.91,137.91,139.69,136.53,6037163388.03
600887.SH,2022-11-15,45.51,45.47,45.79,45.21,799534260.01
000002.SZ,2022-11-15,336.53,337.73,341.16,322.68,9574976405.32
600519.SH,2022-11-16,528.48,530.92,529.49,526.1,15180611350.48
000858.SZ,2022-11-16,27.75,27.72,27.81,27.7,1172956803.29
300750.SZ,2022-11-16,61.45,61.9,61.56,61.32,1807426283.8
601318.SH,2022-11-16,25.59,25.79,25.92,25.55,826112648.84
000333.SZ,2022-11-16,17.61,17.56,17.92,17.4,330457948.99
600036.SH,2022-11-16,68.4,68.9,68.91,67.46,847051013.13
002415.SZ,2022-11-16,9.81,9.86,9.92,9.66,363245382.87
600276.SH,2022-11-16,15.38,15.21,15.56,14.78,610903088.62
002594.SZ,2022-11-16,104.4,104.13,105.93,102.27,2542583894.41
601012.SH,2022-11-16,136.41,137.05,137.6,132.63,4399079636.28
600887.SH,2022-11-16,44.01,44.25,45.58,43.93,1687335897.18
000002.SZ,2022-11-16,320.89,323.95,327.31,320.12,177082108.62
600519.SH,2022-11-17,516.15,518.25,519.55,512.78,3424674132.44
000858.SZ,2022-11-17,28.79,28.76,28.89,28.68,682012379.91
300750.SZ,2022-11-17,60.71,60.4,61.01,60.07,1896134850.97
601318.SH,2022-11-17,26.12,26.29,26.13,25.99,136761693.36
000333.SZ,2022-11-17,17.9,17.94,18.02,17.56,372653245.98
600036.SH,2022-11-17,67.01,67.4,67.6,64.89,2167173615.87
002415.SZ,2022-11-17,10.14,10.07,10.39,9.97,319316158.04
600276.SH,2022-11-17,14.97,14.97,15.39,14.83,257978887.37
002594.SZ,2022-11-17,103.09,102.11,103.18,102.31,2246010371.49
601012.SH,2022-11-17,137.99,139.17,139.11,135.18,1803838182.25
600887.SH,2022-11-17,43.7,43.85,44.24,43.66,1468586102.67
000002.SZ,2022-11-17,319.03,318.89,328.19,318.31,2069775445.9
600519.SH,2022-11-18,526.85,528.19,539.88,519.38,1563194131.75
000858.SZ,2022-11-18,29.63,29.78,30.07,28.86,1014293732.3
300750.SZ,2022-11-18,57.99,58.52,58.43,57.4,2130551645.94
601318.SH,2022-11-18,26.15,26.05,26.58,26.1,713169396.45
000333.SZ,2022-11-18,18.48,18.5,18.91,18.34,702746128.48
600036.SH,2022-11-18,69.69,69.87,70.15,68.95,1770274162.04
002415.SZ,2022-11-18,9.5,9.48,9.64,9.18,264409255.72
600276.SH,2022-11-18,14.69,14.64,14.83,14.66,79541672.22
002594.SZ,2022-11-18,103.36,102.71,103.47,102.32,1963501283.95
601012.SH,2022-11-18,136.62,136.41,137.53,136.24,1037008681.38
600887.SH,2022-11-18,44.51,44.36,46.0,43.96,1161312071.14
000002.SZ,2022-11-18,323.05,323.83,323.09,318.32,3161288848.86
600519.SH,2022-11-21,534.27,531.02,542.5,533.14,2614677615.86
000858.SZ,2022-11-21,29.47,29.54,29.49,28.91,1151948269.69
300750.SZ,2022-11-21,57.76,57.79,57.78,56.02,246978051.94
601318.SH,2022-11-21,26.77,26.75,27.03,25.96,1109865141.39
000333.SZ,2022-11-21,18.73,18.69,18.92,18.57,841000205.14
600036.SH,2022-11-21,70.3,69.82,71.97,69.74,359350343.24
002415.SZ,2022-11-21,9.53,9.58,9.64,9.32,139088711.97
600276.SH,2022-11-21,14.42,14.39,14.47,14.35,415148237.15
002594.SZ,2022-11-21,101.45,102.43,102.89,101.21,1740786878.04
601012.SH,2022-11-21,137.13,138.18,138.67,135.38,3003724893.75
600887.SH,2022-11-21,45.68,45.45,46.26,45.59,464171861.49
000002.SZ,2022-11-21,315.02,314.14,317.12,314.35,7663329537.46
600519.SH,2022-11-22,538.9,538.9,541.3,536.28,26179666980.3
000858.SZ,2022-11-22,29.77,29.91,29.85,29.56,1458205981.83
300750.SZ,2022-11-22,57.42,57.16,57.71,55.86,2071929266.38
601318.SH,2022-11-22,26.71,26.68,27.31,25.56,65715718.45
000333.SZ,2022-11-22,19.04,19.1,19.22,18.95,913738418.66
600036.SH,2022-11-22,68.96,69.18,71.63,67.23,1077468919.22
002415.SZ,2022-11-22,9.87,9.94,9.89,9.78,471874320.41
600276.SH,2022-11-22,13.8,13.91,13.85,13.73,413959201.48
002594.SZ,2022-11-22,103.17,102.65,104.66,102.87,364060870.37
601012.SH,2022-11-22,139.57,139.78,143.76,134.91,1140050671.0
600887.SH,2022-11-22,47.28,47.28,47.38,47.02,1612947502.66
000002.SZ,2022-11-22,299.11,297.12,299.46,297.63,12147033453.16
600519.SH,2022-11-23,524.87,523.04,527.48,506.37,18344186917.16
000858.SZ,2022-11-23,30.59,30.7,31.18,30.06,764270517.15
300750.SZ,2022-11-23,56.33,56.35,57.63,55.99,224292740.69
601318.SH,2022-11-23,26.7,26.7,26.85,26.57,1276066511.71
000333.SZ,2022-11-23,19.56,19.57,19.85,19.31,634820644.25
600036.SH,2022-11-23,67.15,67.24,68.43,66.77,2781499451.91
002415.SZ,2022-11-23,9.62,9.66,9.72,9.51,10976554.2
600276.SH,2022-11-23,13.46,13.5,13.72,13.38,142786197.56
002594.SZ,2022-11-23,103.12,102.99,104.02,100.77,2733789967.38
601012.SH,2022-11-23,137.03,137.3,139.08,133.06,5058673547.75
600887.SH,2022-11-23,47.37,47.59,47.4,47.24,1254727046.96
000002.SZ,2022-11-23,298.41,299.65,308.3,295.57,7351704239.33
600519.SH,2022-11-24,531.69,535.28,531.87,530.36,12327883666.37
000858.SZ,2022-11-24,30.1,29.94,30.21,29.72,323453215.28
300750.SZ,2022-11-24,57.13,56.9,58.05,56.56,736427088.86
601318.SH,2022-11-24,27.28,27.43,27.29,27.12,1191802665.36
000333.SZ,2022-11-24,20.01,20.02,20.28,19.98,583019944.7
600036.SH,2022-11-24,67.92,68.3,68.8,66.06,229836647.61
002415.SZ,2022-11-24,9.52,9.53,9.54,9.3,222044153.66
600276.SH,2022-11-24,13.5,13.5,13.55,13.41,107903975.98
002594.SZ,2022-11-24,99.55,99.92,101.39,99.43,2856369169.54
601012.SH,2022-11-24,138.14,138.69,138.7,135.93,5558270851.9
600887.SH,2022-11-24,48.47,48.55,49.33,47.21,960339369.79
000002.SZ,2022-11-24,293.66,293.25,300.2,287.57,4577642901.45
600519.SH,2022-11-25,550.46,551.57,551.08,550.13,10162681286.43
000858.SZ,2022-11-25,30.74,30.82,31.23,30.16,145821001.07
300750.SZ,2022-11-25,59.97,60.29,61.02,59.34,2367817481.01
601318.SH,2022-11-25,26.53,26.54,26.78,26.38,710952581.12
000333.SZ,2022-11-25,20.06,19.89,20.25,19.98,768708007.71
600036.SH,2022-11-25,66.83,66.69,67.16,65.51,1082441651.52
002415.SZ,2022-11-25,9.42,9.35,9.66,9.37,158513282.51
600276.SH,2022-11-25,13.77,13.74,13.86,13.73,144294686.29
002594.SZ,2022-11-25,102.48,103.09,105.98,101.25,2267366280.12
601012.SH,2022-11-25,138.12,137.02,139.05,137.01,6518780125.48
600887.SH,2022-11-25,48.08,48.34,48.27,46.69,1472916493.65
000002.SZ,2022-11-25,285.83,286.29,286.8,281.6,5664306800.25
600519.SH,2022-11-28,550.05,553.03,553.01,530.39,15512539728.99
000858.SZ,2022-11-28,30.97,30.9,31.05,30.79,1021972420.84
300750.SZ,2022-11-28,60.94,60.46,62.68,60.43,2848825735.21
601318.SH,2022-11-28,27.16,27.14,27.32,27.09,1141957672.86
000333.SZ,2022-11-28,19.79,19.84,20.43,19.65,616472553.43
600036.SH,2022-11-28,65.73,66.05,66.2,64.41,1062260989.0
002415.SZ,2022-11-28,9.74,9.76,9.75,9.61,333831337.14
600276.SH,2022-11-28,13.87,13.86,13.88,13.76,672067748.66
002594.SZ,2022-11-28,98.14,97.71,100.32,97.56,2308825055.94
601012.SH,2022-11-28,143.73,143.41,147.07,142.37,6655500008.87
600887.SH,2022-11-28,47.29,47.07,48.58,47.06,1197255734.73
000002.SZ,2022-11-28,291.76,292.71,298.49,285.19,3947430660.97
600519.SH,2022-11-29,545.81,542.23,558.34,542.4,23092681923.81
000858.SZ,2022-11-29,31.03,31.02,31.1,30.4,534098481.92
300750.SZ,2022-11-29,63.51,63.44,63.8,63.42,779987950.93
601318.SH,2022-11-29,25.94,26.15,25.96,25.59,434429776.92
000333.SZ,2022-11-29,19.64,19.69,19.64,19.56,606602858.04
600036.SH,2022-11-29,64.57,64.67,65.03,63.49,3100328251.81
002415.SZ,2022-11-29,9.68,9.67,9.74,9.34,464518722.87
600276.SH,2022-11-29,13.77,13.85,13.88,13.66,381700282.18
002594.SZ,2022-11-29,100.45,99.66,100.76,98.53,771991177.54
601012.SH,2022-11-29,145.34,145.48,146.45,144.76,301613022.45
600887.SH,2022-11-29,46.75,46.64,48.31,45.84,1000183414.0
000002.SZ,2022-11-29,302.89,300.97,308.14,299.82,719929085.28
600519.SH,2022-11-30,557.57,559.12,572.28,549.11,19441000592.73
000858.SZ,2022-11-30,30.36,30.47,30.51,30.13,1074826461.06
300750.SZ,2022-11-30,62.95,62.84,63.05,61.68,1885711379.52
601318.SH,2022-11-30,25.51,25.43,25.95,25.48,284371842.98
000333.SZ,2022-11-30,19.75,19.72,19.98,19.65,658104019.4
600036.SH,2022-11-30,63.99,63.81,65.03,63.25,2339500120.77
002415.SZ,2022-11-30,9.87,9.89,9.95,9.82,59158426.73
600276.SH,2022-11-30,13.59,13.63,13.67,13.46,676708361.77
002594.SZ,2022-11-30,100.53,100.18,101.02,99.56,318748682.99
601012.SH,2022-11-30,143.24,143.46,145.13,142.95,3121235655.45
600887.SH,2022-11-30,46.06,46.02,46.52,45.35,426344088.31
000002.SZ,2022-11-30,309.45,310.41,316.14,306.1,14078696010.1
600519.SH,2022-12-01,536.8,533.56,554.37,535.17,23886569697.08
000858.SZ,2022-12-01,30.55,30.46,30.78,30.22,349278568.55
300750.SZ,2022-12-01,64.27,64.74,65.31,62.82,2913070585.59
601318.SH,2022-12-01,26.36,26.27,26.45,25.87,429269010.15
000333.SZ,2022-12-01,19.3,19.34,19.52,18.99,575631606.73
600036.SH,2022-12-01,65.96,66.47,66.01,65.81,3189496023.98
002415.SZ,2022-12-01,9.84,9.88,10.06,9.76,484970443.18
600276.SH,2022-12-01,13.63,13.64,13.98,13.62,393467581.52
002594.SZ,2022-12-01,101.28,101.93,101.77,100.52,3215669520.7
601012.SH,2022-12-01,138.59,137.34,141.64,137.4,2823683878.06
600887.SH,2022-12-01,47.6,47.36,48.2,47.42,1506812797.15
000002.SZ,2022-12-01,315.0,315.04,319.36,308.19,13979025237.26
600519.SH,2022-12-02,528.24,529.27,534.83,515.85,896027906.61
000858.SZ,2022-12-02,30.12,30.05,30.26,29.84,1499496456.68
300750.SZ,2022-12-02,68.09,68.3,68.56,67.66,2823397908.2
601318.SH,2022-12-02,26.24,26.22,26.5,26.12,585464830.21
000333.SZ,2022-12-02,19.27,19.22,19.31,18.89,863643728.42
600036.SH,2022-12-02,63.3,63.04,65.84,62.57,2806816062.37
002415.SZ,2022-12-02,9.79,9.76,9.9,9.71,393768522.22
600276.SH,2022-12-02,13.81,13.9,14.31,13.8,394332729.61
002594.SZ,2022-12-02,99.95,100.63,100.0,97.66,2566570729.37
601012.SH,2022-12-02,139.16,139.56,143.34,136.74,3540187632.55
600887.SH,2022-12-02,48.0,47.52,48.88,47.98,864232647.92
000002.SZ,2022-12-02,312.25,311.9,313.17,302.61,4641885444.77
600519.SH,2022-12-05,541.75,541.9,551.63,537.07,20808131539.26
000858.SZ,2022-12-05,29.99,29.89,30.2,29.99,12496714.51
300750.SZ,2022-12-05,67.98,67.41,68.11,67.74,2770762069.19
601318.SH,2022-12-05,26.24,26.1,26.29,25.48,104147284.45
000333.SZ,2022-12-05,18.41,18.38,18.68,18.28,545368174.51
600036.SH,2022-12-05,64.25,64.15,64.84,63.99,2032303213.69
002415.SZ,2022-12-05,9.98,9.92,10.09,9.84,336962182.04
600276.SH,2022-12-05,14.09,14.14,14.17,13.86,285255682.25
002594.SZ,2022-12-05,101.11,101.12,101.34,98.12,2945467914.36
601012.SH,2022-12-05,138.93,137.59,141.86,138.39,707550120.16
600887.SH,2022-12-05,48.68,48.85,49.06,47.73,1868495966.64
000002.SZ,2022-12-05,333.69,333.6,336.96,330.98,7813806261.34
600519.SH,2022-12-06,527.1,529.52,529.74,523.31,2747752101.36
000858.SZ,2022-12-06,30.45,30.3,30.86,29.77,428443968.02
300750.SZ,2022-12-06,68.85,68.57,69.39,67.57,2849064131.32
601318.SH,2022-12-06,26.81,26.77,26.93,26.39,508235854.73
000333.SZ,2022-12-06,17.77,17.77,17.87,17.64,850525613.95
600036.SH,2022-12-06,67.52,67.5,67.85,66.6,2738615481.36
002415.SZ,2022-12-06,10.31,10.34,10.32,10.15,222438895.78
600276.SH,2022-12-06,14.01,14.05,14.26,14.0,116032267.42
002594.SZ,2022-12-06,105.78,105.44,106.44,105.66,1724142299.07
601012.SH,2022-12-06,139.57,139.1,143.66,139.31,202486091.66
600887.SH,2022-12-06,51.29,51.03,52.45,50.8,305123177.74
000002.SZ,2022-12-06,335.66,335.26,336.5,328.24,1166141834.6
600519.SH,2022-12-07,500.86,501.79,502.32,500.73,2091138561.76
000858.SZ,2022-12-07,30.45,30.4,30.82,30.34,395375789.53
300750.SZ,2022-12-07,68.1,67.07,69.33,67.59,334652864.61
601318.SH,2022-12-07,25.9,25.75,26.5,25.53,1147873342.07
000333.SZ,2022-12-07,17.34,17.37,17.62,17.3,224533678.25
600036.SH,2022-12-07,68.02,68.14,68.44,66.83,898340433.73
002415.SZ,2022-12-07,10.12,10.14,10.37,10.09,252623835.78
600276.SH,2022-12-07,14.37,14.37,14.58,14.25,463068373.37
002594.SZ,2022-12-07,101.38,101.11,102.29,100.56,837653184.42
601012.SH,2022-12-07,138.78,139.78,139.26,135.69,4715612436.15
600887.SH,2022-12-07,51.92,52.06,52.09,51.65,830040953.74
000002.SZ,2022-12-07,339.24,338.66,340.36,335.16,6901402716.46
600519.SH,2022-12-08,494.07,493.04,496.52,488.56,17282863884.75
000858.SZ,2022-12-08,30.67,30.54,30.91,30.56,1202531606.24
300750.SZ,2022-12-08,66.37,66.45,67.9,66.15,1456210132.84
601318.SH,2022-12-08,25.46,25.31,26.23,25.33,1199288218.11
000333.SZ,2022-12-08,16.73,16.74,17.2,16.6,294181395.28
600036.SH,2022-12-08,70.28,70.82,72.5,69.03,3072701883.16
002415.SZ,2022-12-08,10.03,10.06,10.05,10.0,101636406.88
600276.SH,2022-12-08,14.02,14.01,14.74,13.96,273826773.59
002594.SZ,2022-12-08,100.7,101.07,102.09,98.84,1409455146.37
601012.SH,2022-12-08,143.57,143.32,144.71,143.07,3722094951.68
600887.SH,2022-12-08,54.22,54.1,54.43,52.67,1947051175.06
000002.SZ,2022-12-08,331.82,334.86,333.54,321.36,1834571446.26
600519.SH,2022-12-09,516.68,520.46,527.97,513.64,1475632047.45
000858.SZ,2022-12-09,30.65,30.49,30.74,30.25,532517734.11
300750.SZ,2022-12-09,68.32,68.7,69.2,67.23,67835599.43
601318.SH,2022-12-09,26.03,26.27,26.04,25.95,703876406.89
000333.SZ,2022-12-09,16.42,16.43,16.54,16.36,786426607.6
600036.SH,2022-12-09,69.11,68.93,70.67,68.95,601076882.89
002415.SZ,2022-12-09,9.61,9.61,9.62,9.46,265894040.1
600276.SH,2022-12-09,14.04,13.95,14.2,13.88,443877633.14
002594.SZ,2022-12-09,101.78,101.99,103.78,99.55,624430159.88
601012.SH,2022-12-09,142.92,144.34,143.92,142.83,4460342243.59
600887.SH,2022-12-09,52.57,52.75,54.43,51.95,2034585753.39
000002.SZ,2022-12-09,335.76,332.94,342.38,331.26,2537978896.27
600519.SH,2022-12-12,527.4,528.14,531.21,525.94,1931894120.14
000858.SZ,2022-12-12,30.79,30.87,30.85,30.33,92041578.4
300750.SZ,2022-12-12,67.28,67.38,68.49,67.03,2549838557.27
601318.SH,2022-12-12,26.27,26.22,26.72,26.0,712926860.59
000333.SZ,2022-12-12,16.04,15.92,16.68,15.85,154913348.06
600036.SH,2022-12-12,69.62,70.08,70.72,67.41,1053005835.23
002415.SZ,2022-12-12,9.71,9.71,10.14,9.57,216425780.58
600276.SH,2022-12-12,14.42,14.49,14.75,14.32,552696640.96
002594.SZ,2022-12-12,106.56,106.32,107.09,105.89,3430643060.9
601012.SH,2022-12-12,149.58,149.4,153.12,148.34,2388623732.07
600887.SH,2022-12-12,53.76,54.26,54.3,53.21,1781308945.0
000002.SZ,2022-12-12,331.47,332.09,333.22,328.06,2203671821.37
600519.SH,2022-12-13,536.47,532.26,538.22,519.29,24364225992.59
000858.SZ,2022-12-13,29.72,29.4,30.27,29.41,1472599611.5
300750.SZ,2022-12-13,67.31,67.49,68.95,66.99,1159522799.84
601318.SH,2022-12-13,26.2,26.27,26.37,25.8,44246731.94
000333.SZ,2022-12-13,15.85,15.75,15.86,15.73,416428976.44
600036.SH,2022-12-13,70.53,70.06,70.77,69.42,953240130.43
002415.SZ,2022-12-13,9.61,9.62,9.84,9.61,475678247.69
600276.SH,2022-12-13,15.15,14.99,15.17,15.14,491572252.67
002594.SZ,2022-12-13,106.15,106.12,106.18,104.4,5068797578.74
601012.SH,2022-12-13,156.77,156.49,156.82,154.46,5964539240.57
600887.SH,2022-12-13,54.18,54.42,54.39,52.43,2587082225.14
000002.SZ,2022-12-13,323.4,322.99,324.93,312.82,5150876708.09
600519.SH,2022-12-14,538.27,539.3,543.14,535.43,5744583525.53
000858.SZ,2022-12-14,31.33,31.43,31.39,30.7,61403998.42
300750.SZ,2022-12-14,67.08,67.1,68.7,65.74,3222836760.46
601318.SH,2022-12-14,26.27,26.26,26.3,26.14,575242934.05
000333.SZ,2022-12-14,16.07,16.06,16.43,15.68,765078476.01
600036.SH,2022-12-14,71.97,72.13,73.22,69.74,3189768064.9
002415.SZ,2022-12-14,9.8,9.85,9.96,9.66,309881735.47
600276.SH,2022-12-14,14.52,14.47,14.67,14.3,638525335.99
002594.SZ,2022-12-14,104.26,104.41,105.66,103.04,3935248175.94
601012.SH,2022-12-14,154.77,155.72,155.31,153.75,3489792794.7
600887.SH,2022-12-14,58.32,58.34,60.68,58.11,2482655984.4
000002.SZ,2022-12-14,317.11,317.64,321.08,306.46,1038777487.8
600519.SH,2022-12-15,540.39,536.76,544.23,536.37,12448114547.6
000858.SZ,2022-12-15,33.45,33.6,33.56,33.09,190104776.44
300750.SZ,2022-12-15,67.97,68.26,68.68,67.68,2352614240.19
601318.SH,2022-12-15,27.17,27.27,27.34,26.47,766826304.48
000333.SZ,2022-12-15,16.42,16.55,16.52,16.06,401718150.87
600036.SH,2022-12-15,69.16,68.99,71.36,69.04,2555706936.9
002415.SZ,2022-12-15,9.69,9.65,9.7,9.54,476666841.16
600276.SH,2022-12-15,14.44,14.25,14.54,14.38,487373098.4
002594.SZ,2022-12-15,99.61,99.45,103.72,98.58,1514338670.89
601012.SH,2022-12-15,146.8,146.83,148.82,145.3,7146631638.83
600887.SH,2022-12-15,59.81,59.89,61.19,59.76,2420120002.44
000002.SZ,2022-12-15,332.51,332.2,334.94,330.31,12930228730.85
600519.SH,2022-12-16,526.26,527.06,545.01,521.54,9747356037.65
000858.SZ,2022-12-16,33.37,33.33,33.63,32.47,418463228.53
300750.SZ,2022-12-16,70.48,70.46,70.98,69.23,2806439296.99
601318.SH,2022-12-16,27.9,27.82,28.61,27.77,769538962.08
000333.SZ,2022-12-16,15.85,15.7,15.89,15.6,611540912.41
600036.SH,2022-12-16,69.13,68.89,70.69,68.72,1956427675.84
002415.SZ,2022-12-16,9.79,9.85,9.8,9.73,285966214.65
600276.SH,2022-12-16,13.77,13.8,13.93,13.6,28162352.18
002594.SZ,2022-12-16,98.32,97.41,100.05,98.07,3261632179.93
601012.SH,2022-12-16,144.83,146.13,146.04,143.02,6332495268.66
600887.SH,2022-12-16,56.39,56.46,56.52,56.1,1212437945.86
000002.SZ,2022-12-16,326.06,327.24,330.96,324.8,3230100749.78
600519.SH,2022-12-19,528.19,530.0,529.6,520.96,1829296404.35
000858.SZ,2022-12-19,33.74,33.81,34.09,33.57,664961457.63
300750.SZ,2022-12-19,68.22,68.7,68.58,67.43,2559271642.82
601318.SH,2022-12-19,28.29,27.96,28.73,27.64,387543492.02
000333.SZ,2022-12-19,15.78,15.78,15.87,15.69,84882591.24
600036.SH,2022-12-19,68.94,68.9,68.99,68.31,2683854095.03
002415.SZ,2022-12-19,9.65,9.67,9.77,9.63,50315605.76
600276.SH,2022-12-19,13.03,13.03,13.09,13.02,322603408.48
002594.SZ,2022-12-19,100.49,100.27,101.58,100.32,819193457.81
601012.SH,2022-12-19,146.59,146.48,147.17,141.59,6777792706.12
600887.SH,2022-12-19,56.38,56.57,57.56,56.14,1939225208.1
000002.SZ,2022-12-19,321.92,321.09,323.53,319.47,12539034391.57
600519.SH,2022-12-20,510.58,509.82,528.25,507.74,22096643923.33
000858.SZ,2022-12-20,34.1,33.99,34.21,33.76,118761008.49
300750.SZ,2022-12-20,67.46,66.82,69.13,67.4,1562049437.69
601318.SH,2022-12-20,28.71,28.79,28.74,27.94,631978349.82
000333.SZ,2022-12-20,16.05,15.97,16.11,15.89,221990887.48
600036.SH,2022-12-20,68.11,67.77,68.76,68.0,3149888661.93
002415.SZ,2022-12-20,9.48,9.58,9.57,9.33,136434791.3
600276.SH,2022-12-20,12.98,13.1,12.98,12.91,248027214.99
002594.SZ,2022-12-20,101.37,100.99,101.65,99.08,3962119997.73
601012.SH,2022-12-20,140.34,138.95,142.36,138.96,3005042981.44
600887.SH,2022-12-20,56.68,56.48,58.94,56.39,1603309990.52
000002.SZ,2022-12-20,310.37,308.29,310.81,305.06,3020607165.28
600519.SH,2022-12-21,506.17,506.43,512.87,505.78,23138421276.36
000858.SZ,2022-12-21,36.09,35.84,37.27,36.01,157374398.0
300750.SZ,2022-12-21,65.82,65.9,65.84,65.17,783216097.91
601318.SH,2022-12-21,27.99,27.86,28.92,27.08,726783784.79
000333.SZ,2022-12-21,15.9,16.03,15.94,15.8,57671799.52
600036.SH,2022-12-21,67.76,68.22,69.24,67.38,167942045.87
002415.SZ,2022-12-21,9.18,9.2,9.22,9.02,286839010.93
600276.SH,2022-12-21,13.1,13.12,13.13,12.8,106450438.07
002594.SZ,2022-12-21,103.03,103.43,103.24,102.65,3402637299.27
601012.SH,2022-12-21,142.19,142.85,145.48,137.66,5468674238.82
600887.SH,2022-12-21,57.2,57.79,58.29,55.42,2029332444.32
000002.SZ,2022-12-21,308.42,309.6,310.39,305.14,12297586950.5
600519.SH,2022-12-22,494.45,496.07,505.4,481.25,11290562764.97
000858.SZ,2022-12-22,36.14,36.22,37.36,35.95,1009877275.88
300750.SZ,2022-12-22,66.72,66.17,67.25,66.7,25785660.0
601318.SH,2022-12-22,27.41,27.34,27.44,27.2,648816703.3
000333.SZ,2022-12-22,15.82,15.75,16.01,15.69,69005331.83
600036.SH,2022-12-22,67.81,68.13,68.64,67.48,2444983303.83
002415.SZ,2022-12-22,9.7,9.76,9.92,9.69,239258009.22
600276.SH,2022-12-22,13.47,13.49,13.62,13.29,20896490.9
002594.SZ,2022-12-22,106.57,107.14,107.37,103.14,5023113518.24
601012.SH,2022-12-22,144.77,145.58,145.99,143.86,5779226258.23
600887.SH,2022-12-22,56.35,56.83,56.68,55.66,216413071.97
000002.SZ,2022-12-22,313.29,314.37,318.02,304.3,2710273480.16
600519.SH,2022-12-23,513.54,512.46,526.06,512.63,4971398398.86
000858.SZ,2022-12-23,35.26,35.02,36.08,34.8,1363138246.11
300750.SZ,2022-12-23,66.85,67.04,67.47,66.22,1811791751.94
601318.SH,2022-12-23,27.51,27.52,27.87,27.19,41274873.94
000333.SZ,2022-12-23,16.05,16.18,16.35,15.82,48356700.99
600036.SH,2022-12-23,69.82,70.25,69.89,69.16,1966917138.94
002415.SZ,2022-12-23,9.66,9.68,9.69,9.65,141483157.34
600276.SH,2022-12-23,13.43,13.39,13.6,13.32,281978968.11
002594.SZ,2022-12-23,115.01,115.73,116.35,114.62,5587212022.49
601012.SH,2022-12-23,143.1,143.09,145.99,142.92,1917236693.64
600887.SH,2022-12-23,54.44,54.3,54.82,53.68,584412682.25
000002.SZ,2022-12-23,314.54,314.47,323.11,309.53,8429145811.37
600519.SH,2022-12-26,506.58,507.59,515.42,502.96,18073848004.04
000858.SZ,2022-12-26,35.13,35.37,35.18,34.51,1080992760.18
300750.SZ,2022-12-26,66.69,66.84,66.69,66.46,2081958490.33
601318.SH,2022-12-26,25.95,26.07,26.58,25.94,354637118.59
000333.SZ,2022-12-26,16.09,16.03,16.27,16.09,74838588.44
600036.SH,2022-12-26,70.26,70.68,70.53,70.13,3289059419.7
002415.SZ,2022-12-26,9.95,9.87,10.01,9.79,289850947.98
600276.SH,2022-12-26,13.49,13.59,13.52,13.34,631262254.65
002594.SZ,2022-12-26,118.4,119.31,120.37,117.68,2686906402.63
601012.SH,2022-12-26,149.05,149.39,150.24,146.23,3539057981.61
600887.SH,2022-12-26,55.18,55.64,56.83,54.41,1818835252.84
000002.SZ,2022-12-26,318.33,320.69,319.41,316.07,2806891421.08
600519.SH,2022-12-27,502.66,498.7,513.38,498.46,22276947338.67
000858.SZ,2022-12-27,35.69,35.45,35.93,35.13,667562074.82
300750.SZ,2022-12-27,66.17,66.53,67.19,65.31,1046197154.86
601318.SH,2022-12-27,24.44,24.39,25.0,24.4,554919978.15
000333.SZ,2022-12-27,16.05,16.03,16.17,16.05,775929311.78
600036.SH,2022-12-27,72.3,72.68,73.19,71.09,1600807004.93
002415.SZ,2022-12-27,10.17,10.14,10.18,10.01,454773047.12
600276.SH,2022-12-27,13.41,13.41,13.62,13.27,269373576.7
002594.SZ,2022-12-27,116.11,116.52,118.76,115.05,3539452053.5
601012.SH,2022-12-27,148.13,147.7,151.99,146.06,299040820.17
600887.SH,2022-12-27,55.16,55.28,56.44,54.14,312056906.06
000002.SZ,2022-12-27,309.18,312.65,313.59,305.54,3386579614.13
600519.SH,2022-12-28,490.25,493.41,494.63,489.48,669873758.66
000858.SZ,2022-12-28,35.64,35.49,35.78,34.93,1626929720.35
300750.SZ,2022-12-28,66.56,66.31,67.19,64.7,2489184465.64
601318.SH,2022-12-28,24.81,24.84,24.87,24.5,1216815443.51
000333.SZ,2022-12-28,15.74,15.73,15.88,15.62,259139020.64
600036.SH,2022-12-28,68.85,69.02,70.17,67.91,470086948.93
002415.SZ,2022-12-28,10.13,10.01,10.36,10.08,247441301.12
600276.SH,2022-12-28,13.74,13.73,13.89,13.28,351807407.78
002594.SZ,2022-12-28,111.89,111.41,112.85,111.79,269060975.21
601012.SH,2022-12-28,145.04,145.94,147.14,144.51,255286228.77
600887.SH,2022-12-28,54.27,54.92,54.34,53.93,1821204832.78
000002.SZ,2022-12-28,322.06,321.1,325.76,319.19,3109123159.57
600519.SH,2022-12-29,504.08,501.64,507.11,493.45,889689887.9
000858.SZ,2022-12-29,35.36,35.09,35.55,34.99,704111940.76
300750.SZ,2022-12-29,67.89,68.01,68.07,67.06,2011092917.85
601318.SH,2022-12-29,24.38,24.3,24.88,24.01,515723075.55
000333.SZ,2022-12-29,15.73,15.82,15.82,15.52,784162367.73
600036.SH,2022-12-29,65.72,65.48,66.58,65.68,2917565296.51
002415.SZ,2022-12-29,9.89,9.82,10.0,9.54,414903866.65
600276.SH,2022-12-29,13.42,13.41,13.61,13.33,426554712.71
002594.SZ,2022-12-29,108.67,108.33,109.7,107.05,4082355886.6
601012.SH,2022-12-29,147.12,147.69,149.52,147.01,4742131851.31
600887.SH,2022-12-29,52.94,52.9,53.44,52.56,1200981217.2
000002.SZ,2022-12-29,330.33,332.03,334.7,330.09,5275547996.02
600519.SH,2022-12-30,511.34,510.7,519.86,510.65,1063045029.63
000858.SZ,2022-12-30,35.59,35.55,35.71,34.65,1313475471.04
300750.SZ,2022-12-30,69.91,69.51,70.31,69.43,1309013644.43
601318.SH,2022-12-30,24.55,24.69,25.08,24.23,883381906.65
000333.SZ,2022-12-30,15.46,15.59,15.65,15.4,752938570.89
600036.SH,2022-12-30,65.04,64.77,66.68,64.25,1388344501.03
002415.SZ,2022-12-30,10.05,10.09,10.19,9.76,173744701.79
600276.SH,2022-12-30,13.0,12.92,13.18,12.93,254112915.08
002594.SZ,2022-12-30,111.2,111.79,112.71,109.18,4573523199.22
601012.SH,2022-12-30,146.45,146.24,151.01,141.85,4310940560.6
600887.SH,2022-12-30,53.79,54.13,53.96,53.77,278986677.9
000002.SZ,2022-12-30,331.47,332.69,333.12,323.1,15453491153.69
600519.SH,2023-01-02,501.62,502.26,502.57,494.09,7786410845.66
000858.SZ,2023-01-02,37.02,36.99,37.22,35.93,444735779.48
300750.SZ,2023-01-02,69.52,69.24,70.9,68.3,706440542.8
601318.SH,2023-01-02,24.75,24.71,24.83,24.5,112258808.81
000333.SZ,2023-01-02,15.26,15.16,15.42,15.14,248775506.95
600036.SH,2023-01-02,63.76,63.97,64.27,63.49,2555454789.64
002415.SZ,2023-01-02,10.08,10.11,10.11,9.73,199162141.14
600276.SH,2023-01-02,12.84,12.85,12.96,12.79,321706992.72
002594.SZ,2023-01-02,111.08,110.27,111.9,109.25,129961683.12
601012.SH,2023-01-02,147.02,147.52,149.88,142.77,15584418.13
600887.SH,2023-01-02,53.1,53.66,53.31,53.09,2255112726.37
000002.SZ,2023-01-02,339.79,338.08,340.6,339.62,12200105416.38
600519.SH,2023-01-03,509.4,511.46,521.54,505.56,17950038181.71
000858.SZ,2023-01-03,35.14,35.37,35.55,34.81,1711013350.87
300750.SZ,2023-01-03,67.96,68.46,68.42,67.8,507760558.28
601318.SH,2023-01-03,24.53,24.42,24.6,23.91,1145507694.47
000333.SZ,2023-01-03,14.89,14.91,14.96,14.79,652993949.07
600036.SH,2023-01-03,62.63,62.71,64.38,61.06,1157669253.57
002415.SZ,2023-01-03,10.25,10.11,10.37,10.16,247144736.62
600276.SH,2023-01-03,13.01,13.0,13.22,12.95,257726657.1
002594.SZ,2023-01-03,106.66,106.45,107.15,106.23,4014602180.68
601012.SH,2023-01-03,142.31,142.65,143.28,139.87,791155180.51
600887.SH,2023-01-03,53.46,53.24,54.65,52.26,313664112.48
000002.SZ,2023-01-03,337.38,337.79,348.36,334.63,4977985835.65
600519.SH,2023-01-04,520.07,517.49,525.96,517.22,9790450721.04
000858.SZ,2023-01-04,34.58,34.79,35.11,34.31,561556726.33
300750.SZ,2023-01-04,68.05,67.5,68.53,67.66,455165555.97
601318.SH,2023-01-04,24.01,23.98,24.06,23.84,384366258.6
000333.SZ,2023-01-04,14.8,14.77,14.96,14.66,619444394.78
600036.SH,2023-01-04,63.6,63.6,63.91,62.27,2671246527.49
002415.SZ,2023-01-04,10.35,10.39,10.38,10.28,197249921.15
600276.SH,2023-01-04,12.65,12.69,12.94,12.53,439817806.41
002594.SZ,2023-01-04,109.49,108.78,109.87,107.93,3341275283.1
601012.SH,2023-01-04,142.16,143.77,146.3,140.92,1380980041.8
600887.SH,2023-01-04,54.07,53.89,54.77,53.7,1423917837.69
000002.SZ,2023-01-04,341.18,341.81,345.22,329.78,13282277526.16
600519.SH,2023-01-05,514.39,509.8,522.76,509.56,17156769335.76
000858.SZ,2023-01-05,35.35,35.47,35.64,35.32,1163683205.84
300750.SZ,2023-01-05,66.85,66.65,67.99,64.86,1981846036.21
601318.SH,2023-01-05,23.79,23.92,23.95,23.69,229513386.66
000333.SZ,2023-01-05,14.35,14.43,14.52,14.35,555536842.07
600036.SH,2023-01-05,61.17,61.21,61.73,60.7,2235653610.46
002415.SZ,2023-01-05,10.93,11.02,11.03,10.83,140791560.06
600276.SH,2023-01-05,12.6,12.57,12.71,12.38,64301324.17
002594.SZ,2023-01-05,108.42,108.06,111.0,107.62,3472806372.62
601012.SH,2023-01-05,148.89,149.07,149.68,146.2,3553907729.27
600887.SH,2023-01-05,51.74,51.67,51.96,51.17,62421231.45
000002.SZ,2023-01-05,351.75,349.62,352.42,349.03,2513421196.05
600519.SH,2023-01-06,517.81,521.88,524.75,511.44,14039202702.13
000858.SZ,2023-01-06,35.24,35.25,35.63,34.93,145731193.43
300750.SZ,2023-01-06,66.5,66.82,67.23,65.68,588323493.21
601318.SH,2023-01-06,23.63,23.59,23.76,23.34,513362611.61
000333.SZ,2023-01-06,14.89,14.87,15.1,14.81,42479885.96
600036.SH,2023-01-06,62.75,62.9,62.77,61.92,840099500.51
002415.SZ,2023-01-06,10.9,10.92,11.07,10.48,209209021.03
600276.SH,2023-01-06,12.36,12.38,12.43,12.07,383708215.83
002594.SZ,2023-01-06,108.54,108.22,111.34,106.73,189329811.47
601012.SH,2023-01-06,145.2,145.7,149.32,144.93,1834531736.24
600887.SH,2023-01-06,50.72,50.42,50.81,50.57,1332319113.28
000002.SZ,2023-01-06,349.28,347.74,350.85,340.33,12736240673.53
600519.SH,2023-01-09,508.22,511.62,511.75,494.09,22503645613.56
000858.SZ,2023-01-09,34.69,34.52,35.61,34.16,1103845403.76
300750.SZ,2023-01-09,65.93,66.27,66.3,65.09,649342125.35
601318.SH,2023-01-09,23.02,23.04,23.87,22.98,451201263.6
000333.SZ,2023-01-09,15.47,15.41,15.51,15.36,423044733.45
600036.SH,2023-01-09,59.45,59.69,60.85,59.09,646674864.62
002415.SZ,2023-01-09,11.09,11.1,11.35,10.86,480524614.6
600276.SH,2023-01-09,12.57,12.64,12.68,12.4,493402890.63
002594.SZ,2023-01-09,108.1,107.98,109.16,107.86,4003370887.92
601012.SH,2023-01-09,144.68,145.87,145.93,143.72,34971543.04
600887.SH,2023-01-09,50.92,50.88,52.77,50.88,2361437840.08
000002.SZ,2023-01-09,349.83,351.84,353.6,348.58,1015982031.52
600519.SH,2023-01-10,517.33,515.49,521.47,512.72,14028872088.22
000858.SZ,2023-01-10,35.18,35.54,35.24,35.0,1030079642.91
300750.SZ,2023-01-10,65.29,65.36,65.46,64.06,70421131.97
601318.SH,2023-01-10,22.47,22.37,22.47,22.23,42440390.34
000333.SZ,2023-01-10,15.59,15.6,15.9,15.3,698007258.26
600036.SH,2023-01-10,60.33,60.46,60.36,59.63,2003689109.59
002415.SZ,2023-01-10,11.32,11.36,11.54,11.12,272585166.04
600276.SH,2023-01-10,12.41,12.43,12.62,12.35,414148961.08
002594.SZ,2023-01-10,114.85,114.45,115.81,114.37,2026181031.21
601012.SH,2023-01-10,138.49,138.14,139.8,136.68,3625155892.87
600887.SH,2023-01-10,53.29,53.04,53.44,52.03,785092691.25
000002.SZ,2023-01-10,342.93,344.09,349.58,341.61,8492064163.81
600519.SH,2023-01-11,516.21,515.62,518.98,512.75,3412986249.16
000858.SZ,2023-01-11,36.73,37.05,37.23,36.41,1121420957.34
300750.SZ,2023-01-11,68.35,68.5,68.86,68.1,1321317783.46
601318.SH,2023-01-11,23.35,23.31,23.91,22.87,205880399.79
000333.SZ,2023-01-11,15.91,15.88,15.92,15.87,61712537.83
600036.SH,2023-01-11,60.97,61.35,61.33,59.5,2230570390.19
002415.SZ,2023-01-11,10.93,10.9,11.16,10.74,340731139.14
600276.SH,2023-01-11,12.04,12.06,12.14,11.95,175426549.95
002594.SZ,2023-01-11,114.69,114.7,116.38,113.06,4328886126.67
601012.SH,2023-01-11,140.66,140.51,145.4,140.5,2385993903.53
600887.SH,2023-01-11,54.27,54.16,54.73,53.15,2477689221.11
000002.SZ,2023-01-11,350.35,350.86,357.92,349.53,3840885949.32
600519.SH,2023-01-12,534.48,537.45,543.59,514.36,9549219287.45
000858.SZ,2023-01-12,38.05,38.26,38.79,37.13,822444978.03
300750.SZ,2023-01-12,68.46,67.98,70.29,67.76,3312241369.34
601318.SH,2023-01-12,22.14,22.06,22.85,21.46,383717563.53
000333.SZ,2023-01-12,16.32,16.25,16.56,15.98,523101717.82
600036.SH,2023-01-12,60.66,60.69,61.02,59.18,2811685988.05
002415.SZ,2023-01-12,10.8,10.93,10.8,10.59,365672253.7
600276.SH,2023-01-12,12.1,12.06,12.21,11.99,522991138.26
002594.SZ,2023-01-12,111.04,111.67,111.73,110.62,2601171926.65
601012.SH,2023-01-12,139.93,139.24,140.26,139.65,2201256844.66
600887.SH,2023-01-12,52.34,52.29,52.63,51.68,2021975578.5
000002.SZ,2023-01-12,330.19,329.54,331.65,328.5,8167867702.5
600519.SH,2023-01-13,525.3,524.23,535.4,515.57,10574630183.46
000858.SZ,2023-01-13,39.46,39.39,39.5,38.26,1747699476.43
300750.SZ,2023-01-13,68.69,69.07,69.37,68.4,253359969.57
601318.SH,2023-01-13,22.58,22.55,23.22,22.57,670077992.7
000333.SZ,2023-01-13,16.28,16.41,16.54,16.22,413555077.33
600036.SH,2023-01-13,61.3,60.67,61.84,60.63,1247875114.86
002415.SZ,2023-01-13,10.3,10.27,10.39,10.25,329313410.5
600276.SH,2023-01-13,11.89,11.89,12.19,11.84,240664924.93
002594.SZ,2023-01-13,108.65,108.73,110.51,107.5,1348816534.09
601012.SH,2023-01-13,135.2,134.8,135.54,131.23,5925449066.98
600887.SH,2023-01-13,52.51,52.6,53.75,52.33,2325083700.17
000002.SZ,2023-01-13,333.55,331.31,334.07,331.53,12254598607.52
600519.SH,2023-01-16,530.12,528.73,541.13,524.34,903918036.45
000858.SZ,2023-01-16,39.42,39.69,39.69,38.81,488650181.3
300750.SZ,2023-01-16,69.92,69.72,70.89,69.51,3280946465.84
601318.SH,2023-01-16,22.62,22.58,22.63,22.53,1110585932.36
000333.SZ,2023-01-16,16.4,16.46,16.62,15.98,51913281.09
600036.SH,2023-01-16,60.43,60.21,61.01,60.06,2417561390.09
002415.SZ,2023-01-16,10.44,10.55,10.45,10.19,42000651.24
600276.SH,2023-01-16,12.02,12.05,12.26,11.92,505104330.99
002594.SZ,2023-01-16,105.91,105.19,107.58,105.35,3667052453.88
601012.SH,2023-01-16,133.03,133.14,133.28,129.81,5799015113.41
600887.SH,2023-01-16,53.93,53.73,54.78,52.01,568475476.46
000002.SZ,2023-01-16,322.77,322.89,326.98,322.24,14883239590.71
600519.SH,2023-01-17,524.86,523.76,528.76,519.52,2543718838.05
000858.SZ,2023-01-17,40.44,40.4,41.27,39.43,11231150.65
300750.SZ,2023-01-17,71.13,71.56,71.73,70.44,844666962.94
601318.SH,2023-01-17,23.19,23.39,23.55,22.68,1081163011.28
000333.SZ,2023-01-17,16.65,16.65,16.68,16.45,625980905.13
600036.SH,2023-01-17,59.92,59.73,61.21,59.78,2505786560.84
002415.SZ,2023-01-17,9.98,9.96,10.03,9.9,274089948.7
600276.SH,2023-01-17,12.64,12.62,12.7,12.59,554779521.17
002594.SZ,2023-01-17,108.1,109.17,110.29,108.07,3517447711.18
601012.SH,2023-01-17,130.15,129.63,130.81,126.53,5085672139.89
600887.SH,2023-01-17,54.12,54.24,54.92,53.52,2393265219.32
000002.SZ,2023-01-17,317.82,317.58,320.7,312.83,5253481764.03
600519.SH,2023-01-18,523.76,523.24,528.4,517.15,25650285570.86
000858.SZ,2023-01-18,41.06,41.34,41.19,40.76,1139164140.47
300750.SZ,2023-01-18,69.91,70.46,70.5,69.52,623862315.42
601318.SH,2023-01-18,24.3,24.25,24.81,23.97,887537393.54
000333.SZ,2023-01-18,16.52,16.49,17.05,16.18,588832230.8
600036.SH,2023-01-18,59.27,59.83,60.04,58.79,1451462086.53
002415.SZ,2023-01-18,10.28,10.27,10.32,10.13,496790841.83
600276.SH,2023-01-18,12.28,12.17,12.35,12.1,444678462.33
002594.SZ,2023-01-18,108.5,108.21,111.46,108.17,3639498318.07
601012.SH,2023-01-18,137.1,137.11,137.17,135.26,6002546381.02
600887.SH,2023-01-18,54.27,55.21,54.32,54.04,2668842321.36
000002.SZ,2023-01-18,319.74,320.8,323.57,313.5,9054805955.09
600519.SH,2023-01-19,516.46,509.61,522.25,508.41,15995965157.31
000858.SZ,2023-01-19,40.12,40.1,41.66,40.03,1305526865.18
300750.SZ,2023-01-19,69.55,69.76,69.8,69.05,2948057658.95
601318.SH,2023-01-19,25.69,25.79,25.76,25.35,238756655.23
000333.SZ,2023-01-19,16.91,17.0,16.96,16.56,541490194.66
600036.SH,2023-01-19,60.09,60.23,60.74,60.06,770009766.3
002415.SZ,2023-01-19,10.46,10.49,10.54,10.44,276625187.78
600276.SH,2023-01-19,12.58,12.58,12.87,12.57,309483096.85
002594.SZ,2023-01-19,107.65,107.49,108.48,106.9,4782998744.05
601012.SH,2023-01-19,137.11,135.82,139.94,132.15,6223086052.12
600887.SH,2023-01-19,54.21,54.44,54.36,53.84,2631283360.6
000002.SZ,2023-01-19,323.49,322.65,330.99,315.21,794825725.36
600519.SH,2023-01-20,504.25,504.96,518.28,499.1,7642164362.21
000858.SZ,2023-01-20,38.83,38.85,39.81,38.29,699352140.34
300750.SZ,2023-01-20,68.3,68.41,68.37,67.06,1408904634.6
601318.SH,2023-01-20,25.95,26.06,26.33,25.85,540700299.82
000333.SZ,2023-01-20,16.45,16.43,16.86,16.27,309753014.44
600036.SH,2023-01-20,61.28,61.43,61.84,60.73,222930824.22
002415.SZ,2023-01-20,10.17,10.11,10.26,9.96,58964659.56
600276.SH,2023-01-20,12.52,12.43,12.57,12.25,194615262.53
002594.SZ,2023-01-20,103.99,104.25,106.37,103.98,2033476004.15
601012.SH,2023-01-20,139.28,139.7,141.71,139.24,2204989639.05
600887.SH,2023-01-20,52.16,51.96,53.68,51.84,1690169798.22
000002.SZ,2023-01-20,307.4,307.23,311.95,306.67,6129006946.06
600519.SH,2023-01-23,505.3,503.71,507.97,503.42,12964041167.18
000858.SZ,2023-01-23,39.17,39.05,39.4,39.11,666787478.62
300750.SZ,2023-01-23,69.65,69.61,70.66,68.98,1620866545.81
601318.SH,2023-01-23,26.08,26.24,26.45,26.07,1286301267.08
000333.SZ,2023-01-23,16.64,16.62,16.74,16.12,218045430.12
600036.SH,2023-01-23,61.59,61.27,63.43,61.22,1147169829.98
002415.SZ,2023-01-23,10.22,10.22,10.4,9.97,474623084.68
600276.SH,2023-01-23,12.95,13.1,13.22,12.82,520210854.41
002594.SZ,2023-01-23,103.49,103.21,107.65,102.16,4159197169.17
601012.SH,2023-01-23,135.96,135.49,136.75,134.85,1697976509.46
600887.SH,2023-01-23,53.9,54.15,54.22,53.65,817535036.14
000002.SZ,2023-01-23,314.99,314.0,318.98,312.06,5229639152.54
600519.SH,2023-01-24,512.81,511.21,520.98,502.12,5518602774.37
000858.SZ,2023-01-24,38.65,39.05,39.67,38.3,581241269.57
300750.SZ,2023-01-24,70.52,70.26,71.08,69.55,2609583912.19
601318.SH,2023-01-24,27.19,27.26,27.65,26.67,116370589.47
000333.SZ,2023-01-24,16.45,16.42,16.99,16.37,757750264.49
600036.SH,2023-01-24,62.66,62.45,62.7,61.85,1525128566.37
002415.SZ,2023-01-24,9.89,9.85,9.96,9.86,252256330.82
600276.SH,2023-01-24,12.66,12.55,12.83,12.43,536818537.88
002594.SZ,2023-01-24,106.08,106.43,106.85,103.08,5069424517.32
601012.SH,2023-01-24,138.27,137.38,138.34,135.31,4552761535.09
600887.SH,2023-01-24,53.45,53.21,54.09,53.24,219443056.51
000002.SZ,2023-01-24,306.61,309.17,311.83,302.33,6484299483.69
600519.SH,2023-01-25,503.55,501.62,518.18,502.36,13221410829.58
000858.SZ,2023-01-25,40.65,41.03,41.34,40.36,917731345.65
300750.SZ,2023-01-25,70.67,70.93,71.53,67.83,1431394254.36
601318.SH,2023-01-25,27.8,27.72,27.81,27.0,922630423.68
000333.SZ,2023-01-25,16.7,16.78,16.72,16.22,559234942.23
600036.SH,2023-01-25,63.12,62.67,64.72,63.07,2168599772.53
002415.SZ,2023-01-25,10.0,9.99,10.14,9.97,231768042.92
600276.SH,2023-01-25,12.56,12.49,12.6,12.55,472420256.87
002594.SZ,2023-01-25,109.13,109.31,109.41,108.18,3186094623.15
601012.SH,2023-01-25,138.66,137.55,139.3,135.5,3709999375.98
600887.SH,2023-01-25,53.06,52.86,54.33,52.05,769572118.94
000002.SZ,2023-01-25,310.9,308.07,314.02,308.34,2231920013.32
600519.SH,2023-01-26,503.37,502.8,503.99,489.6,21015704191.62
000858.SZ,2023-01-26,41.08,41.54,41.62,41.0,1731114023.02
300750.SZ,2023-01-26,69.21,69.36,70.48,69.09,1596295188.96
601318.SH,2023-01-26,26.58,26.49,26.7,26.54,315566513.43
000333.SZ,2023-01-26,15.79,15.73,15.84,15.53,774367682.55
600036.SH,2023-01-26,60.83,60.62,61.6,60.65,2641657542.38
002415.SZ,2023-01-26,9.76,9.79,9.81,9.52,433806888.65
600276.SH,2023-01-26,12.39,12.41,12.61,12.34,223029295.01
002594.SZ,2023-01-26,109.21,108.86,111.05,108.6,2504403476.13
601012.SH,2023-01-26,140.39,138.66,141.97,137.12,1611120614.28
600887.SH,2023-01-26,53.81,53.76,54.02,52.88,1179914316.38
000002.SZ,2023-01-26,301.93,302.76,303.86,298.91,10214754521.64
600519.SH,2023-01-27,527.48,529.86,535.03,523.53,538479358.21
000858.SZ,2023-01-27,40.98,40.78,41.1,40.5,98309131.15
300750.SZ,2023-01-27,68.21,68.35,68.91,68.18,763202146.93
601318.SH,2023-01-27,26.53,26.37,27.02,25.94,373227723.71
000333.SZ,2023-01-27,15.9,15.73,16.01,15.63,64035421.04
600036.SH,2023-01-27,61.4,61.65,61.59,60.46,2965760905.35
002415.SZ,2023-01-27,9.63,9.7,9.7,9.54,39629763.18
600276.SH,2023-01-27,12.87,13.06,12.89,12.62,23723193.31
002594.SZ,2023-01-27,105.01,104.41,106.36,104.99,2063905728.84
601012.SH,2023-01-27,142.14,141.93,143.63,141.8,1001799358.02
600887.SH,2023-01-27,54.87,54.78,56.97,54.78,678423870.17
000002.SZ,2023-01-27,301.7,302.34,306.95,300.14,13343910074.1
600519.SH,2023-01-30,515.24,511.25,517.19,499.12,11170017542.53
000858.SZ,2023-01-30,41.08,41.17,41.47,40.46,1024030034.79
300750.SZ,2023-01-30,69.83,69.62,70.47,69.52,2798553830.86
601318.SH,2023-01-30,26.6,26.6,26.88,26.47,159087677.71
000333.SZ,2023-01-30,15.7,15.63,15.93,15.03,621845669.37
600036.SH,2023-01-30,58.29,58.22,59.14,57.4,1183705362.15
002415.SZ,2023-01-30,9.71,9.76,9.75,9.59,445589159.9
600276.SH,2023-01-30,12.25,12.28,12.69,11.99,269869719.64
002594.SZ,2023-01-30,107.95,107.64,108.66,106.48,4138097304.67
601012.SH,2023-01-30,139.45,140.19,140.33,136.71,300640857.94
600887.SH,2023-01-30,56.48,56.07,58.01,55.7,593412371.55
000002.SZ,2023-01-30,309.32,307.9,310.02,308.65,12142073450.63
600519.SH,2023-01-31,515.13,518.64,520.46,512.13,9591832244.36
000858.SZ,2023-01-31,40.9,40.96,41.71,40.56,2033655025.52
300750.SZ,2023-01-31,73.27,74.01,73.49,72.31,3170175728.22
601318.SH,2023-01-31,26.44,26.25,26.86,26.34,694513946.24
000333.SZ,2023-01-31,15.59,15.55,15.82,15.3,252060873.78
600036.SH,2023-01-31,57.64,57.72,57.78,57.52,825266735.87
002415.SZ,2023-01-31,9.53,9.51,9.57,9.46,197712932.63
600276.SH,2023-01-31,12.26,12.3,12.32,12.09,266792708.24
002594.SZ,2023-01-31,107.59,107.69,109.16,107.56,5247248410.68
601012.SH,2023-01-31,130.15,129.51,133.26,129.1,1369458106.26
600887.SH,2023-01-31,55.03,54.67,56.03,54.39,584361544.34
000002.SZ,2023-01-31,319.35,316.27,323.01,317.95,12069895833.41
600519.SH,2023-02-01,526.47,528.03,529.74,508.98,15046222688.05
000858.SZ,2023-02-01,43.3,42.98,43.86,42.02,657446158.59
300750.SZ,2023-02-01,70.25,69.81,70.57,70.1,2541707365.74
601318.SH,2023-02-01,25.14,25.05,25.28,25.05,293200559.0
000333.SZ,2023-02-01,16.02,15.98,16.25,15.89,596975378.82
600036.SH,2023-02-01,56.16,55.67,56.23,54.97,1990545635.42
002415.SZ,2023-02-01,9.74,9.74,9.76,9.71,405946899.14
600276.SH,2023-02-01,12.07,12.1,12.25,11.89,535939117.48
002594.SZ,2023-02-01,110.82,111.17,111.3,109.47,4896373681.98
601012.SH,2023-02-01,129.19,129.24,131.45,127.12,4280892249.51
600887.SH,2023-02-01,54.86,54.92,55.03,54.71,817673494.73
000002.SZ,2023-02-01,331.49,329.64,338.79,322.83,1370178474.54
600519.SH,2023-02-02,536.73,536.96,541.35,525.87,11074332551.84
000858.SZ,2023-02-02,42.63,42.95,43.12,42.37,513810147.27
300750.SZ,2023-02-02,65.42,65.72,66.84,65.03,1798011142.82
601318.SH,2023-02-02,26.15,26.13,26.38,25.57,287177948.98
000333.SZ,2023-02-02,15.99,15.99,16.15,15.96,365374188.91
600036.SH,2023-02-02,56.57,56.87,56.81,54.31,2671065453.85
002415.SZ,2023-02-02,9.53,9.49,9.6,9.42,321005679.1
600276.SH,2023-02-02,12.04,12.02,12.17,11.97,220356864.23
002594.SZ,2023-02-02,108.63,108.82,109.03,107.94,594613331.3
601012.SH,2023-02-02,127.02,126.53,127.59,126.54,2535291098.19
600887.SH,2023-02-02,51.43,51.76,51.72,51.19,2443202784.27
000002.SZ,2023-02-02,337.72,336.9,338.59,334.61,15719128402.61
600519.SH,2023-02-03,539.9,543.37,544.28,539.45,24611711594.96
000858.SZ,2023-02-03,41.8,41.53,42.32,41.02,2069153323.06
300750.SZ,2023-02-03,67.34,67.46,68.75,65.21,136990561.42
601318.SH,2023-02-03,26.01,26.09,26.24,25.54,674822861.98
000333.SZ,2023-02-03,15.82,15.83,15.83,15.75,631073302.35
600036.SH,2023-02-03,55.14,55.27,56.11,53.73,1856331528.24
002415.SZ,2023-02-03,9.9,9.91,10.01,9.89,396503473.04
600276.SH,2023-02-03,12.68,12.6,13.02,12.47,196781802.42
002594.SZ,2023-02-03,105.83,106.28,107.15,104.5,4975926922.58
601012.SH,2023-02-03,123.79,123.67,123.79,122.1,3012965504.02
600887.SH,2023-02-03,51.1,51.32,51.89,50.67,1283087847.56
000002.SZ,2023-02-03,344.46,347.44,350.06,342.69,8618779758.19
600519.SH,2023-02-06,540.91,542.92,549.81,529.32,2256421670.19
000858.SZ,2023-02-06,41.65,41.63,42.13,41.28,1901052246.02
300750.SZ,2023-02-06,68.7,68.57,68.96,68.5,2038854411.1
601318.SH,2023-02-06,26.16,26.25,26.24,25.55,231014086.58
000333.SZ,2023-02-06,15.72,15.92,15.89,15.67,587810027.59
600036.SH,2023-02-06,54.91,54.87,55.84,53.6,401004567.72
002415.SZ,2023-02-06,9.81,9.88,9.87,9.76,449910956.09
600276.SH,2023-02-06,13.0,13.02,13.02,12.8,364881115.25
002594.SZ,2023-02-06,105.83,105.79,106.41,103.14,2482168796.67
601012.SH,2023-02-06,123.76,123.43,126.28,122.61,3347152773.82
600887.SH,2023-02-06,51.12,50.78,51.71,50.14,1122138032.89
000002.SZ,2023-02-06,352.63,351.51,357.75,340.38,2240740161.4
600519.SH,2023-02-07,535.63,537.17,540.62,534.55,21251192371.71
000858.SZ,2023-02-07,43.68,43.43,43.95,43.6,2073460433.44
300750.SZ,2023-02-07,67.24,66.97,69.21,65.75,1775327975.78
601318.SH,2023-02-07,25.21,25.29,25.54,25.1,747613847.38
000333.SZ,2023-02-07,15.82,15.83,15.89,15.75,328048079.16
600036.SH,2023-02-07,55.42,55.54,56.26,54.07,2483755421.98
002415.SZ,2023-02-07,9.71,9.7,9.79,9.66,13640355.93
600276.SH,2023-02-07,14.08,14.0,14.36,14.0,294040306.18
002594.SZ,2023-02-07,107.04,107.54,107.27,106.73,4513577057.36
601012.SH,2023-02-07,127.7,127.77,130.44,127.59,3752305752.67
600887.SH,2023-02-07,51.93,51.37,54.8,50.21,2374491027.91
000002.SZ,2023-02-07,355.82,356.44,357.02,354.61,5057148963.69
600519.SH,2023-02-08,523.54,523.67,525.14,515.18,14238882582.36
000858.SZ,2023-02-08,43.88,43.84,45.29,43.33,850690215.97
300750.SZ,2023-02-08,68.18,68.55,69.94,67.4,400307478.23
601318.SH,2023-02-08,24.39,24.38,24.42,24.15,674296563.97
000333.SZ,2023-02-08,14.91,14.96,14.96,14.85,358960925.9
600036.SH,2023-02-08,57.14,57.09,57.34,57.11,686352315.8
002415.SZ,2023-02-08,9.87,9.88,10.05,9.78,424624249.84
600276.SH,2023-02-08,14.24,14.37,14.47,14.15,477094365.77
002594.SZ,2023-02-08,106.35,106.3,109.36,104.02,4754248630.3
601012.SH,2023-02-08,130.37,131.38,134.06,128.87,3466144755.49
600887.SH,2023-02-08,50.15,50.56,52.29,49.8,957354984.05
000002.SZ,2023-02-08,350.75,349.66,352.57,346.3,4929596009.16
600519.SH,2023-02-09,516.24,517.03,522.39,505.88,16740421081.45
000858.SZ,2023-02-09,45.19,45.0,45.58,45.19,697734162.33
300750.SZ,2023-02-09,67.75,67.58,68.48,67.56,2123788842.34
601318.SH,2023-02-09,24.03,23.86,24.07,23.8,278908640.09
000333.SZ,2023-02-09,15.23,15.23,15.27,15.18,507089286.38
600036.SH,2023-02-09,58.54,58.49,59.23,58.14,2276754913.4
002415.SZ,2023-02-09,9.84,9.8,9.84,9.71,169523906.31
600276.SH,2023-02-09,14.39,14.39,14.53,14.21,434061290.46
002594.SZ,2023-02-09,102.98,102.35,105.25,101.69,3075834145.18
601012.SH,2023-02-09,128.57,127.67,130.75,127.05,6204539864.37
600887.SH,2023-02-09,49.01,48.77,50.05,48.89,483820818.2
000002.SZ,2023-02-09,348.51,346.65,349.25,345.34,17240389477.42
600519.SH,2023-02-10,526.33,525.0,529.86,513.59,22537532317.82
000858.SZ,2023-02-10,44.36,44.3,44.96,43.38,759372947.9
300750.SZ,2023-02-10,68.96,68.59,70.66,68.85,1835515102.11
601318.SH,2023-02-10,24.54,24.53,24.86,24.21,366282053.25
000333.SZ,2023-02-10,14.9,14.76,14.91,14.69,115208038.28
600036.SH,2023-02-10,61.72,61.16,62.0,61.53,2650039619.44
002415.SZ,2023-02-10,9.78,9.86,9.85,9.74,93172024.42
600276.SH,2023-02-10,14.01,14.02,14.35,13.65,70888086.46
002594.SZ,2023-02-10,100.62,99.97,101.47,98.27,214063875.45
601012.SH,2023-02-10,130.11,130.4,134.16,128.89,6044519766.61
600887.SH,2023-02-10,48.79,48.79,48.87,48.23,1956370078.11
000002.SZ,2023-02-10,349.79,347.01,354.07,343.74,1780358792.22
600519.SH,2023-02-13,495.77,499.67,498.09,494.36,21187596717.67
000858.SZ,2023-02-13,43.38,43.01,43.83,43.2,1806053076.85
300750.SZ,2023-02-13,66.45,66.4,67.5,66.02,741304077.43
601318.SH,2023-02-13,25.04,25.15,25.1,24.31,984942884.31
000333.SZ,2023-02-13,14.67,14.71,14.81,14.17,97546855.84
600036.SH,2023-02-13,60.88,61.4,62.58,60.72,1147297752.3
002415.SZ,2023-02-13,9.8,9.83,10.13,9.5,439965343.37
600276.SH,2023-02-13,14.43,14.66,14.48,14.38,98479180.27
002594.SZ,2023-02-13,102.86,102.33,103.67,102.08,439560338.45
601012.SH,2023-02-13,133.09,131.83,133.17,132.54,312917652.55
600887.SH,2023-02-13,47.88,48.05,48.53,47.88,1607962588.2
000002.SZ,2023-02-13,347.05,346.77,351.26,344.32,11205703228.2
600519.SH,2023-02-14,496.43,499.41,497.4,496.15,5720296961.44
000858.SZ,2023-02-14,42.32,42.43,43.03,41.92,1426662935.4
300750.SZ,2023-02-14,66.34,66.28,66.9,65.76,2111799520.66
601318.SH,2023-02-14,25.1,25.13,25.75,24.71,890493660.93
000333.SZ,2023-02-14,14.94,14.92,15.15,14.89,209057404.44
600036.SH,2023-02-14,58.01,58.62,58.23,57.06,1717947639.46
002415.SZ,2023-02-14,9.73,9.75,9.92,9.5,395671559.43
600276.SH,2023-02-14,14.47,14.54,14.65,14.23,621389250.98
002594.SZ,2023-02-14,107.47,107.76,108.68,106.02,4305201931.17
601012.SH,2023-02-14,135.27,134.14,135.4,133.0,5347897309.41
600887.SH,2023-02-14,47.27,47.45,48.59,46.83,30929573.11
000002.SZ,2023-02-14,340.9,343.49,342.28,333.89,9479480452.86
600519.SH,2023-02-15,505.09,502.99,512.58,492.7,17457448693.01
000858.SZ,2023-02-15,42.84,42.64,43.37,42.79,475654356.32
300750.SZ,2023-02-15,64.89,64.56,66.77,64.18,2048652281.05
601318.SH,2023-02-15,25.17,25.5,25.69,25.14,288035037.44
000333.SZ,2023-02-15,15.52,15.61,15.55,15.41,173494616.51
600036.SH,2023-02-15,58.93,58.42,59.3,58.69,887077645.16
002415.SZ,2023-02-15,9.55,9.5,9.56,9.39,209149078.7
600276.SH,2023-02-15,13.95,13.91,14.15,13.86,151036099.86
002594.SZ,2023-02-15,109.25,108.35,109.35,108.12,334470098.69
601012.SH,2023-02-15,136.09,135.92,137.15,131.54,6337569238.55
600887.SH,2023-02-15,48.49,48.31,49.11,48.14,1923211917.45
000002.SZ,2023-02-15,352.08,353.49,354.37,349.03,2591263981.69
600519.SH,2023-02-16,496.37,494.27,503.52,493.66,23519040938.4
000858.SZ,2023-02-16,42.89,42.85,43.37,42.19,704267246.43
300750.SZ,2023-02-16,63.5,62.87,63.68,62.83,2637102455.36
601318.SH,2023-02-16,24.09,24.1,24.34,23.76,372092145.18
000333.SZ,2023-02-16,15.42,15.43,15.63,15.29,628382819.83
600036.SH,2023-02-16,60.17,60.37,60.42,59.59,2743863443.16
002415.SZ,2023-02-16,9.58,9.56,9.82,9.49,101008243.6
600276.SH,2023-02-16,13.95,13.94,14.05,13.85,156626037.57
002594.SZ,2023-02-16,105.15,105.31,105.83,103.14,1264923625.82
601012.SH,2023-02-16,136.64,136.99,138.36,135.06,4748426415.76
600887.SH,2023-02-16,48.53,48.76,48.65,48.17,442052368.5
000002.SZ,2023-02-16,352.31,353.61,360.4,343.33,2944714893.13
600519.SH,2023-02-17,491.61,491.27,497.08,488.29,8739718590.99
000858.SZ,2023-02-17,42.58,42.59,42.72,41.8,54962558.21
300750.SZ,2023-02-17,64.41,64.18,65.71,63.82,1665509793.65
601318.SH,2023-02-17,24.33,24.38,24.43,23.93,595030324.16
000333.SZ,2023-02-17,14.71,14.72,14.88,14.45,191698087.75
600036.SH,2023-02-17,60.66,60.47,61.2,57.87,1622972746.04
002415.SZ,2023-02-17,9.51,9.57,9.58,9.27,343543784.15
600276.SH,2023-02-17,14.0,13.92,14.06,13.9,532184571.14
002594.SZ,2023-02-17,107.14,106.21,108.98,106.4,518243687.97
601012.SH,2023-02-17,139.12,137.31,139.46,137.54,1326929373.98
600887.SH,2023-02-17,50.78,50.74,51.63,50.15,821251251.8
000002.SZ,2023-02-17,350.71,353.33,350.99,341.96,6873251289.5
600519.SH,2023-02-20,500.28,499.48,509.44,497.26,21981392589.66
000858.SZ,2023-02-20,41.48,41.42,42.52,40.11,1378702723.51
300750.SZ,2023-02-20,65.5,65.61,65.51,64.79,447847199.54
601318.SH,2023-02-20,23.52,23.54,23.52,23.01,1161214662.7
000333.SZ,2023-02-20,15.04,15.09,15.44,14.93,477412965.69
600036.SH,2023-02-20,59.07,59.15,59.44,57.86,319331674.09
002415.SZ,2023-02-20,9.21,9.28,9.21,9.0,206629191.47
600276.SH,2023-02-20,14.21,14.16,14.31,14.0,266098804.95
002594.SZ,2023-02-20,109.16,108.49,111.96,107.85,5434856089.8
601012.SH,2023-02-20,145.09,144.29,147.38,144.83,1392330467.25
600887.SH,2023-02-20,50.38,50.45,51.79,50.15,2134072968.76
000002.SZ,2023-02-20,346.41,344.69,349.04,338.09,4020723076.77
600519.SH,2023-02-21,499.7,500.57,501.91,497.76,1547224448.57
000858.SZ,2023-02-21,40.19,40.23,40.74,39.57,663167942.17
300750.SZ,2023-02-21,64.19,64.21,64.38,63.43,1733930441.89
601318.SH,2023-02-21,23.6,23.77,23.79,23.44,284672936.49
000333.SZ,2023-02-21,14.57,14.64,14.64,14.38,363020950.11
600036.SH,2023-02-21,55.85,55.24,57.11,55.67,1686752024.51
002415.SZ,2023-02-21,8.87,8.83,8.96,8.84,177940484.83
600276.SH,2023-02-21,14.25,14.28,14.42,14.22,120126409.51
002594.SZ,2023-02-21,105.94,106.3,107.79,105.01,3275914773.54
601012.SH,2023-02-21,148.7,147.48,149.02,145.32,1525119070.34
600887.SH,2023-02-21,51.43,51.73,52.0,50.88,1225306687.11
000002.SZ,2023-02-21,352.2,350.96,355.22,340.15,6429633684.21
600519.SH,2023-02-22,497.3,494.03,506.65,493.49,19909817233.88
000858.SZ,2023-02-22,40.32,40.49,40.35,39.82,1422485591.81
300750.SZ,2023-02-22,62.23,61.72,63.11,61.86,1638348242.11
601318.SH,2023-02-22,23.81,23.83,24.22,23.51,190127736.81
000333.SZ,2023-02-22,14.89,14.82,15.03,14.69,434846517.97
600036.SH,2023-02-22,55.96,56.12,56.73,55.49,526073359.24
002415.SZ,2023-02-22,8.59,8.63,8.74,8.47,392489888.83
600276.SH,2023-02-22,13.66,13.58,13.93,13.64,554279586.01
002594.SZ,2023-02-22,105.42,105.24,107.17,105.4,1483922607.45
601012.SH,2023-02-22,148.03,147.86,148.27,146.46,7099079615.25
600887.SH,2023-02-22,54.21,54.18,55.01,54.01,279226857.83
000002.SZ,2023-02-22,339.92,338.08,345.12,337.67,2584523071.31
600519.SH,2023-02-23,478.03,478.73,482.99,464.91,18016494458.56
000858.SZ,2023-02-23,40.67,40.9,40.7,40.5,949100394.11
300750.SZ,2023-02-23,61.52,60.79,61.95,61.35,2374211089.99
601318.SH,2023-02-23,25.49,25.57,25.56,24.99,99495774.46
000333.SZ,2023-02-23,14.44,14.32,14.44,14.33,303136404.7
600036.SH,2023-02-23,58.14,57.9,58.38,57.9,1466841975.05
002415.SZ,2023-02-23,8.39,8.31,8.47,8.29,161263871.23
600276.SH,2023-02-23,13.66,13.7,13.92,13.6,326674937.15
002594.SZ,2023-02-23,104.77,104.93,107.3,104.4,4427160981.76
601012.SH,2023-02-23,144.56,144.71,145.45,141.6,3348897421.48
600887.SH,2023-02-23,56.06,55.91,57.46,55.41,2782152404.21
000002.SZ,2023-02-23,344.86,345.69,349.06,343.87,10645695571.25
600519.SH,2023-02-24,466.9,466.62,478.66,466.13,13685751508.17
000858.SZ,2023-02-24,41.99,41.71,42.37,41.48,2087661304.14
300750.SZ,2023-02-24,60.26,60.34,60.59,59.15,2735329987.44
601318.SH,2023-02-24,26.35,26.15,26.51,25.84,55993553.27
000333.SZ,2023-02-24,14.51,14.37,14.67,14.37,718839794.37
600036.SH,2023-02-24,57.02,57.24,57.94,56.2,2515778789.39
002415.SZ,2023-02-24,8.41,8.4,8.56,8.37,158289117.43
600276.SH,2023-02-24,13.38,13.33,13.4,13.18,318435641.29
002594.SZ,2023-02-24,100.23,100.15,100.4,99.78,65929591.63
601012.SH,2023-02-24,149.6,148.93,152.47,149.44,867789368.5
600887.SH,2023-02-24,55.26,55.37,56.19,55.05,274977307.78
000002.SZ,2023-02-24,338.4,336.23,349.34,335.55,13438763354.21
600519.SH,2023-02-27,450.28,450.15,450.78,440.63,13464408621.94
000858.SZ,2023-02-27,42.28,42.25,43.01,42.21,1357321463.81
300750.SZ,2023-02-27,57.22,56.93,57.71,57.03,358713023.1
601318.SH,2023-02-27,25.67,25.48,26.04,25.64,907326737.04
000333.SZ,2023-02-27,14.59,14.54,14.68,14.38,4127550.85
600036.SH,2023-02-27,55.33,55.11,56.16,54.66,405222169.5
002415.SZ,2023-02-27,8.54,8.56,8.59,8.47,185481435.49
600276.SH,2023-02-27,13.6,13.72,13.8,13.56,64109854.67
002594.SZ,2023-02-27,102.51,102.36,103.89,101.07,947215319.96
601012.SH,2023-02-27,148.72,149.03,153.65,145.29,6058160476.4
600887.SH,2023-02-27,54.24,54.19,54.79,54.04,2046714561.67
000002.SZ,2023-02-27,332.78,331.75,339.34,319.81,11218105781.41
600519.SH,2023-02-28,471.64,471.11,471.86,468.5,18272577593.05
000858.SZ,2023-02-28,42.88,42.83,43.08,42.71,871264581.33
300750.SZ,2023-02-28,57.6,57.59,58.7,55.37,857928355.99
601318.SH,2023-02-28,25.93,26.04,26.63,25.68,737383738.64
000333.SZ,2023-02-28,15.27,15.45,15.42,15.12,670807358.77
600036.SH,2023-02-28,57.36,56.97,58.91,57.11,927206479.13
002415.SZ,2023-02-28,8.19,8.18,8.2,8.09,347414959.51
600276.SH,2023-02-28,13.69,13.64,13.83,13.57,98140185.21
002594.SZ,2023-02-28,107.19,107.76,107.74,106.17,2531733828.39
601012.SH,2023-02-28,148.0,147.69,152.26,147.97,589055182.01
600887.SH,2023-02-28,54.16,53.86,54.6,52.49,314878696.32
000002.SZ,2023-02-28,326.87,327.08,327.98,326.47,1324317818.59
600519.SH,2023-03-01,477.77,475.21,480.37,463.85,1155924838.7
000858.SZ,2023-03-01,42.51,42.8,42.55,42.41,1379478777.85
300750.SZ,2023-03-01,59.51,59.51,60.9,59.35,1525365042.4
601318.SH,2023-03-01,25.26,25.33,25.49,25.0,230288687.17
000333.SZ,2023-03-01,15.15,15.22,15.19,15.06,255689569.02
600036.SH,2023-03-01,57.64,57.83,57.8,57.11,1805459762.0
002415.SZ,2023-03-01,8.12,8.17,8.32,8.0,405804969.74
600276.SH,2023-03-01,13.59,13.6,13.61,13.55,172584880.81
002594.SZ,2023-03-01,107.84,108.15,108.34,107.5,1884205056.89
601012.SH,2023-03-01,146.89,146.25,147.8,145.21,3273892638.37
600887.SH,2023-03-01,54.34,54.13,54.89,53.91,827623017.47
000002.SZ,2023-03-01,315.91,315.18,319.27,313.41,13092592551.62
600519.SH,2023-03-02,492.62,491.75,496.42,482.45,19933672584.53
000858.SZ,2023-03-02,40.5,40.87,41.62,39.32,312459691.73
300750.SZ,2023-03-02,58.55,58.97,58.8,57.87,843623497.19
601318.SH,2023-03-02,26.16,26.42,26.18,26.1,134652989.41
000333.SZ,2023-03-02,14.34,14.35,14.48,14.14,379707702.89
600036.SH,2023-03-02,60.67,60.67,61.39,59.98,1821794589.09
002415.SZ,2023-03-02,8.0,7.88,8.21,7.86,296935945.56
600276.SH,2023-03-02,13.49,13.54,13.69,13.32,151499288.57
002594.SZ,2023-03-02,107.85,107.96,108.37,107.74,2674381714.99
601012.SH,2023-03-02,150.9,151.89,151.79,149.56,3194410290.66
600887.SH,2023-03-02,54.17,53.57,55.1,52.22,1925103286.23
000002.SZ,2023-03-02,321.23,322.59,325.59,318.03,5067175993.13
600519.SH,2023-03-03,504.71,506.18,506.85,495.92,11650869346.55
000858.SZ,2023-03-03,42.1,42.28,42.6,41.38,82322468.58
300750.SZ,2023-03-03,58.92,59.08,60.15,58.89,2119670319.0
601318.SH,2023-03-03,25.77,25.66,26.5,25.74,440942435.34
000333.SZ,2023-03-03,13.91,13.9,14.07,13.74,314805964.48
600036.SH,2023-03-03,59.65,60.17,60.27,59.46,2220385599.36
002415.SZ,2023-03-03,7.94,7.87,7.98,7.85,204309398.5
600276.SH,2023-03-03,13.3,13.3,13.4,13.19,61325119.66
002594.SZ,2023-03-03,110.0,109.5,112.63,108.17,4263714391.52
601012.SH,2023-03-03,143.56,144.91,146.41,141.94,6751095686.74
600887.SH,2023-03-03,53.31,53.6,54.06,53.24,707732535.98
000002.SZ,2023-03-03,327.74,327.89,329.97,325.26,2339660448.9
600519.SH,2023-03-06,500.29,505.57,501.69,496.54,24485646300.47
000858.SZ,2023-03-06,42.0,41.7,42.41,41.54,1463661724.56
300750.SZ,2023-03-06,59.89,59.65,61.89,59.83,206132960.96
601318.SH,2023-03-06,26.74,26.9,26.85,25.96,1199994943.63
000333.SZ,2023-03-06,14.34,14.39,14.41,14.21,226724879.88
600036.SH,2023-03-06,58.55,58.31,59.04,58.18,2056043801.23
002415.SZ,2023-03-06,7.57,7.61,7.65,7.38,27180787.32
600276.SH,2023-03-06,13.32,13.41,13.68,13.15,119341783.25
002594.SZ,2023-03-06,107.24,107.28,108.03,105.41,833982879.84
601012.SH,2023-03-06,141.89,141.44,145.74,141.43,4972404162.75
600887.SH,2023-03-06,52.23,52.52,52.28,51.57,1861238224.78
000002.SZ,2023-03-06,337.02,337.47,337.39,335.64,5619914731.9
600519.SH,2023-03-07,494.19,488.83,508.62,488.42,12117381015.88
000858.SZ,2023-03-07,41.82,41.98,41.9,41.2,1749707681.34
300750.SZ,2023-03-07,61.37,61.09,61.42,59.31,563618629.22
601318.SH,2023-03-07,27.04,27.32,27.27,26.45,1234448770.38
000333.SZ,2023-03-07,14.25,14.35,14.64,14.11,661481478.84
600036.SH,2023-03-07,58.97,58.44,59.92,58.37,1891536780.94
002415.SZ,2023-03-07,7.86,7.84,7.89,7.83,60283905.04
600276.SH,2023-03-07,13.6,13.6,13.73,13.54,597621383.14
002594.SZ,2023-03-07,106.89,107.67,107.35,106.78,3468715077.86
601012.SH,2023-03-07,143.66,143.45,149.39,143.14,3571634036.16
600887.SH,2023-03-07,52.47,52.35,52.83,51.69,496818793.39
000002.SZ,2023-03-07,348.53,349.63,348.94,345.88,10008584108.07
600519.SH,2023-03-08,490.15,491.71,499.16,478.95,13182554659.02
000858.SZ,2023-03-08,42.49,41.87,42.9,41.81,1062724229.49
300750.SZ,2023-03-08,64.63,64.6,65.11,64.4,3052815286.05
601318.SH,2023-03-08,26.5,26.48,26.91,26.43,1284864886.14
000333.SZ,2023-03-08,14.25,14.23,14.51,14.04,626276292.19
600036.SH,2023-03-08,61.3,61.41,61.79,58.82,2287078772.76
002415.SZ,2023-03-08,8.23,8.28,8.4,7.94,249705980.21
600276.SH,2023-03-08,13.89,13.89,14.27,13.6,545193629.43
002594.SZ,2023-03-08,107.98,108.13,108.68,105.04,4104008150.74
601012.SH,2023-03-08,143.45,143.74,143.96,141.34,801153713.11
600887.SH,2023-03-08,50.21,50.03,50.72,49.98,1541933537.07
000002.SZ,2023-03-08,340.92,338.39,341.02,337.4,1270176004.54
600519.SH,2023-03-09,503.52,508.26,503.76,495.19,17253235575.93
000858.SZ,2023-03-09,41.99,41.81,42.07,41.98,357377262.52
300750.SZ,2023-03-09,64.21,64.32,65.53,63.94,1451436473.32
601318.SH,2023-03-09,26.65,26.72,27.14,26.29,478310626.51
000333.SZ,2023-03-09,14.2,14.22,14.22,14.01,384646395.97
600036.SH,2023-03-09,60.62,60.62,61.55,59.81,2595016325.14
002415.SZ,2023-03-09,7.78,7.87,7.87,7.75,151028867.53
600276.SH,2023-03-09,14.04,13.9,14.19,13.99,550927451.66
002594.SZ,2023-03-09,107.98,107.32,108.29,105.92,1565709732.57
601012.SH,2023-03-09,144.4,144.17,146.13,142.3,6427009056.9
600887.SH,2023-03-09,49.73,49.78,51.16,49.39,968138191.15
000002.SZ,2023-03-09,346.73,347.32,346.78,345.34,11034064308.56
600519.SH,2023-03-10,492.93,492.29,494.25,491.24,24054006864.11
000858.SZ,2023-03-10,43.55,43.45,44.45,43.4,411463192.15
300750.SZ,2023-03-10,65.54,66.1,65.55,64.91,1750192320.51
601318.SH,2023-03-10,27.31,27.33,27.97,26.79,451985777.67
000333.SZ,2023-03-10,14.13,14.31,14.2,14.1,274515401.64
600036.SH,2023-03-10,57.23,57.42,58.01,56.71,992865139.9
002415.SZ,2023-03-10,7.58,7.53,7.64,7.49,38997145.76
600276.SH,2023-03-10,13.43,13.5,13.52,12.97,467980807.0
002594.SZ,2023-03-10,108.13,107.91,108.53,107.88,4981411659.31
601012.SH,2023-03-10,145.87,146.57,147.19,144.29,5525813388.86
600887.SH,2023-03-10,52.3,52.1,52.34,50.91,50583075.2
000002.SZ,2023-03-10,340.88,336.97,341.14,335.53,8304582375.09
600519.SH,2023-03-13,487.08,487.56,490.04,485.39,18141730701.23
000858.SZ,2023-03-13,41.8,41.71,41.91,40.39,632176066.99
300750.SZ,2023-03-13,70.07,70.01,71.58,69.1,516545101.23
601318.SH,2023-03-13,27.74,27.73,27.87,27.34,104089000.98
000333.SZ,2023-03-13,14.59,14.58,14.66,14.54,4030252.91
600036.SH,2023-03-13,56.66,56.55,58.09,55.59,1375823107.79
002415.SZ,2023-03-13,7.52,7.47,7.61,7.49,238800252.9
600276.SH,2023-03-13,13.35,13.51,13.4,13.27,203538307.47
002594.SZ,2023-03-13,101.98,102.46,102.45,99.08,885121754.25
601012.SH,2023-03-13,143.14,143.61,143.71,141.64,1285880638.3
600887.SH,2023-03-13,52.28,52.18,52.87,51.9,272863358.54
000002.SZ,2023-03-13,343.51,347.33,349.36,340.52,16399084722.75
600519.SH,2023-03-14,501.45,509.14,506.94,497.64,16464797609.62
000858.SZ,2023-03-14,42.1,42.0,42.33,41.5,579553966.13
300750.SZ,2023-03-14,69.02,68.96,69.22,68.92,829417275.91
601318.SH,2023-03-14,27.16,27.18,27.59,26.9,591926887.14
000333.SZ,2023-03-14,14.36,14.41,14.53,14.17,287660990.53
600036.SH,2023-03-14,59.29,59.4,60.54,58.26,1490021492.94
002415.SZ,2023-03-14,7.56,7.55,7.66,7.45,13886100.86
600276.SH,2023-03-14,13.34,13.58,13.41,13.02,271983527.06
002594.SZ,2023-03-14,106.16,106.34,107.04,103.62,3505567812.14
601012.SH,2023-03-14,145.32,144.28,147.98,145.29,6877795945.3
600887.SH,2023-03-14,52.91,52.95,53.19,52.78,1365495390.58
000002.SZ,2023-03-14,333.85,334.62,335.12,332.7,10500034091.1
600519.SH,2023-03-15,513.83,515.88,524.03,512.37,6885369648.63
000858.SZ,2023-03-15,40.89,41.17,41.48,40.41,475883665.81
300750.SZ,2023-03-15,68.89,68.71,70.38,68.43,2659389983.01
601318.SH,2023-03-15,26.31,26.36,26.79,26.29,233409831.5
000333.SZ,2023-03-15,14.95,14.99,15.08,14.87,427616603.21
600036.SH,2023-03-15,60.14,60.43,61.0,58.98,2930237512.76
002415.SZ,2023-03-15,7.5,7.47,7.65,7.23,94000105.31
600276.SH,2023-03-15,13.02,13.03,13.23,12.69,385467448.14
002594.SZ,2023-03-15,104.92,104.76,107.01,104.22,734214873.46
601012.SH,2023-03-15,146.27,145.82,151.02,144.66,539541794.28
600887.SH,2023-03-15,50.33,50.04,50.93,50.29,999973850.76
000002.SZ,2023-03-15,340.78,341.12,341.91,338.1,7648995762.46
600519.SH,2023-03-16,526.31,526.85,527.17,518.1,16273490961.95
000858.SZ,2023-03-16,40.81,41.04,40.99,40.48,174032606.13
300750.SZ,2023-03-16,69.56,69.79,70.43,68.96,3362530872.96
601318.SH,2023-03-16,26.99,26.94,27.33,26.63,1015413932.0
000333.SZ,2023-03-16,15.21,15.25,15.38,15.08,657807095.12
600036.SH,2023-03-16,60.55,60.47,61.15,59.48,822401589.31
002415.SZ,2023-03-16,7.39,7.36,7.43,7.36,98966793.92
600276.SH,2023-03-16,12.9,12.95,12.97,12.61,269416987.63
002594.SZ,2023-03-16,104.88,104.49,106.05,104.52,2124235351.85
601012.SH,2023-03-16,138.68,138.52,138.78,134.41,201199704.82
600887.SH,2023-03-16,50.79,50.94,51.51,50.2,1752653792.77
000002.SZ,2023-03-16,330.32,331.33,334.84,329.21,11873154785.27
600519.SH,2023-03-17,528.85,530.52,531.27,524.98,5588620730.43
000858.SZ,2023-03-17,40.82,40.49,40.94,40.23,1619645891.7
300750.SZ,2023-03-17,69.0,68.8,69.44,67.83,2720337347.17
601318.SH,2023-03-17,25.79,25.81,26.01,25.19,1153786028.72
000333.SZ,2023-03-17,15.39,15.44,15.63,15.37,651779131.34
600036.SH,2023-03-17,60.95,60.83,61.6,59.82,2349143526.22
002415.SZ,2023-03-17,7.42,7.43,7.43,7.41,158667678.57
600276.SH,2023-03-17,13.0,12.92,13.12,12.9,464299708.01
002594.SZ,2023-03-17,102.69,101.95,104.6,100.64,3086427771.08
601012.SH,2023-03-17,142.85,143.09,144.34,136.48,6011061194.61
600887.SH,2023-03-17,50.85,51.05,51.15,50.38,1404420763.52
000002.SZ,2023-03-17,337.35,335.98,339.81,332.32,6795619467.4
600519.SH,2023-03-20,517.25,517.57,517.86,508.77,12239684163.35
000858.SZ,2023-03-20,40.12,39.98,40.45,40.08,1587763679.89
300750.SZ,2023-03-20,69.53,69.91,70.0,69.49,1319858129.93
601318.SH,2023-03-20,25.98,26.03,26.21,25.62,1224132983.67
000333.SZ,2023-03-20,15.4,15.27,15.73,15.16,582970867.65
600036.SH,2023-03-20,62.89,62.59,63.14,61.75,1322308724.94
002415.SZ,2023-03-20,7.12,7.09,7.34,7.04,126765872.92
600276.SH,2023-03-20,13.02,13.03,13.05,12.99,315394189.77
002594.SZ,2023-03-20,99.19,98.47,100.37,97.53,572140596.94
601012.SH,2023-03-20,149.13,149.32,151.18,148.41,1045649941.94
600887.SH,2023-03-20,51.25,51.67,51.39,50.99,326108141.99
000002.SZ,2023-03-20,350.61,349.63,355.92,350.35,13476499363.01
600519.SH,2023-03-21,538.51,538.03,541.29,534.67,8949835644.61
000858.SZ,2023-03-21,39.51,39.28,39.75,39.3,401517994.74
300750.SZ,2023-03-21,68.89,68.82,69.6,68.66,2029550679.05
601318.SH,2023-03-21,26.91,26.87,27.28,26.86,1076501971.89
000333.SZ,2023-03-21,15.11,15.13,15.26,14.7,701286023.22
600036.SH,2023-03-21,62.71,62.52,63.83,61.39,156559044.14
002415.SZ,2023-03-21,7.05,7.06,7.08,6.97,263547151.82
600276.SH,2023-03-21,12.66,12.56,12.95,12.56,407251296.37
002594.SZ,2023-03-21,104.27,104.27,104.51,103.82,1653068647.16
601012.SH,2023-03-21,151.87,151.79,152.85,150.4,4404477769.94
600887.SH,2023-03-21,50.79,51.08,51.02,50.3,1301024097.72
000002.SZ,2023-03-21,339.04,340.81,345.44,328.51,14017241953.63
600519.SH,2023-03-22,537.09,538.31,538.44,525.71,10837805421.88
000858.SZ,2023-03-22,40.18,40.36,40.27,40.03,1644235916.93
300750.SZ,2023-03-22,71.99,71.33,73.61,71.07,343831293.5
601318.SH,2023-03-22,28.31,28.58,28.75,27.93,1291309246.56
000333.SZ,2023-03-22,15.19,15.31,15.48,14.81,628143116.27
600036.SH,2023-03-22,65.3,64.96,65.78,65.25,2500782078.19
002415.SZ,2023-03-22,7.1,7.13,7.16,7.09,248247099.88
600276.SH,2023-03-22,12.96,13.07,13.31,12.89,480210936.74
002594.SZ,2023-03-22,104.9,105.26,105.39,104.19,2044771985.36
601012.SH,2023-03-22,150.03,151.82,152.51,147.05,2147906615.15
600887.SH,2023-03-22,52.76,52.86,53.6,52.71,780448915.75
000002.SZ,2023-03-22,337.39,337.93,345.0,327.99,7873718934.3
600519.SH,2023-03-23,528.68,528.64,534.94,524.36,19359759682.57
000858.SZ,2023-03-23,39.31,39.47,39.5,39.1,649440877.74
300750.SZ,2023-03-23,73.62,73.34,74.76,72.61,19671774.35
601318.SH,2023-03-23,28.88,28.94,29.24,28.83,85789245.21
000333.SZ,2023-03-23,15.5,15.41,15.6,15.45,599371636.1
600036.SH,2023-03-23,65.61,65.65,66.71,65.42,1790605601.4
002415.SZ,2023-03-23,6.86,6.83,6.98,6.73,97925892.77
600276.SH,2023-03-23,13.37,13.27,13.47,13.27,303288778.06
002594.SZ,2023-03-23,106.78,107.53,108.0,105.51,3904253689.21
601012.SH,2023-03-23,151.64,152.46,153.33,146.43,6844165020.43
600887.SH,2023-03-23,51.59,51.63,51.95,50.68,1614117860.68
000002.SZ,2023-03-23,331.28,330.09,334.15,328.17,13917555551.12
600519.SH,2023-03-24,537.42,538.78,551.42,532.14,10026573266.25
000858.SZ,2023-03-24,38.59,38.69,39.17,38.13,1757737347.33
300750.SZ,2023-03-24,74.85,74.57,75.11,74.47,1112509065.39
601318.SH,2023-03-24,29.02,28.88,29.13,28.73,810270034.87
000333.SZ,2023-03-24,15.67,15.59,16.09,15.61,293925118.3
600036.SH,2023-03-24,67.24,67.87,67.97,66.65,1171955854.09
002415.SZ,2023-03-24,7.0,6.99,7.2,6.96,193753576.66
600276.SH,2023-03-24,13.47,13.4,13.73,13.36,483411973.94
002594.SZ,2023-03-24,104.45,103.83,105.45,103.64,429580404.16
601012.SH,2023-03-24,150.81,150.89,151.67,150.4,4898400887.84
600887.SH,2023-03-24,53.36,53.7,54.36,53.29,1286312386.41
000002.SZ,2023-03-24,333.29,334.27,336.69,332.51,14919733575.47
600519.SH,2023-03-27,561.49,558.37,568.83,550.8,14047225872.82
000858.SZ,2023-03-27,37.25,37.03,38.28,37.07,841831814.99
300750.SZ,2023-03-27,77.74,77.16,78.0,76.6,1592609524.37
601318.SH,2023-03-27,28.31,28.44,28.81,28.27,756155623.38
000333.SZ,2023-03-27,15.12,15.19,15.41,14.53,202423750.22
600036.SH,2023-03-27,65.75,65.84,66.16,65.52,2085308777.54
002415.SZ,2023-03-27,6.82,6.86,6.9,6.8,39312736.74
600276.SH,2023-03-27,14.01,13.88,14.07,13.84,666048389.26
002594.SZ,2023-03-27,101.98,102.16,103.1,101.69,785553759.2
601012.SH,2023-03-27,152.49,153.26,153.52,152.26,2928436012.04
600887.SH,2023-03-27,53.11,53.15,53.6,52.27,1117510335.54
000002.SZ,2023-03-27,319.99,318.52,328.18,318.98,7296184375.66
600519.SH,2023-03-28,568.09,572.47,568.91,564.96,5020529964.49
000858.SZ,2023-03-28,37.43,37.31,37.63,36.92,392194156.41
300750.SZ,2023-03-28,75.41,75.27,75.43,74.25,1153693969.14
601318.SH,2023-03-28,29.06,29.15,29.51,28.81,106287984.25
000333.SZ,2023-03-28,14.81,14.82,14.85,14.55,455943761.88
600036.SH,2023-03-28,62.86,63.03,63.43,61.98,3115199941.73
002415.SZ,2023-03-28,7.0,7.05,7.03,6.89,164462636.13
600276.SH,2023-03-28,13.87,13.78,13.95,13.85,429564615.91
002594.SZ,2023-03-28,99.06,99.39,99.4,98.17,3811118800.86
601012.SH,2023-03-28,150.39,149.49,151.12,148.66,6607268097.21
600887.SH,2023-03-28,52.35,52.16,52.87,51.97,115398163.43
000002.SZ,2023-03-28,319.58,319.64,326.3,316.5,6304392344.54
600519.SH,2023-03-29,551.12,554.09,556.51,548.93,7214917390.35
000858.SZ,2023-03-29,38.5,38.47,39.13,37.87,982110988.14
300750.SZ,2023-03-29,76.34,75.73,77.68,75.97,584817149.66
601318.SH,2023-03-29,28.9,28.98,29.4,28.39,78232174.32
000333.SZ,2023-03-29,15.47,15.49,16.0,15.27,698262101.55
600036.SH,2023-03-29,63.16,63.55,63.65,62.51,369817557.45
002415.SZ,2023-03-29,7.08,7.07,7.23,6.94,1593101.38
600276.SH,2023-03-29,13.83,13.88,14.27,13.59,2263615.75
002594.SZ,2023-03-29,99.12,98.53,100.79,96.37,865430132.86
601012.SH,2023-03-29,155.17,154.71,155.65,154.91,6477616764.58
600887.SH,2023-03-29,51.69,51.4,52.1,50.34,2479097409.29
000002.SZ,2023-03-29,326.57,327.06,329.98,316.83,9126248784.8
600519.SH,2023-03-30,541.63,542.76,552.25,539.53,11777395755.15
000858.SZ,2023-03-30,37.91,37.97,38.24,37.65,505574419.64
300750.SZ,2023-03-30,74.58,74.43,75.84,73.46,1365056697.67
601318.SH,2023-03-30,27.85,27.83,27.87,27.83,1035369656.25
000333.SZ,2023-03-30,15.68,15.65,15.75,15.57,640189246.91
600036.SH,2023-03-30,61.18,60.93,61.71,60.79,2443938692.18
002415.SZ,2023-03-30,7.24,7.24,7.31,6.98,311506326.28
600276.SH,2023-03-30,14.15,14.11,14.36,14.11,45887069.16
002594.SZ,2023-03-30,98.33,98.55,98.44,96.87,1793385397.63
601012.SH,2023-03-30,157.99,157.02,161.78,154.12,6561865887.01
600887.SH,2023-03-30,52.34,52.18,52.7,50.76,1388553789.19
000002.SZ,2023-03-30,334.94,333.83,338.49,333.21,138864384.69
600519.SH,2023-03-31,527.79,525.72,539.48,520.33,8006170151.1
000858.SZ,2023-03-31,38.32,38.56,38.97,38.29,1324306552.75
300750.SZ,2023-03-31,76.7,76.62,77.44,75.92,2574447080.14
601318.SH,2023-03-31,27.69,27.92,28.08,27.61,595941304.22
000333.SZ,2023-03-31,15.84,15.73,16.13,15.71,177442071.71
600036.SH,2023-03-31,60.32,60.21,60.98,60.27,2823408816.73
002415.SZ,2023-03-31,7.65,7.64,7.66,7.4,224816717.72
600276.SH,2023-03-31,14.46,14.37,14.5,14.38,552856529.17
002594.SZ,2023-03-31,97.82,97.97,98.33,96.4,3457808993.21
601012.SH,2023-03-31,163.41,164.66,166.1,162.96,3102647063.07
600887.SH,2023-03-31,52.18,52.11,52.21,51.79,1904345331.92
000002.SZ,2023-03-31,337.91,335.58,345.04,331.21,9057359487.55
600519.SH,2023-04-03,537.65,538.52,538.88,530.33,13752202341.84
000858.SZ,2023-04-03,39.82,39.84,40.82,39.04,1668361832.63
300750.SZ,2023-04-03,76.11,75.98,76.39,75.96,497878957.6
601318.SH,2023-04-03,29.08,29.08,29.27,29.07,817592815.7
000333.SZ,2023-04-03,16.24,16.12,16.45,16.14,64982462.04
600036.SH,2023-04-03,61.88,62.06,63.69,61.29,1090202533.32
002415.SZ,2023-04-03,7.81,7.73,7.95,7.79,199767421.09
600276.SH,2023-04-03,14.87,14.9,15.19,14.7,520515568.78
002594.SZ,2023-04-03,99.01,99.59,99.45,98.54,3353488276.08
601012.SH,2023-04-03,164.11,164.37,167.19,160.08,8126023064.98
600887.SH,2023-04-03,54.13,54.01,54.5,53.68,1870642115.31
000002.SZ,2023-04-03,341.15,343.2,342.36,332.17,4522454435.3
600519.SH,2023-04-04,549.26,548.68,557.4,533.25,23408279290.61
000858.SZ,2023-04-04,38.83,38.64,39.16,38.67,251836476.75
300750.SZ,2023-04-04,79.07,79.57,79.58,78.21,1102537278.14
601318.SH,2023-04-04,29.4,29.2,29.56,29.36,278927440.27
000333.SZ,2023-04-04,16.84,16.89,16.9,16.76,495781912.29
600036.SH,2023-04-04,62.82,62.55,62.98,62.26,239412957.94
002415.SZ,2023-04-04,7.8,7.84,7.89,7.78,24387719.71
600276.SH,2023-04-04,15.16,15.24,15.32,14.94,43477981.75
002594.SZ,2023-04-04,96.94,96.54,98.35,94.2,4555532966.43
601012.SH,2023-04-04,156.9,158.18,159.65,156.87,884575230.96
600887.SH,2023-04-04,52.85,52.49,54.56,52.68,522861387.94
000002.SZ,2023-04-04,352.13,350.27,355.18,351.8,1080791684.24
600519.SH,2023-04-05,539.25,545.76,555.2,526.18,11646303756.62
000858.SZ,2023-04-05,38.32,38.39,38.83,38.09,361023911.82
300750.SZ,2023-04-05,81.0,80.53,81.19,80.02,3411570219.6
601318.SH,2023-04-05,29.79,30.07,29.8,29.53,5707947.18
000333.SZ,2023-04-05,16.54,16.53,16.8,16.18,445728514.13
600036.SH,2023-04-05,62.77,62.53,64.3,61.41,2815107390.35
002415.SZ,2023-04-05,7.72,7.73,7.75,7.49,251030983.13
600276.SH,2023-04-05,15.5,15.56,15.51,15.42,544609796.67
002594.SZ,2023-04-05,98.1,98.02,99.52,95.39,2335140751.53
601012.SH,2023-04-05,153.33,154.25,153.64,152.63,1124357689.3
600887.SH,2023-04-05,51.18,51.16,51.39,50.95,47400963.65
000002.SZ,2023-04-05,338.32,339.19,340.05,332.15,14120145006.68
600519.SH,2023-04-06,546.98,551.74,548.67,543.92,19418129695.69
000858.SZ,2023-04-06,39.01,38.97,39.73,38.16,466707631.72
300750.SZ,2023-04-06,81.47,81.78,83.92,80.29,3265294995.52
601318.SH,2023-04-06,29.15,28.94,29.15,28.96,102583690.96
000333.SZ,2023-04-06,16.04,16.12,16.26,16.01,186715392.48
600036.SH,2023-04-06,64.05,64.41,64.18,62.99,1821234471.78
002415.SZ,2023-04-06,7.21,7.15,7.24,6.97,26947872.2
600276.SH,2023-04-06,15.7,15.66,16.24,15.37,33556511.28
002594.SZ,2023-04-06,97.1,97.32,97.92,95.66,4353732815.18
601012.SH,2023-04-06,151.83,151.98,151.85,151.57,5631191854.7
600887.SH,2023-04-06,54.05,53.64,54.17,53.22,429576095.41
000002.SZ,2023-04-06,343.89,344.35,349.41,342.49,625465042.67
600519.SH,2023-04-07,549.9,552.42,556.64,544.51,23162868811.84
000858.SZ,2023-04-07,38.91,39.05,39.0,38.1,131332687.56
300750.SZ,2023-04-07,78.65,78.95,79.18,78.49,488774552.16
601318.SH,2023-04-07,28.33,28.38,28.46,27.74,371960775.19
000333.SZ,2023-04-07,15.35,15.25,15.43,15.31,447787360.71
600036.SH,2023-04-07,63.89,63.74,63.93,61.58,2145974834.15
002415.SZ,2023-04-07,6.98,6.99,7.06,6.91,228017324.46
600276.SH,2023-04-07,15.68,15.79,16.08,15.56,716849860.96
002594.SZ,2023-04-07,96.21,96.79,96.31,94.68,2139846551.71
601012.SH,2023-04-07,154.1,155.26,158.98,154.0,5124497644.65
600887.SH,2023-04-07,54.24,54.21,54.96,53.28,1713358818.38
000002.SZ,2023-04-07,342.13,343.25,344.05,333.81,7432472894.7
600519.SH,2023-04-10,548.17,546.91,555.52,534.6,18667993465.22
000858.SZ,2023-04-10,37.99,38.01,38.22,37.52,950449383.89
300750.SZ,2023-04-10,79.48,79.02,79.52,79.36,3924878877.25
601318.SH,2023-04-10,28.34,28.5,28.68,28.02,617729434.52
000333.SZ,2023-04-10,16.16,16.17,16.31,16.11,652851350.72
600036.SH,2023-04-10,65.67,66.06,65.7,65.52,3023091156.68
002415.SZ,2023-04-10,7.02,7.07,7.09,6.85,182856027.44
600276.SH,2023-04-10,16.14,16.32,16.33,15.94,630646874.21
002594.SZ,2023-04-10,93.55,93.42,95.36,92.94,2622559649.6
601012.SH,2023-04-10,151.99,151.96,157.08,148.81,6718888732.71
600887.SH,2023-04-10,52.35,52.22,53.47,51.77,305327442.29
000002.SZ,2023-04-10,349.14,349.78,353.73,345.11,11051229727.76
600519.SH,2023-04-11,558.11,560.21,562.45,551.5,23221878392.52
000858.SZ,2023-04-11,37.05,36.95,37.34,36.76,49887185.9
300750.SZ,2023-04-11,81.65,81.51,82.87,79.92,63884378.1
601318.SH,2023-04-11,28.6,28.33,28.94,28.56,741657212.63
000333.SZ,2023-04-11,15.73,16.02,15.9,15.63,212589615.3
600036.SH,2023-04-11,65.43,65.68,67.27,64.25,1521645851.93
002415.SZ,2023-04-11,6.98,6.97,7.0,6.92,279772082.36
600276.SH,2023-04-11,16.91,16.69,17.05,16.65,169439925.22
002594.SZ,2023-04-11,93.13,92.43,94.28,92.22,2488423583.03
601012.SH,2023-04-11,154.81,154.87,156.25,154.19,5622716210.0
600887.SH,2023-04-11,52.48,52.7,52.63,51.13,2166325913.81
000002.SZ,2023-04-11,364.21,361.88,372.47,354.4,17706923303.64
600519.SH,2023-04-12,548.43,548.61,554.3,532.73,20383288596.43
000858.SZ,2023-04-12,37.85,37.6,38.16,37.53,255719571.88
300750.SZ,2023-04-12,81.68,81.85,82.84,81.46,1713664225.89
601318.SH,2023-04-12,28.26,28.39,28.78,28.25,278045551.52
000333.SZ,2023-04-12,15.78,15.91,15.97,15.36,600036528.5
600036.SH,2023-04-12,68.12,68.22,68.94,65.95,3396179153.95
002415.SZ,2023-04-12,7.1,7.13,7.2,7.02,165699074.91
600276.SH,2023-04-12,16.65,16.63,16.83,16.49,520461830.6
002594.SZ,2023-04-12,91.52,91.37,92.54,90.15,3615871348.12
601012.SH,2023-04-12,158.57,159.58,159.46,157.47,2079609985.22
600887.SH,2023-04-12,54.14,54.6,55.54,52.25,1089994192.03
000002.SZ,2023-04-12,357.62,357.97,358.08,349.38,16636133685.21
600519.SH,2023-04-13,536.89,535.92,544.75,526.14,19548150960.91
000858.SZ,2023-04-13,37.24,37.21,37.47,36.92,961013480.37
300750.SZ,2023-04-13,79.41,79.18,79.93,77.44,127197035.55
601318.SH,2023-04-13,28.73,28.47,29.25,28.36,778228782.14
000333.SZ,2023-04-13,15.88,15.93,16.19,15.53,579188347.65
600036.SH,2023-04-13,67.37,67.15,67.61,67.24,104819099.79
002415.SZ,2023-04-13,6.81,6.79,6.9,6.74,281383110.15
600276.SH,2023-04-13,16.49,16.41,16.64,16.22,550385943.25
002594.SZ,2023-04-13,89.03,88.92,89.26,87.67,2592669969.14
601012.SH,2023-04-13,161.53,161.29,162.88,160.32,6690927584.42
600887.SH,2023-04-13,54.85,54.78,56.43,53.32,1859000811.37
000002.SZ,2023-04-13,363.1,362.1,371.34,361.85,10773916455.09
600519.SH,2023-04-14,534.48,535.13,535.17,521.54,2062368034.48
000858.SZ,2023-04-14,38.04,37.97,38.12,37.88,1226419403.14
300750.SZ,2023-04-14,81.26,81.51,81.75,79.1,2086566540.33
601318.SH,2023-04-14,29.11,29.17,29.68,29.0,1210591825.26
000333.SZ,2023-04-14,16.41,16.46,16.47,16.25,291969409.66
600036.SH,2023-04-14,67.17,67.53,68.56,65.44,2760391318.05
002415.SZ,2023-04-14,6.62,6.62,6.72,6.53,315657801.75
600276.SH,2023-04-14,15.97,15.87,16.09,15.85,118585105.39
002594.SZ,2023-04-14,92.76,93.42,94.2,90.94,628718886.54
601012.SH,2023-04-14,156.75,156.76,157.66,156.0,4381241190.19
600887.SH,2023-04-14,55.57,55.92,55.85,55.55,899908747.99
000002.SZ,2023-04-14,363.73,367.06,369.68,362.97,11115749087.08
600519.SH,2023-04-17,533.32,531.05,542.52,525.76,23133579838.4
000858.SZ,2023-04-17,39.27,39.38,40.04,38.87,1391466365.42
300750.SZ,2023-04-17,84.33,84.1,84.99,84.05,1083935173.14
601318.SH,2023-04-17,28.61,28.59,29.45,28.17,1382783004.88
000333.SZ,2023-04-17,16.49,16.41,16.66,16.39,216504025.28
600036.SH,2023-04-17,67.52,67.75,68.65,66.1,2798196222.13
002415.SZ,2023-04-17,6.39,6.38,6.44,6.35,66254043.81
600276.SH,2023-04-17,16.23,16.31,16.42,16.03,202744886.97
002594.SZ,2023-04-17,94.04,94.16,94.2,93.89,474396970.27
601012.SH,2023-04-17,156.69,156.08,158.82,152.96,1200861246.43
600887.SH,2023-04-17,57.68,57.59,58.91,56.73,2398211523.96
000002.SZ,2023-04-17,348.79,350.94,360.17,347.48,11059345394.48
600519.SH,2023-04-18,543.87,545.61,557.65,542.82,160132239.97
000858.SZ,2023-04-18,38.77,38.75,39.42,38.35,263475022.83
300750.SZ,2023-04-18,82.17,81.52,82.32,81.02,2700484641.0
601318.SH,2023-04-18,29.15,29.26,29.51,28.9,608244794.83
000333.SZ,2023-04-18,16.45,16.4,16.54,16.38,215646011.45
600036.SH,2023-04-18,66.73,66.76,67.25,65.4,1587787645.08
002415.SZ,2023-04-18,6.67,6.67,6.78,6.61,124971448.31
600276.SH,2023-04-18,15.72,15.76,15.73,15.51,583676966.18
002594.SZ,2023-04-18,91.35,91.1,91.71,90.37,3241061267.93
601012.SH,2023-04-18,153.82,154.6,158.88,152.46,2985976589.17
600887.SH,2023-04-18,58.15,58.46,58.5,57.77,1680540377.67
000002.SZ,2023-04-18,348.87,345.19,359.18,343.57,1623045605.51
600519.SH,2023-04-19,543.25,543.98,546.45,541.72,10051539305.8
000858.SZ,2023-04-19,37.88,38.12,38.09,37.2,1645089268.19
300750.SZ,2023-04-19,80.21,79.57,82.09,79.24,2047754441.87
601318.SH,2023-04-19,29.4,29.45,29.76,29.13,640801090.12
000333.SZ,2023-04-19,15.72,15.64,15.79,15.48,470169285.41
600036.SH,2023-04-19,67.75,68.12,68.13,66.84,2376705268.91
002415.SZ,2023-04-19,6.62,6.59,6.67,6.53,302706362.13
600276.SH,2023-04-19,16.16,16.18,16.17,16.02,236881149.64
002594.SZ,2023-04-19,92.36,92.54,92.52,92.12,2831540651.67
601012.SH,2023-04-19,155.73,155.34,156.12,155.38,711164524.84
600887.SH,2023-04-19,58.5,58.81,58.65,57.17,504064171.98
000002.SZ,2023-04-19,329.71,328.04,336.38,324.98,7584944562.14
600519.SH,2023-04-20,548.75,548.89,551.13,546.78,5187234377.86
000858.SZ,2023-04-20,37.74,37.88,38.05,37.71,1821220877.63
300750.SZ,2023-04-20,82.39,83.0,82.42,81.27,1881097777.21
601318.SH,2023-04-20,28.82,28.78,29.11,28.79,161610455.97
000333.SZ,2023-04-20,15.33,15.29,15.9,15.3,539375263.39
600036.SH,2023-04-20,69.57,69.65,69.75,68.37,2220065085.36
002415.SZ,2023-04-20,6.5,6.49,6.52,6.43,161883028.39
600276.SH,2023-04-20,16.47,16.49,16.75,16.29,173278748.99
002594.SZ,2023-04-20,89.34,89.79,90.84,88.67,2387277924.31
601012.SH,2023-04-20,155.53,155.28,158.4,152.4,2527117047.92
600887.SH,2023-04-20,59.15,59.12,60.3,58.64,2867398696.77
000002.SZ,2023-04-20,328.61,329.5,328.74,317.26,4770673328.8
600519.SH,2023-04-21,545.36,544.0,546.61,545.23,14765167445.78
000858.SZ,2023-04-21,38.59,38.6,38.85,37.65,1410681451.43
300750.SZ,2023-04-21,78.39,78.11,78.8,76.32,1182261792.03
601318.SH,2023-04-21,28.23,28.46,28.63,27.65,1250342127.57
000333.SZ,2023-04-21,14.69,14.83,14.83,14.59,574279261.06
600036.SH,2023-04-21,67.99,68.14,68.57,66.97,2323748782.65
002415.SZ,2023-04-21,6.37,6.44,6.51,6.26,954795.77
600276.SH,2023-04-21,16.64,16.61,16.93,16.5,433858455.72
002594.SZ,2023-04-21,88.8,88.59,89.87,86.82,2934746368.4
601012.SH,2023-04-21,157.82,156.61,160.03,153.06,3079040337.39
600887.SH,2023-04-21,60.87,60.88,61.15,60.4,1254174430.59
000002.SZ,2023-04-21,340.58,339.61,342.4,340.55,9428351663.15
600519.SH,2023-04-24,541.67,544.24,544.33,541.03,9661468921.8
000858.SZ,2023-04-24,35.72,35.87,35.89,35.37,552472714.28
300750.SZ,2023-04-24,79.0,79.43,79.25,77.91,2675095360.88
601318.SH,2023-04-24,29.07,29.23,29.32,28.82,1287232522.48
000333.SZ,2023-04-24,14.25,14.24,14.27,14.09,175371822.25
600036.SH,2023-04-24,66.96,66.7,67.77,66.73,523219037.9
002415.SZ,2023-04-24,6.48,6.49,6.49,6.39,168649555.82
600276.SH,2023-04-24,16.85,16.96,17.18,16.5,656297535.45
002594.SZ,2023-04-24,90.15,90.12,90.45,88.28,2864064194.98
601012.SH,2023-04-24,160.04,161.39,160.81,156.79,3296737813.28
600887.SH,2023-04-24,57.96,57.35,58.73,57.8,1093180734.11
000002.SZ,2023-04-24,347.38,348.21,355.48,344.53,8580148406.16
600519.SH,2023-04-25,534.7,539.76,538.26,529.14,9029836073.09
000858.SZ,2023-04-25,37.67,37.61,37.84,37.11,353743905.54
300750.SZ,2023-04-25,82.34,82.37,82.84,78.65,877712882.8
601318.SH,2023-04-25,29.0,28.97,29.21,28.37,1042533562.33
000333.SZ,2023-04-25,14.73,14.69,14.76,14.66,400267960.27
600036.SH,2023-04-25,65.86,65.84,68.09,65.45,3183879580.21
002415.SZ,2023-04-25,6.55,6.56,6.56,6.45,163981480.95
600276.SH,2023-04-25,17.08,17.1,17.41,16.98,701916043.47
002594.SZ,2023-04-25,92.19,92.69,93.2,90.23,2092666429.53
601012.SH,2023-04-25,154.43,155.19,159.69,154.07,6659615383.63
600887.SH,2023-04-25,61.07,61.41,61.47,58.96,2513725876.97
000002.SZ,2023-04-25,350.76,350.58,355.95,348.63,603551524.06
600519.SH,2023-04-26,551.09,549.19,552.66,539.14,13540286426.73
000858.SZ,2023-04-26,37.4,37.34,37.58,36.65,86952804.54
300750.SZ,2023-04-26,82.45,82.64,83.27,81.93,2460172208.76
601318.SH,2023-04-26,28.93,29.01,29.14,27.84,748867934.67
000333.SZ,2023-04-26,14.78,14.69,14.81,14.76,184424288.6
600036.SH,2023-04-26,65.56,66.23,65.84,64.94,1600318484.28
002415.SZ,2023-04-26,6.67,6.72,6.69,6.49,112579322.1
600276.SH,2023-04-26,18.06,18.07,18.13,17.43,471472714.14
002594.SZ,2023-04-26,88.87,88.63,89.2,87.97,3733486434.42
601012.SH,2023-04-26,151.8,151.85,152.13,151.72,6929640437.14
600887.SH,2023-04-26,58.25,58.03,58.79,56.4,1164528725.41
000002.SZ,2023-04-26,348.77,347.92,352.19,343.74,8867154233.65
600519.SH,2023-04-27,549.52,548.35,556.54,544.9,17218980583.06
000858.SZ,2023-04-27,37.85,37.99,38.59,37.37,1701264000.43
300750.SZ,2023-04-27,81.42,81.95,83.68,80.93,655003583.25
601318.SH,2023-04-27,27.61,27.58,27.66,27.39,423829506.96
000333.SZ,2023-04-27,14.41,14.34,14.54,14.3,454135328.46
600036.SH,2023-04-27,66.19,65.6,66.33,65.79,1662348960.81
002415.SZ,2023-04-27,6.65,6.71,6.71,6.58,92038587.14
600276.SH,2023-04-27,18.97,18.89,19.49,18.57,623129586.74
002594.SZ,2023-04-27,92.51,91.63,92.9,90.65,4366811683.95
601012.SH,2023-04-27,151.6,151.59,151.82,149.42,3734578944.71
600887.SH,2023-04-27,59.29,59.29,59.68,58.12,213557054.28
000002.SZ,2023-04-27,354.39,354.56,356.89,351.46,3128537474.97
600519.SH,2023-04-28,571.24,569.59,577.36,570.28,5698489310.98
000858.SZ,2023-04-28,38.67,38.8,38.72,37.54,1058748307.44
300750.SZ,2023-04-28,81.2,80.76,82.26,78.93,3058966764.1
601318.SH,2023-04-28,27.01,27.05,27.23,26.9,241225744.59
000333.SZ,2023-04-28,14.13,14.15,14.17,13.97,559828240.15
600036.SH,2023-04-28,66.17,66.44,66.93,65.53,2913156096.63
002415.SZ,2023-04-28,6.51,6.48,6.61,6.4,154169927.82
600276.SH,2023-04-28,18.56,18.55,18.6,18.44,679705722.92
002594.SZ,2023-04-28,93.17,93.03,94.24,90.04,824842865.49
601012.SH,2023-04-28,145.83,146.91,146.24,144.21,6565807950.68
600887.SH,2023-04-28,57.98,57.91,58.24,57.82,1913642812.05
000002.SZ,2023-04-28,373.07,371.68,385.12,362.65,8839964789.65
600519.SH,2023-05-01,541.24,540.37,556.82,538.65,13014599665.07
000858.SZ,2023-05-01,39.6,39.48,40.37,39.28,1041325676.54
300750.SZ,2023-05-01,81.73,81.58,83.3,80.72,3681476512.95
601318.SH,2023-05-01,26.46,26.31,26.58,26.36,204303776.52
000333.SZ,2023-05-01,14.42,14.5,14.66,14.38,634546019.68
600036.SH,2023-05-01,64.16,64.0,64.45,63.39,2072417747.39
002415.SZ,2023-05-01,6.55,6.55,6.56,6.35,69601106.02
600276.SH,2023-05-01,18.48,18.52,18.78,18.25,482713360.59
002594.SZ,2023-05-01,93.02,93.89,93.81,90.85,3913697150.08
601012.SH,2023-05-01,145.56,145.46,147.88,144.09,5458026418.97
600887.SH,2023-05-01,58.93,58.69,58.95,57.7,822509040.79
000002.SZ,2023-05-01,380.12,381.06,391.66,372.76,7433305993.75
600519.SH,2023-05-02,560.47,561.51,572.41,553.33,15977223704.2
000858.SZ,2023-05-02,39.1,39.25,39.55,38.49,490559687.77
300750.SZ,2023-05-02,81.66,81.79,81.89,81.55,682153377.53
601318.SH,2023-05-02,26.85,26.78,27.57,26.49,714236101.16
000333.SZ,2023-05-02,14.66,14.58,14.95,14.49,54317578.47
600036.SH,2023-05-02,61.79,62.09,62.35,60.23,2251354778.56
002415.SZ,2023-05-02,6.53,6.5,6.55,6.41,57040134.17
600276.SH,2023-05-02,18.79,18.79,19.19,18.26,96707596.6
002594.SZ,2023-05-02,97.12,97.14,99.06,96.9,3499614402.18
601012.SH,2023-05-02,139.35,138.93,142.66,137.65,2528285485.11
600887.SH,2023-05-02,60.49,60.61,60.54,59.4,174853040.65
000002.SZ,2023-05-02,367.95,369.51,369.13,365.92,13919228603.18
600519.SH,2023-05-03,565.98,566.35,570.84,549.75,5366763986.37
000858.SZ,2023-05-03,39.13,39.2,39.62,39.1,545561906.78
300750.SZ,2023-05-03,80.39,80.8,80.8,79.5,1385324679.75
601318.SH,2023-05-03,26.7,26.74,26.81,25.95,501048733.46
000333.SZ,2023-05-03,14.83,14.67,15.49,14.33,562194412.2
600036.SH,2023-05-03,63.27,63.54,63.39,62.93,1075570189.16
002415.SZ,2023-05-03,6.52,6.58,6.54,6.43,173292667.48
600276.SH,2023-05-03,19.26,19.29,19.53,19.19,543441804.37
002594.SZ,2023-05-03,94.18,93.22,95.75,91.77,1587405719.72
601012.SH,2023-05-03,136.92,136.68,137.34,136.12,3010011359.48
600887.SH,2023-05-03,58.32,58.38,59.17,57.47,1269333491.03
000002.SZ,2023-05-03,369.47,372.07,374.37,365.45,1752366085.24
600519.SH,2023-05-04,571.35,577.17,578.48,559.3,23311102867.9
000858.SZ,2023-05-04,39.9,40.34,40.98,38.81,1586826831.29
300750.SZ,2023-05-04,80.62,80.73,81.65,79.15,2849065953.19
601318.SH,2023-05-04,27.26,27.2,27.43,26.89,1080909490.05
000333.SZ,2023-05-04,14.18,14.2,14.25,13.98,191095625.42
600036.SH,2023-05-04,63.56,63.09,64.71,63.49,2310125572.76
002415.SZ,2023-05-04,6.4,6.35,6.42,6.26,87936574.84
600276.SH,2023-05-04,19.55,19.57,19.83,19.12,856435319.29
002594.SZ,2023-05-04,93.18,93.21,94.58,91.67,182726291.69
601012.SH,2023-05-04,137.17,137.76,138.75,135.51,3723228313.8
600887.SH,2023-05-04,60.64,60.41,61.08,60.31,310770882.3
000002.SZ,2023-05-04,382.01,381.66,388.34,379.69,18652293844.99
600519.SH,2023-05-05,572.0,570.2,580.94,568.6,12834655703.88
000858.SZ,2023-05-05,39.1,39.09,39.15,38.32,1332866814.9
300750.SZ,2023-05-05,82.42,82.0,83.09,81.45,1949919584.43
601318.SH,2023-05-05,27.16,27.22,27.38,26.72,585713150.05
000333.SZ,2023-05-05,14.09,13.96,14.11,13.99,300633672.71
600036.SH,2023-05-05,62.92,62.89,63.2,62.35,1754127299.31
002415.SZ,2023-05-05,6.27,6.3,6.31,6.22,192079540.87
600276.SH,2023-05-05,19.66,19.58,19.7,19.56,846836559.92
002594.SZ,2023-05-05,95.94,96.32,96.33,95.28,4510801012.25
601012.SH,2023-05-05,140.71,139.72,143.69,138.51,3928909515.8
600887.SH,2023-05-05,59.94,60.25,60.54,59.7,2034967844.86
000002.SZ,2023-05-05,366.4,365.82,367.15,360.07,15468726791.17
600519.SH,2023-05-08,546.58,544.4,546.99,536.11,8792803465.29
000858.SZ,2023-05-08,39.3,39.28,39.56,38.53,795702701.77
300750.SZ,2023-05-08,80.34,80.01,80.96,79.33,1534035539.53
601318.SH,2023-05-08,27.22,27.04,27.26,27.14,263544292.62
000333.SZ,2023-05-08,14.13,14.32,14.17,14.12,131385850.69
600036.SH,2023-05-08,64.25,63.99,64.73,63.83,2103533149.78
002415.SZ,2023-05-08,5.94,5.93,6.05,5.92,65806451.25
600276.SH,2023-05-08,19.62,19.66,19.95,19.37,803873671.13
002594.SZ,2023-05-08,96.17,96.02,96.27,92.63,1677851077.24
601012.SH,2023-05-08,139.56,140.47,140.45,138.66,1900554075.25
600887.SH,2023-05-08,60.12,60.05,60.36,59.85,2431859814.25
000002.SZ,2023-05-08,359.52,362.51,367.42,357.7,3428390887.06
600519.SH,2023-05-09,541.24,541.63,545.08,538.67,25642061007.46
000858.SZ,2023-05-09,40.21,40.42,40.25,40.19,798814781.93
300750.SZ,2023-05-09,78.49,78.41,79.2,77.93,2213867315.28
601318.SH,2023-05-09,27.48,27.44,27.68,27.16,1304381300.58
000333.SZ,2023-05-09,14.37,14.4,14.71,14.31,86631933.99
600036.SH,2023-05-09,63.62,63.94,64.85,63.58,2725289009.2
002415.SZ,2023-05-09,5.93,5.94,6.06,5.82,236464923.3
600276.SH,2023-05-09,19.19,19.31,19.47,19.11,354812121.78
002594.SZ,2023-05-09,97.08,96.98,98.98,93.66,2420949116.42
601012.SH,2023-05-09,136.91,137.06,138.39,136.56,2224739974.15
600887.SH,2023-05-09,58.5,58.53,60.02,57.41,2017199236.78
000002.SZ,2023-05-09,365.99,368.28,372.04,363.56,12880340947.26
600519.SH,2023-05-10,546.11,547.36,558.6,541.96,7149525917.24
000858.SZ,2023-05-10,40.82,40.78,41.29,40.36,1810574540.55
300750.SZ,2023-05-10,75.16,75.07,76.62,74.6,1127291040.52
601318.SH,2023-05-10,26.31,26.35,26.83,26.13,113332653.03
000333.SZ,2023-05-10,14.14,14.11,14.18,13.78,151129799.59
600036.SH,2023-05-10,62.72,62.37,63.12,61.65,2946281201.57
002415.SZ,2023-05-10,5.91,5.96,5.94,5.9,204830029.78
600276.SH,2023-05-10,19.14,19.14,19.49,19.07,680302588.28
002594.SZ,2023-05-10,96.37,97.0,96.5,93.69,2357281348.19
601012.SH,2023-05-10,130.9,130.4,131.41,126.25,2889425606.82
600887.SH,2023-05-10,60.46,60.57,60.54,59.51,911600783.18
000002.SZ,2023-05-10,373.85,370.41,375.91,369.93,4677175095.45
600519.SH,2023-05-11,566.23,573.01,572.06,561.91,4088065712.09
000858.SZ,2023-05-11,39.93,39.83,40.34,39.87,808849378.64
300750.SZ,2023-05-11,72.61,72.45,73.31,71.19,3626731888.81
601318.SH,2023-05-11,26.01,26.05,26.37,25.44,954712205.42
000333.SZ,2023-05-11,13.81,13.82,13.85,13.69,478197815.06
600036.SH,2023-05-11,62.58,62.46,63.06,62.54,1708611514.67
002415.SZ,2023-05-11,5.94,5.94,6.01,5.84,90012956.06
600276.SH,2023-05-11,19.41,19.43,19.77,19.32,212358309.82
002594.SZ,2023-05-11,91.76,92.16,92.08,90.49,3625702638.43
601012.SH,2023-05-11,129.53,129.49,129.79,128.53,3206337073.15
600887.SH,2023-05-11,60.84,60.44,62.33,59.46,1580032501.68
000002.SZ,2023-05-11,390.69,389.84,393.34,390.68,18753846559.93
600519.SH,2023-05-12,577.27,576.58,588.04,575.06,18939374298.81
000858.SZ,2023-05-12,39.47,39.31,39.53,38.25,340207980.58
300750.SZ,2023-05-12,73.28,73.49,74.48,72.45,2993463593.93
601318.SH,2023-05-12,27.06,27.04,27.47,27.03,1298558498.54
000333.SZ,2023-05-12,13.91,14.0,14.08,13.73,338210508.3
600036.SH,2023-05-12,62.45,62.05,63.03,61.78,2556175576.84
002415.SZ,2023-05-12,6.29,6.24,6.34,6.08,128469999.06
600276.SH,2023-05-12,19.57,19.43,19.74,18.94,265456799.09
002594.SZ,2023-05-12,93.65,93.83,93.74,92.4,742926476.94
601012.SH,2023-05-12,131.55,130.51,133.56,129.22,6521159039.01
600887.SH,2023-05-12,59.99,60.06,60.35,59.88,1195000649.13
000002.SZ,2023-05-12,391.43,390.83,391.51,390.17,18355979531.75
600519.SH,2023-05-15,574.24,570.88,581.58,572.6,5248162291.95
000858.SZ,2023-05-15,40.17,39.96,40.51,39.83,366009572.11
300750.SZ,2023-05-15,73.51,73.62,73.55,72.85,255909486.56
601318.SH,2023-05-15,26.57,26.78,27.09,26.45,375462949.53
000333.SZ,2023-05-15,13.89,13.91,14.16,13.88,4317256.09
600036.SH,2023-05-15,63.28,62.28,63.85,62.44,1683375707.81
002415.SZ,2023-05-15,6.34,6.33,6.38,6.26,39693027.16
600276.SH,2023-05-15,18.88,18.84,19.03,18.8,262896669.66
002594.SZ,2023-05-15,96.31,96.84,96.32,95.8,3253397034.31
601012.SH,2023-05-15,135.58,134.38,139.26,133.9,3865884022.02
600887.SH,2023-05-15,59.94,60.58,60.4,59.61,57831019.78
000002.SZ,2023-05-15,395.72,397.55,408.57,390.9,14483853504.2
600519.SH,2023-05-16,595.07,591.21,596.86,586.58,14219984734.96
000858.SZ,2023-05-16,40.91,41.01,40.98,40.57,1283853564.11
300750.SZ,2023-05-16,73.69,73.67,76.42,73.49,2420043775.15
601318.SH,2023-05-16,25.89,25.91,26.01,25.13,1250207588.64
000333.SZ,2023-05-16,14.55,14.48,14.89,14.21,8709270.34
600036.SH,2023-05-16,63.59,63.25,64.67,63.18,709771534.38
002415.SZ,2023-05-16,6.27,6.26,6.3,6.16,228298267.96
600276.SH,2023-05-16,18.72,18.82,18.92,18.47,390579538.17
002594.SZ,2023-05-16,95.98,96.55,97.24,95.3,621763948.98
601012.SH,2023-05-16,129.66,129.52,130.84,126.38,4928655610.05
600887.SH,2023-05-16,60.67,60.11,61.56,60.46,2580099020.29
000002.SZ,2023-05-16,408.59,408.74,416.55,403.24,7381798827.25
600519.SH,2023-05-17,590.35,591.12,594.13,589.1,24581568911.53
000858.SZ,2023-05-17,41.76,41.93,42.04,40.84,898059723.53
300750.SZ,2023-05-17,73.33,73.02,73.93,72.97,1839114301.83
601318.SH,2023-05-17,25.89,25.86,26.01,25.72,1191829392.02
000333.SZ,2023-05-17,14.52,14.48,14.62,14.28,462619519.08
600036.SH,2023-05-17,64.68,64.52,65.52,63.96,888138567.36
002415.SZ,2023-05-17,6.26,6.19,6.3,6.16,118854039.33
600276.SH,2023-05-17,19.41,19.44,19.66,19.28,908120304.21
002594.SZ,2023-05-17,94.07,94.48,97.5,93.85,3307567272.75
601012.SH,2023-05-17,130.21,129.76,133.68,127.58,4979625577.99
600887.SH,2023-05-17,64.0,64.17,66.34,63.44,970080677.72
000002.SZ,2023-05-17,423.52,422.73,425.45,421.12,21042673559.6
600519.SH,2023-05-18,574.92,574.82,582.96,569.69,8196235188.61
000858.SZ,2023-05-18,41.34,40.94,42.29,41.32,278892150.75
300750.SZ,2023-05-18,75.26,75.2,75.73,73.79,727239591.88
601318.SH,2023-05-18,25.47,25.49,25.58,25.43,69624155.59
000333.SZ,2023-05-18,14.53,14.54,14.61,14.32,307671922.0
600036.SH,2023-05-18,65.01,64.73,65.73,64.64,1892105265.77
002415.SZ,2023-05-18,6.1,6.08,6.23,6.04,126312456.51
600276.SH,2023-05-18,19.43,19.41,19.52,19.12,730823331.5
002594.SZ,2023-05-18,92.06,92.55,92.4,89.77,428314195.59
601012.SH,2023-05-18,133.21,132.93,135.47,132.58,251832999.28
600887.SH,2023-05-18,64.92,65.15,65.42,63.58,3242460275.18
000002.SZ,2023-05-18,428.47,423.96,430.78,412.18,2443064798.29
600519.SH,2023-05-19,589.49,596.36,602.42,575.67,17932391960.47
000858.SZ,2023-05-19,41.2,41.27,41.68,39.64,310970749.64
300750.SZ,2023-05-19,75.5,75.73,77.02,74.1,17268423.42
601318.SH,2023-05-19,26.09,26.03,26.34,25.44,191259918.27
000333.SZ,2023-05-19,14.05,14.06,14.45,13.76,251588587.31
600036.SH,2023-05-19,64.14,64.68,65.74,62.74,1185462913.59
002415.SZ,2023-05-19,5.97,5.98,6.16,5.84,33719956.47
600276.SH,2023-05-19,20.21,20.28,20.42,20.04,810420391.24
002594.SZ,2023-05-19,93.12,93.02,93.42,92.48,2195094613.06
601012.SH,2023-05-19,133.05,132.96,134.1,133.05,306952879.62
600887.SH,2023-05-19,66.53,66.53,68.06,66.33,241692733.52
000002.SZ,2023-05-19,447.42,448.84,451.62,429.65,15570705657.41
600519.SH,2023-05-22,578.63,576.29,585.43,576.79,12139265673.9
000858.SZ,2023-05-22,41.27,41.33,42.32,40.74,2036701628.37
300750.SZ,2023-05-22,77.18,77.29,77.47,75.67,3464497314.37
601318.SH,2023-05-22,26.8,26.6,27.2,26.55,240403750.42
000333.SZ,2023-05-22,13.5,13.56,13.66,13.38,253974319.1
600036.SH,2023-05-22,64.6,64.63,66.18,64.14,836266265.51
002415.SZ,2023-05-22,5.87,5.89,5.89,5.82,117005117.84
600276.SH,2023-05-22,20.07,20.19,20.2,20.04,667181603.44
002594.SZ,2023-05-22,93.36,93.54,94.13,91.79,4529458669.84
601012.SH,2023-05-22,130.6,129.73,131.6,129.84,1302545573.54
600887.SH,2023-05-22,65.99,65.91,66.93,65.82,1997695323.14
000002.SZ,2023-05-22,457.05,455.92,472.05,453.2,18415542794.99
600519.SH,2023-05-23,586.37,587.54,586.97,585.35,25223807320.87
000858.SZ,2023-05-23,42.02,42.19,42.64,41.97,165416536.72
300750.SZ,2023-05-23,75.42,75.79,75.8,74.96,1299128056.16
601318.SH,2023-05-23,26.54,26.59,26.86,26.51,741599573.16
000333.SZ,2023-05-23,14.03,14.02,14.26,14.0,636651259.27
600036.SH,2023-05-23,64.72,64.93,65.52,64.58,358552370.56
002415.SZ,2023-05-23,5.88,5.9,6.01,5.84,204334278.65
600276.SH,2023-05-23,19.19,19.24,19.79,19.0,265522978.3
002594.SZ,2023-05-23,91.47,91.76,92.39,89.41,2055545570.3
601012.SH,2023-05-23,129.86,129.85,130.96,128.35,932881996.94
600887.SH,2023-05-23,65.18,65.43,65.38,65.1,1823425714.35
000002.SZ,2023-05-23,449.06,446.4,463.51,446.36,18179237693.84
600519.SH,2023-05-24,582.16,583.81,585.22,574.2,15198470683.98
000858.SZ,2023-05-24,40.82,40.82,41.89,39.94,13314230.69
300750.SZ,2023-05-24,79.19,79.23,79.51,79.15,3428812147.35
601318.SH,2023-05-24,24.94,24.9,25.8,24.57,839863977.81
000333.SZ,2023-05-24,14.18,14.1,14.72,14.18,314127404.14
600036.SH,2023-05-24,65.12,65.47,66.93,63.85,2464496225.68
002415.SZ,2023-05-24,5.84,5.84,5.99,5.81,60128159.92
600276.SH,2023-05-24,18.75,18.67,18.98,18.64,459877649.64
002594.SZ,2023-05-24,91.57,91.71,91.95,90.78,3256404697.05
601012.SH,2023-05-24,128.0,128.21,130.67,125.84,1231502301.18
600887.SH,2023-05-24,65.21,64.89,66.06,64.64,560254758.92
000002.SZ,2023-05-24,442.52,444.55,447.8,432.4,20156267954.22
600519.SH,2023-05-25,546.5,543.3,548.5,544.53,10088831050.5
000858.SZ,2023-05-25,41.89,41.45,42.69,41.08,32904589.6
300750.SZ,2023-05-25,81.25,81.73,81.76,80.23,1892428111.74
601318.SH,2023-05-25,25.11,25.14,25.42,25.08,101083841.33
000333.SZ,2023-05-25,14.49,14.5,14.75,14.36,613671745.6
600036.SH,2023-05-25,67.73,67.7,67.95,66.96,2528467115.33
002415.SZ,2023-05-25,5.6,5.62,5.63,5.59,153296715.79
600276.SH,2023-05-25,18.83,18.85,19.01,18.39,234663201.8
002594.SZ,2023-05-25,89.41,89.61,91.3,88.44,1746094922.99
601012.SH,2023-05-25,127.12,126.08,127.95,126.45,2691315161.93
600887.SH,2023-05-25,64.73,64.56,64.88,63.78,1897032618.21
000002.SZ,2023-05-25,454.06,451.95,464.42,452.1,11426230240.38
600519.SH,2023-05-26,538.31,537.11,543.76,534.65,11325757179.69
000858.SZ,2023-05-26,44.18,43.8,44.69,43.1,1900314330.2
300750.SZ,2023-05-26,80.19,79.89,81.68,79.39,2026270027.28
601318.SH,2023-05-26,24.44,24.31,24.6,24.13,225602378.8
000333.SZ,2023-05-26,14.24,14.16,14.4,14.14,583767949.76
600036.SH,2023-05-26,66.69,67.06,67.33,65.41,987822181.35
002415.SZ,2023-05-26,5.56,5.58,5.57,5.47,128354622.81
600276.SH,2023-05-26,18.63,18.46,18.95,18.3,324948501.77
002594.SZ,2023-05-26,87.96,88.5,88.86,86.7,494452662.53
601012.SH,2023-05-26,126.87,126.28,127.19,124.98,1976601948.67
600887.SH,2023-05-26,62.83,62.66,63.02,61.87,3133529543.32
000002.SZ,2023-05-26,442.49,444.06,443.77,440.99,17121289300.66
600519.SH,2023-05-29,528.42,529.26,536.67,525.11,25575162131.84
000858.SZ,2023-05-29,44.1,43.84,44.85,43.64,834080107.55
300750.SZ,2023-05-29,75.65,75.45,75.76,74.23,2584789617.18
601318.SH,2023-05-29,24.78,24.77,25.35,24.73,1134288059.08
000333.SZ,2023-05-29,14.75,14.79,14.96,14.46,624399760.92
600036.SH,2023-05-29,65.54,65.94,65.63,64.68,3065154365.15
002415.SZ,2023-05-29,5.61,5.67,5.64,5.53,104821646.84
600276.SH,2023-05-29,18.43,18.34,18.64,18.1,622107806.06
002594.SZ,2023-05-29,83.91,83.56,84.06,81.54,3403370893.29
601012.SH,2023-05-29,126.02,125.3,130.33,123.99,4732029885.18
600887.SH,2023-05-29,64.49,64.48,65.46,63.68,2528053542.79
000002.SZ,2023-05-29,443.42,445.26,448.96,442.33,978613591.17
600519.SH,2023-05-30,531.57,534.29,545.21,530.57,4378978009.07
000858.SZ,2023-05-30,44.46,44.13,45.62,44.29,415311743.94
300750.SZ,2023-05-30,77.31,77.29,77.93,76.58,3314064590.3
601318.SH,2023-05-30,24.72,24.68,24.85,24.58,298813566.18
000333.SZ,2023-05-30,14.98,14.99,15.29,14.62,464224070.94
600036.SH,2023-05-30,67.91,67.07,68.6,66.67,2912313553.06
002415.SZ,2023-05-30,5.49,5.54,5.61,5.4,103070266.26
600276.SH,2023-05-30,18.35,18.24,18.37,18.08,465457315.89
002594.SZ,2023-05-30,86.14,85.84,86.34,85.97,3404793086.87
601012.SH,2023-05-30,127.41,126.56,129.99,126.23,3273277949.29
600887.SH,2023-05-30,65.35,65.07,65.45,64.84,559309967.55
000002.SZ,2023-05-30,452.21,451.65,456.27,446.15,17797403340.72
600519.SH,2023-05-31,522.97,524.5,533.05,521.25,14674047559.82
000858.SZ,2023-05-31,44.19,44.02,44.43,43.67,632609940.86
300750.SZ,2023-05-31,74.29,74.35,74.55,73.44,2695403317.61
601318.SH,2023-05-31,23.71,24.02,23.92,23.64,930472078.64
000333.SZ,2023-05-31,14.88,14.89,14.98,14.61,655082251.72
600036.SH,2023-05-31,71.05,70.75,72.12,70.6,888065880.43
002415.SZ,2023-05-31,5.61,5.58,5.74,5.61,177582280.72
600276.SH,2023-05-31,17.91,17.93,17.91,17.76,47507458.74
002594.SZ,2023-05-31,85.15,84.83,86.13,83.18,1512014538.77
601012.SH,2023-05-31,131.66,130.84,135.69,131.44,3147074221.35
600887.SH,2023-05-31,64.36,64.2,64.58,63.32,389890097.55
000002.SZ,2023-05-31,457.38,455.18,459.54,454.55,20030035113.22
600519.SH,2023-06-01,504.68,503.37,514.69,501.53,14090278205.15
000858.SZ,2023-06-01,43.8,43.65,44.35,43.26,1789053875.38
300750.SZ,2023-06-01,75.27,75.78,75.78,75.01,3597427569.5
601318.SH,2023-06-01,23.88,23.99,24.41,23.82,66613688.12
000333.SZ,2023-06-01,14.85,14.78,15.02,14.69,248645910.3
600036.SH,2023-06-01,69.66,69.19,71.94,69.62,75997500.99
002415.SZ,2023-06-01,5.61,5.62,5.75,5.51,93530378.03
600276.SH,2023-06-01,18.12,18.1,18.2,17.97,466875786.31
002594.SZ,2023-06-01,86.02,85.33,86.42,84.66,3814175776.53
601012.SH,2023-06-01,127.54,127.78,128.88,127.03,1884573523.86
600887.SH,2023-06-01,64.54,64.85,64.54,62.93,562224486.2
000002.SZ,2023-06-01,447.43,445.94,449.0,447.15,5304985826.94
600519.SH,2023-06-02,507.25,508.17,508.97,497.6,17580328910.57
000858.SZ,2023-06-02,42.37,42.2,42.91,42.17,1790622210.54
300750.SZ,2023-06-02,74.73,75.23,74.84,73.88,2472163875.49
601318.SH,2023-06-02,24.96,24.99,24.99,24.28,864480937.06
000333.SZ,2023-06-02,15.24,15.22,15.31,15.14,609651187.83
600036.SH,2023-06-02,67.82,68.09,68.3,67.73,1106217073.08
002415.SZ,2023-06-02,5.53,5.55,5.63,5.46,174273278.94
600276.SH,2023-06-02,18.18,18.35,18.35,17.54,509925492.49
002594.SZ,2023-06-02,87.4,87.28,88.16,86.15,508217540.91
601012.SH,2023-06-02,118.23,118.72,121.57,116.52,5760224380.29
600887.SH,2023-06-02,67.01,67.37,67.84,66.87,1456650266.86
000002.SZ,2023-06-02,458.6,459.44,465.71,451.89,19248168593.72
600519.SH,2023-06-05,512.12,515.42,521.82,504.33,22198050011.6
000858.SZ,2023-06-05,42.9,43.18,42.99,41.76,121530425.74
300750.SZ,2023-06-05,75.93,76.12,77.28,73.93,1827125312.24
601318.SH,2023-06-05,24.58,24.62,25.12,24.3,268426524.47
000333.SZ,2023-06-05,15.34,15.43,15.65,15.15,504781416.53
600036.SH,2023-06-05,67.52,67.77,67.85,67.38,2576194868.5
002415.SZ,2023-06-05,5.38,5.33,5.47,5.38,113337104.94
600276.SH,2023-06-05,18.15,18.12,18.27,18.13,491286396.22
002594.SZ,2023-06-05,86.46,86.76,88.34,84.47,428218314.71
601012.SH,2023-06-05,116.03,116.15,116.41,114.67,2642054773.53
600887.SH,2023-06-05,66.21,66.43,66.29,64.93,2500040583.37
000002.SZ,2023-06-05,458.82,458.52,460.58,454.23,10452070303.18
600519.SH,2023-06-06,500.79,500.43,515.76,494.41,16781710534.94
000858.SZ,2023-06-06,42.53,42.61,42.82,42.09,1509764167.86
300750.SZ,2023-06-06,74.35,75.13,75.4,72.33,3063034348.64
601318.SH,2023-06-06,25.05,25.17,25.36,24.81,688965175.43
000333.SZ,2023-06-06,15.18,15.27,15.49,14.93,249848172.67
600036.SH,2023-06-06,69.45,69.84,70.22,68.56,1867261401.5
002415.SZ,2023-06-06,5.11,5.14,5.21,5.04,128254678.34
600276.SH,2023-06-06,17.98,17.95,18.01,17.92,832550237.8
002594.SZ,2023-06-06,89.45,90.84,90.26,89.19,2288576269.68
601012.SH,2023-06-06,110.03,110.95,111.05,108.58,5286359851.94
600887.SH,2023-06-06,69.19,69.62,70.9,68.31,2306096432.15
000002.SZ,2023-06-06,451.75,449.96,459.64,447.98,4112458525.54
600519.SH,2023-06-07,495.28,493.03,502.64,495.17,19924629987.09
000858.SZ,2023-06-07,40.58,40.73,41.57,39.24,520385880.3
300750.SZ,2023-06-07,72.38,72.46,73.57,72.06,1649043309.97
601318.SH,2023-06-07,24.79,24.69,24.93,24.54,739946631.34
000333.SZ,2023-06-07,15.32,15.3,15.69,15.14,46147413.5
600036.SH,2023-06-07,66.92,67.41,67.39,65.88,2940297820.16
002415.SZ,2023-06-07,4.99,5.0,5.1,4.91,8369515.05
600276.SH,2023-06-07,17.82,17.64,18.44,17.81,496285471.01
002594.SZ,2023-06-07,89.2,89.38,89.24,88.3,1827593225.1
601012.SH,2023-06-07,110.59,110.79,111.05,110.18,2829308308.16
600887.SH,2023-06-07,67.94,68.1,70.05,67.64,2363277776.76
000002.SZ,2023-06-07,461.43,458.64,461.71,453.61,1313119388.68
600519.SH,2023-06-08,485.9,487.42,489.73,475.27,6539045293.61
000858.SZ,2023-06-08,39.16,39.17,39.31,38.74,621290121.82
300750.SZ,2023-06-08,72.94,73.39,74.26,72.62,1484782013.74
601318.SH,2023-06-08,25.58,25.52,26.27,24.81,1164564101.38
000333.SZ,2023-06-08,16.24,16.35,16.38,15.94,71711926.76
600036.SH,2023-06-08,66.91,67.64,67.77,66.51,2297851616.06
002415.SZ,2023-06-08,4.93,4.94,5.01,4.86,230870308.81
600276.SH,2023-06-08,18.02,17.95,18.24,17.91,81368937.07
002594.SZ,2023-06-08,89.24,89.33,90.01,89.1,9626662.11
601012.SH,2023-06-08,110.24,110.19,112.18,109.83,4129605006.9
600887.SH,2023-06-08,66.04,65.61,67.85,65.51,2600673512.95
000002.SZ,2023-06-08,466.68,465.15,469.46,459.45,10416519097.85
600519.SH,2023-06-09,496.61,498.19,504.09,488.19,19602565621.39
000858.SZ,2023-06-09,39.21,39.64,40.08,39.01,156896881.83
300750.SZ,2023-06-09,74.43,74.44,75.87,73.58,274290231.91
601318.SH,2023-06-09,25.93,26.06,26.8,25.68,262474292.07
000333.SZ,2023-06-09,16.22,16.07,16.33,15.78,479964190.83
600036.SH,2023-06-09,70.71,70.47,72.4,70.51,842781683.74
002415.SZ,2023-06-09,4.91,4.94,4.93,4.9,42146609.36
600276.SH,2023-06-09,17.95,17.96,18.16,17.59,174859270.35
002594.SZ,2023-06-09,88.89,88.26,89.44,87.78,933342711.29
601012.SH,2023-06-09,113.41,112.82,114.78,112.86,3942195701.73
600887.SH,2023-06-09,68.52,68.44,68.83,68.29,2278184266.95
000002.SZ,2023-06-09,471.82,473.63,487.83,471.3,10208178357.76
600519.SH,2023-06-12,496.52,497.31,499.75,485.6,20181246782.42
000858.SZ,2023-06-12,40.6,40.42,41.29,40.32,1975084542.91
300750.SZ,2023-06-12,77.87,78.69,79.74,76.66,2916190438.94
601318.SH,2023-06-12,25.73,25.9,26.09,25.62,994469605.6
000333.SZ,2023-06-12,16.84,16.81,17.04,16.51,307093535.73
600036.SH,2023-06-12,67.68,67.62,68.3,66.32,2326512930.56
002415.SZ,2023-06-12,5.09,5.04,5.12,5.09,176222990.51
600276.SH,2023-06-12,17.95,18.04,18.18,17.8,643227517.33
002594.SZ,2023-06-12,86.42,85.85,87.56,85.57,1178239791.69
601012.SH,2023-06-12,113.66,114.06,113.99,113.39,4654671323.5
600887.SH,2023-06-12,70.57,70.53,70.58,69.43,3362525020.52
000002.SZ,2023-06-12,458.15,457.38,461.86,445.55,4830567320.93
600519.SH,2023-06-13,497.99,500.7,499.46,494.33,21231334103.7
000858.SZ,2023-06-13,40.36,40.34,40.43,39.25,1647168244.44
300750.SZ,2023-06-13,81.97,82.14,83.07,80.78,3150888242.63
601318.SH,2023-06-13,25.99,25.89,26.11,25.73,221897094.65
000333.SZ,2023-06-13,17.24,17.21,17.27,17.18,468124226.68
600036.SH,2023-06-13,69.98,69.78,70.04,69.11,1383282171.8
002415.SZ,2023-06-13,5.14,5.17,5.14,5.11,256102798.59
600276.SH,2023-06-13,17.79,17.66,18.02,17.75,451178275.31
002594.SZ,2023-06-13,82.81,82.24,84.14,82.76,2584608095.77
601012.SH,2023-06-13,116.37,116.7,117.89,113.56,1344053185.08
600887.SH,2023-06-13,72.96,72.88,75.42,72.82,2210048405.95
000002.SZ,2023-06-13,464.0,465.0,469.88,463.84,16048478192.75
600519.SH,2023-06-14,503.45,503.93,511.16,494.87,7165360364.57
000858.SZ,2023-06-14,40.55,40.31,40.96,40.31,1737268801.55
300750.SZ,2023-06-14,76.37,76.13,78.19,75.48,3432459558.77
601318.SH,2023-06-14,25.49,25.46,25.71,25.34,542908143.53
000333.SZ,2023-06-14,17.45,17.38,17.81,17.12,736179684.43
600036.SH,2023-06-14,72.28,72.68,72.64,72.25,803447832.14
002415.SZ,2023-06-14,5.38,5.38,5.39,5.22,71904342.42
600276.SH,2023-06-14,17.88,17.86,17.98,17.78,813615472.06
002594.SZ,2023-06-14,83.89,83.13,85.05,82.93,2830935173.57
601012.SH,2023-06-14,114.36,114.7,117.0,114.35,3066576491.87
600887.SH,2023-06-14,72.0,71.78,73.29,71.42,2016123137.7
000002.SZ,2023-06-14,439.85,439.89,447.93,435.3,1188166506.05
600519.SH,2023-06-15,477.85,479.91,483.64,474.19,3633236115.53
000858.SZ,2023-06-15,39.31,39.35,39.8,39.11,38896113.52
300750.SZ,2023-06-15,71.89,71.92,74.46,70.77,550783133.16
601318.SH,2023-06-15,25.35,25.4,25.55,25.01,1258910894.97
000333.SZ,2023-06-15,16.78,16.71,16.95,16.74,722380562.02
600036.SH,2023-06-15,74.29,74.6,74.93,72.44,3617174637.01
002415.SZ,2023-06-15,5.36,5.38,5.4,5.26,211477222.27
600276.SH,2023-06-15,17.75,17.77,17.84,17.56,61474785.48
002594.SZ,2023-06-15,85.06,84.95,86.28,82.58,3351977847.53
601012.SH,2023-06-15,111.41,111.9,115.06,109.27,806065148.93
600887.SH,2023-06-15,71.94,72.38,72.52,71.58,340092126.71
000002.SZ,2023-06-15,435.5,434.54,440.39,430.76,1350191361.77
600519.SH,2023-06-16,469.1,466.7,473.35,462.11,18776761441.26
000858.SZ,2023-06-16,39.6,39.36,39.69,39.5,137748547.45
300750.SZ,2023-06-16,72.61,72.19,73.13,70.76,1683304524.77
601318.SH,2023-06-16,26.08,25.86,26.08,25.87,426979331.06
000333.SZ,2023-06-16,17.11,17.21,17.3,16.95,754199604.92
600036.SH,2023-06-16,77.05,77.21,77.35,74.85,1175353332.28
002415.SZ,2023-06-16,5.37,5.39,5.38,5.34,100192133.42
600276.SH,2023-06-16,17.73,17.76,18.03,17.56,592856105.64
002594.SZ,2023-06-16,84.81,84.83,86.92,84.45,1022330052.62
601012.SH,2023-06-16,114.03,112.9,115.7,111.52,468196490.69
600887.SH,2023-06-16,70.7,70.18,71.1,70.27,997599422.47
000002.SZ,2023-06-16,447.56,449.13,450.22,446.28,18789815585.11
600519.SH,2023-06-19,464.32,470.28,468.31,455.1,13315194585.0
000858.SZ,2023-06-19,38.42,38.26,38.46,37.28,1523936783.94
300750.SZ,2023-06-19,71.76,72.18,72.57,71.46,1947978332.23
601318.SH,2023-06-19,26.16,26.0,26.77,24.95,1296269702.36
000333.SZ,2023-06-19,17.7,17.71,17.92,17.6,65122883.42
600036.SH,2023-06-19,78.77,78.78,79.88,78.62,231602761.7
002415.SZ,2023-06-19,5.44,5.45,5.53,5.44,176007404.38
600276.SH,2023-06-19,18.28,18.22,18.33,18.19,153311299.58
002594.SZ,2023-06-19,88.39,87.94,90.49,87.93,4168426085.53
601012.SH,2023-06-19,113.05,113.22,115.32,112.68,459988353.6
600887.SH,2023-06-19,71.04,70.92,71.92,70.95,293253109.98
000002.SZ,2023-06-19,440.18,439.38,445.5,432.61,5318537164.67
600519.SH,2023-06-20,461.18,462.16,469.36,460.61,8936132260.18
000858.SZ,2023-06-20,38.72,38.77,38.96,37.91,1581795392.49
300750.SZ,2023-06-20,71.58,71.73,72.95,69.36,1288356152.05
601318.SH,2023-06-20,25.69,25.49,26.11,25.59,1245227551.21
000333.SZ,2023-06-20,18.04,17.89,18.53,18.02,827090813.07
600036.SH,2023-06-20,76.4,75.51,76.54,76.21,2257930234.4
002415.SZ,2023-06-20,5.52,5.51,5.56,5.3,93463407.85
600276.SH,2023-06-20,18.12,18.15,18.57,18.09,176329644.23
002594.SZ,2023-06-20,88.47,88.03,89.63,88.17,1053541812.48
601012.SH,2023-06-20,111.6,111.25,113.82,111.27,4825288251.85
600887.SH,2023-06-20,73.7,74.29,73.98,72.57,504332393.56
000002.SZ,2023-06-20,446.06,448.77,449.97,442.13,19319188658.3
600519.SH,2023-06-21,464.18,463.04,476.38,461.08,20121805468.21
000858.SZ,2023-06-21,39.21,39.37,39.45,39.1,463870716.33
300750.SZ,2023-06-21,71.11,70.92,71.56,70.56,2754118129.84
601318.SH,2023-06-21,26.12,26.22,26.3,25.9,960149713.71
000333.SZ,2023-06-21,18.4,18.46,18.49,18.33,824748599.65
600036.SH,2023-06-21,80.1,80.25,80.57,79.77,503022411.24
002415.SZ,2023-06-21,5.57,5.56,5.62,5.53,274433165.06
600276.SH,2023-06-21,18.47,18.51,18.62,18.19,635975934.23
002594.SZ,2023-06-21,87.96,88.22,88.23,84.92,3262238791.29
601012.SH,2023-06-21,109.58,109.19,111.18,107.89,4057712773.55
600887.SH,2023-06-21,71.32,71.69,72.92,70.17,113765746.58
000002.SZ,2023-06-21,447.22,448.46,451.42,445.16,16354448490.54
600519.SH,2023-06-22,454.73,451.72,455.15,453.64,1105356281.97
000858.SZ,2023-06-22,40.38,40.51,40.5,40.2,1044213348.28
300750.SZ,2023-06-22,68.76,68.67,69.1,67.94,3410582705.45
601318.SH,2023-06-22,26.42,26.29,27.23,26.0,215885960.66
000333.SZ,2023-06-22,18.48,18.58,18.88,18.12,377082101.42
600036.SH,2023-06-22,79.66,79.63,81.36,78.73,2535524767.67
002415.SZ,2023-06-22,5.64,5.62,5.66,5.62,281294130.05
600276.SH,2023-06-22,18.08,18.16,18.29,17.53,382281507.9
002594.SZ,2023-06-22,86.53,86.86,86.63,85.09,2431218834.58
601012.SH,2023-06-22,109.19,108.97,110.52,107.63,5410723966.2
600887.SH,2023-06-22,70.87,70.37,71.33,70.38,135099167.21
000002.SZ,2023-06-22,437.58,435.47,444.0,433.38,1167756052.41
600519.SH,2023-06-23,462.53,462.09,469.64,460.21,15189010249.27
000858.SZ,2023-06-23,38.73,39.17,39.38,38.44,1907363336.76
300750.SZ,2023-06-23,69.49,69.45,70.31,69.26,3289406441.2
601318.SH,2023-06-23,27.43,27.63,27.97,27.11,648421137.71
000333.SZ,2023-06-23,17.62,17.7,17.85,17.41,226479452.23
600036.SH,2023-06-23,79.61,78.8,80.99,77.84,615596495.76
002415.SZ,2023-06-23,5.66,5.68,5.7,5.64,85670483.91
600276.SH,2023-06-23,17.9,17.89,18.17,17.67,694530492.73
002594.SZ,2023-06-23,86.82,87.14,89.05,86.1,3276898763.59
601012.SH,2023-06-23,107.16,107.91,108.31,105.24,1920180105.8
600887.SH,2023-06-23,70.46,70.1,70.53,67.93,967471973.01
000002.SZ,2023-06-23,438.36,437.53,440.71,426.1,11829039970.45
600519.SH,2023-06-26,475.46,475.43,481.96,474.55,10834894150.09
000858.SZ,2023-06-26,39.69,39.83,40.15,38.64,1294978681.19
300750.SZ,2023-06-26,69.9,70.07,70.86,69.71,1558952745.39
601318.SH,2023-06-26,27.79,27.91,27.95,27.78,1280390893.54
000333.SZ,2023-06-26,17.26,17.16,17.64,17.04,76555597.39
600036.SH,2023-06-26,78.66,78.43,78.95,77.69,1671740939.9
002415.SZ,2023-06-26,5.53,5.5,5.62,5.5,191957963.36
600276.SH,2023-06-26,18.32,18.31,18.46,17.91,432151729.6
002594.SZ,2023-06-26,90.16,90.29,90.28,89.38,72812313.91
601012.SH,2023-06-26,108.09,108.37,109.16,105.97,4467573440.72
600887.SH,2023-06-26,68.06,67.71,69.71,67.92,3136860851.24
000002.SZ,2023-06-26,422.51,422.34,434.84,420.87,3702802143.69
600519.SH,2023-06-27,488.11,490.59,494.4,485.86,14554613961.44
000858.SZ,2023-06-27,39.76,39.58,39.89,39.36,40837061.59
300750.SZ,2023-06-27,68.65,68.61,69.92,68.33,2260242331.49
601318.SH,2023-06-27,28.66,28.56,28.76,28.25,1093370333.76
000333.SZ,2023-06-27,18.04,17.94,18.11,17.84,398976534.15
600036.SH,2023-06-27,81.26,81.86,81.89,81.16,2649282589.74
002415.SZ,2023-06-27,5.48,5.49,5.59,5.43,249702107.77
600276.SH,2023-06-27,18.82,18.7,19.1,18.66,885293393.04
002594.SZ,2023-06-27,90.39,90.47,92.76,90.16,2786668260.47
601012.SH,2023-06-27,108.67,109.17,108.95,108.34,2550808677.98
600887.SH,2023-06-27,68.77,68.22,69.64,68.77,3209011751.05
000002.SZ,2023-06-27,411.86,413.21,420.4,408.05,1144514172.74
600519.SH,2023-06-28,476.78,474.57,487.52,461.86,19598262889.49
000858.SZ,2023-06-28,39.29,39.63,39.58,38.25,1855358345.55
300750.SZ,2023-06-28,66.06,65.89,68.07,66.0,2534312766.87
601318.SH,2023-06-28,29.48,29.55,29.67,28.29,719146677.39
000333.SZ,2023-06-28,18.04,17.99,18.67,18.0,883665838.44
600036.SH,2023-06-28,83.26,83.08,84.54,81.64,92450671.08
002415.SZ,2023-06-28,5.37,5.41,5.51,5.36,89474155.98
600276.SH,2023-06-28,19.43,19.4,19.68,19.4,845575320.46
002594.SZ,2023-06-28,88.57,87.87,90.52,88.43,1975378574.28
601012.SH,2023-06-28,115.59,115.82,117.61,115.03,4085405321.99
600887.SH,2023-06-28,70.9,71.25,71.5,69.57,1488812793.11
000002.SZ,2023-06-28,399.9,399.67,405.55,398.68,5834459744.69
600519.SH,2023-06-29,488.53,492.28,489.84,482.08,21374988736.74
000858.SZ,2023-06-29,38.63,38.74,38.79,38.32,441131499.25
300750.SZ,2023-06-29,63.59,63.55,63.96,63.17,1799970087.16
601318.SH,2023-06-29,30.1,30.1,30.28,29.65,387744482.03
000333.SZ,2023-06-29,18.49,18.45,18.52,17.93,429175115.01
600036.SH,2023-06-29,82.7,82.69,84.56,80.24,3273867540.85
002415.SZ,2023-06-29,5.53,5.57,5.63,5.53,145740541.94
600276.SH,2023-06-29,19.54,19.41,19.57,19.17,138675380.09
002594.SZ,2023-06-29,92.7,92.42,93.2,92.23,2008289141.05
601012.SH,2023-06-29,112.82,113.56,114.72,110.83,3006302946.56
600887.SH,2023-06-29,75.08,74.91,76.37,73.84,1196395727.62
000002.SZ,2023-06-29,394.91,392.39,397.8,379.83,16549484035.28
600519.SH,2023-06-30,499.19,498.57,507.3,494.87,19783995361.76
000858.SZ,2023-06-30,41.1,41.39,41.29,40.66,1386887105.68
300750.SZ,2023-06-30,63.63,62.94,64.23,62.6,2607017752.92
601318.SH,2023-06-30,29.72,29.88,30.19,29.6,192874985.04
000333.SZ,2023-06-30,17.91,17.95,18.18,17.79,97851377.9
600036.SH,2023-06-30,87.29,87.43,89.17,84.85,3332732864.17
002415.SZ,2023-06-30,5.65,5.67,5.73,5.56,128119171.41
600276.SH,2023-06-30,19.47,19.41,19.49,19.42,660812686.57
002594.SZ,2023-06-30,93.16,93.16,95.33,91.65,4209692996.88
601012.SH,2023-06-30,107.83,107.5,109.23,107.02,1058183372.88
600887.SH,2023-06-30,74.02,74.04,75.45,71.87,1479333643.13
000002.SZ,2023-06-30,396.63,393.11,401.54,391.56,8980832523.35
600519.SH,2023-07-03,506.49,506.77,524.62,504.79,997865298.71
000858.SZ,2023-07-03,41.12,40.89,41.47,41.09,1656732369.01
300750.SZ,2023-07-03,64.66,65.22,64.91,63.75,2252481912.29
601318.SH,2023-07-03,29.31,29.22,29.8,29.26,1041450101.49
000333.SZ,2023-07-03,18.21,18.32,18.36,18.08,884914390.55
600036.SH,2023-07-03,88.11,87.15,88.77,86.52,3625646962.83
002415.SZ,2023-07-03,5.67,5.66,5.7,5.56,55696945.56
600276.SH,2023-07-03,19.69,19.62,19.74,19.63,766344992.91
002594.SZ,2023-07-03,93.32,93.65,94.63,92.92,3968356207.64
601012.SH,2023-07-03,111.98,111.96,114.51,111.77,2992453157.35
600887.SH,2023-07-03,75.08,74.88,75.49,73.43,2738244853.43
000002.SZ,2023-07-03,388.91,389.2,393.17,388.6,18969161628.23
600519.SH,2023-07-04,495.21,495.25,498.05,479.15,4725831093.52
000858.SZ,2023-07-04,41.28,41.32,41.64,40.93,1048649840.08
300750.SZ,2023-07-04,62.28,62.43,63.47,62.14,3010741996.66
601318.SH,2023-07-04,29.53,29.45,30.08,29.0,712949179.84
000333.SZ,2023-07-04,17.9,18.05,18.34,17.43,651526921.93
600036.SH,2023-07-04,83.53,83.99,83.91,82.94,2694465433.57
002415.SZ,2023-07-04,5.55,5.55,5.56,5.52,204417215.85
600276.SH,2023-07-04,18.89,18.97,19.24,18.49,273269470.94
002594.SZ,2023-07-04,92.29,92.91,94.2,91.25,4129064756.54
601012.SH,2023-07-04,107.46,106.66,108.57,106.87,1548888378.41
600887.SH,2023-07-04,75.92,76.12,75.95,74.07,857988948.54
000002.SZ,2023-07-04,391.99,391.89,393.23,388.03,8895456820.97
600519.SH,2023-07-05,496.01,502.45,499.04,486.44,7085660944.6
000858.SZ,2023-07-05,40.75,40.45,41.15,39.95,126358350.21
300750.SZ,2023-07-05,62.79,63.29,64.23,60.74,2074243142.04
601318.SH,2023-07-05,27.99,28.06,28.39,27.66,1212885575.29
000333.SZ,2023-07-05,18.22,18.29,18.64,18.14,701772064.01
600036.SH,2023-07-05,80.51,80.12,80.86,79.73,2768622848.66
002415.SZ,2023-07-05,5.43,5.41,5.52,5.35,48140215.28
600276.SH,2023-07-05,19.11,19.32,19.3,18.84,83809157.87
002594.SZ,2023-07-05,94.74,95.26,96.75,93.88,234929885.46
601012.SH,2023-07-05,108.87,108.17,109.63,108.19,1009893902.31
600887.SH,2023-07-05,75.81,75.74,77.45,75.62,3778605302.16
000002.SZ,2023-07-05,379.19,381.89,387.76,374.19,13833144695.07
600519.SH,2023-07-06,499.26,500.38,507.88,497.26,13438926698.54
000858.SZ,2023-07-06,42.14,42.09,43.1,42.08,588308858.73
300750.SZ,2023-07-06,62.99,63.4,63.0,62.71,1144369146.24
601318.SH,2023-07-06,27.33,27.67,27.63,27.0,802968966.58
000333.SZ,2023-07-06,17.77,17.92,18.63,17.77,629331000.2
600036.SH,2023-07-06,83.72,83.6,85.53,83.37,3355750169.76
002415.SZ,2023-07-06,5.25,5.24,5.37,5.25,10886259.99
600276.SH,2023-07-06,18.61,18.56,18.71,18.53,477146282.37
002594.SZ,2023-07-06,97.72,97.36,100.15,97.02,928466989.84
601012.SH,2023-07-06,106.92,107.01,107.0,104.0,4712803477.7
600887.SH,2023-07-06,76.64,76.61,77.16,75.02,481390324.12
000002.SZ,2023-07-06,384.05,379.79,386.35,381.39,2198002797.88
600519.SH,2023-07-07,502.73,500.3,516.08,502.41,1598922675.67
000858.SZ,2023-07-07,43.26,42.97,43.74,43.18,424584428.19
300750.SZ,2023-07-07,61.8,61.77,63.28,61.79,1761088607.78
601318.SH,2023-07-07,28.19,28.12,28.34,28.01,1010956428.47
000333.SZ,2023-07-07,17.46,17.38,17.96,17.32,856346713.71
600036.SH,2023-07-07,84.53,84.52,85.64,84.5,734264154.95
002415.SZ,2023-07-07,5.07,5.09,5.11,4.98,99870816.58
600276.SH,2023-07-07,19.18,19.13,19.55,18.94,82703718.3
002594.SZ,2023-07-07,103.79,104.09,105.63,103.65,485981648.76
601012.SH,2023-07-07,108.44,108.73,109.32,106.8,3482147201.61
600887.SH,2023-07-07,75.67,76.34,75.67,74.81,2507251308.26
000002.SZ,2023-07-07,386.95,383.43,391.05,384.39,12646490258.08
600519.SH,2023-07-10,493.15,493.19,499.69,485.34,15987145643.14
000858.SZ,2023-07-10,41.41,41.62,41.53,41.12,1777656058.79
300750.SZ,2023-07-10,61.2,60.79,61.45,60.82,1247783406.8
601318.SH,2023-07-10,28.27,28.25,28.47,28.24,1152403361.54
000333.SZ,2023-07-10,17.39,17.38,17.88,17.19,697432486.99
600036.SH,2023-07-10,83.68,83.91,83.83,83.08,1824732485.64
002415.SZ,2023-07-10,5.22,5.22,5.23,5.2,241448088.55
600276.SH,2023-07-10,18.54,18.5,19.2,18.27,625503978.1
002594.SZ,2023-07-10,106.11,106.66,107.29,105.86,1399791777.43
601012.SH,2023-07-10,108.67,108.77,110.99,105.39,3522946229.32
600887.SH,2023-07-10,74.05,74.13,74.09,72.54,2614257764.29
000002.SZ,2023-07-10,382.84,382.05,386.42,373.72,2809958220.19
600519.SH,2023-07-11,479.74,478.6,488.34,477.51,8983271933.75
000858.SZ,2023-07-11,41.77,41.99,42.4,41.02,111244821.93
300750.SZ,2023-07-11,62.74,63.01,62.74,61.89,1459815052.21
601318.SH,2023-07-11,28.1,28.27,28.28,27.25,599673908.01
000333.SZ,2023-07-11,17.45,17.48,17.48,17.16,704811014.66
600036.SH,2023-07-11,81.96,81.9,82.78,81.28,1116727858.87
002415.SZ,2023-07-11,5.22,5.23,5.22,5.16,34514536.98
600276.SH,2023-07-11,19.2,19.3,19.27,18.99,717850127.87
002594.SZ,2023-07-11,102.36,102.1,104.38,101.92,3420473144.31
601012.SH,2023-07-11,105.76,105.81,107.77,105.55,4584232519.31
600887.SH,2023-07-11,72.38,71.45,72.55,71.29,2081719400.93
000002.SZ,2023-07-11,385.87,382.81,395.97,382.01,13741192798.12
600519.SH,2023-07-12,469.3,470.51,470.4,466.29,8117552730.97
000858.SZ,2023-07-12,41.94,41.7,42.04,41.91,848414306.17
300750.SZ,2023-07-12,61.31,61.82,62.32,61.06,788317923.12
601318.SH,2023-07-12,27.97,27.8,28.05,27.79,1114710789.98
000333.SZ,2023-07-12,17.72,17.72,17.87,17.54,460246712.62
600036.SH,2023-07-12,76.38,76.78,76.54,76.23,57743043.6
002415.SZ,2023-07-12,5.09,5.07,5.19,5.06,112044036.09
600276.SH,2023-07-12,19.12,19.08,19.68,18.87,932941385.51
002594.SZ,2023-07-12,101.75,101.29,103.86,100.91,3448477301.02
601012.SH,2023-07-12,104.47,105.33,104.96,103.74,656110250.19
600887.SH,2023-07-12,70.22,69.88,70.96,69.91,955261616.36
000002.SZ,2023-07-12,405.28,406.67,409.62,405.23,11050742416.87
600519.SH,2023-07-13,462.96,463.16,464.26,458.25,10527701650.09
000858.SZ,2023-07-13,41.59,41.43,42.0,41.57,248808253.4
300750.SZ,2023-07-13,62.29,62.48,62.36,62.25,1065663689.79
601318.SH,2023-07-13,26.94,26.9,27.28,26.47,540599609.44
000333.SZ,2023-07-13,17.6,17.54,17.87,17.4,47250380.03
600036.SH,2023-07-13,76.59,76.56,77.64,76.34,1369960526.24
002415.SZ,2023-07-13,5.08,5.06,5.13,5.01,65706185.64
600276.SH,2023-07-13,19.37,19.31,19.38,18.97,335977717.98
002594.SZ,2023-07-13,99.37,100.82,100.33,98.69,3324653695.17
601012.SH,2023-07-13,104.69,105.47,106.31,101.98,3691080059.08
600887.SH,2023-07-13,72.31,72.12,73.98,71.8,70350001.69
000002.SZ,2023-07-13,395.58,392.39,399.2,391.83,5376664985.78
600519.SH,2023-07-14,463.04,461.86,465.69,460.38,2308329085.49
000858.SZ,2023-07-14,42.56,42.54,43.5,42.27,1816471116.24
300750.SZ,2023-07-14,61.5,61.86,62.02,59.84,570009678.56
601318.SH,2023-07-14,28.15,27.97,28.38,28.13,895666444.73
000333.SZ,2023-07-14,17.34,17.29,17.61,16.83,136112422.37
600036.SH,2023-07-14,76.31,76.51,78.68,75.54,3397078709.4
002415.SZ,2023-07-14,5.07,5.08,5.14,5.04,156140890.36
600276.SH,2023-07-14,19.45,19.63,19.63,19.07,24498481.14
002594.SZ,2023-07-14,97.82,98.79,98.46,96.04,3299738968.97
601012.SH,2023-07-14,108.06,107.94,108.21,107.47,2352420376.03
600887.SH,2023-07-14,70.94,70.3,71.52,68.56,54511923.94
000002.SZ,2023-07-14,390.52,390.35,391.47,385.3,16340772376.01
600519.SH,2023-07-17,481.74,481.86,488.41,479.86,21921190582.52
000858.SZ,2023-07-17,42.97,43.07,44.08,42.26,821616817.55
300750.SZ,2023-07-17,61.53,61.54,61.97,59.32,1160685269.91
601318.SH,2023-07-17,28.46,28.66,28.85,27.74,556959136.45
000333.SZ,2023-07-17,17.93,18.0,18.11,17.91,610139095.95
600036.SH,2023-07-17,78.07,78.19,78.98,76.13,796688804.37
002415.SZ,2023-07-17,4.98,4.94,5.06,4.92,73923156.2
600276.SH,2023-07-17,19.07,19.12,19.66,18.92,349444782.72
002594.SZ,2023-07-17,96.86,97.29,97.0,95.88,453224902.72
601012.SH,2023-07-17,115.24,115.51,119.53,113.28,5239698158.88
600887.SH,2023-07-17,70.48,70.8,70.5,69.91,1781147007.83
000002.SZ,2023-07-17,383.94,383.64,385.85,373.19,7377915452.54
600519.SH,2023-07-18,492.43,494.88,502.38,488.48,2542331117.62
000858.SZ,2023-07-18,41.18,41.06,42.06,40.48,1827034938.31
300750.SZ,2023-07-18,61.36,61.62,61.78,60.77,2767944960.58
601318.SH,2023-07-18,27.61,27.4,27.67,27.57,295724839.39
000333.SZ,2023-07-18,17.77,17.71,17.93,17.54,76449521.99
600036.SH,2023-07-18,78.31,78.57,80.24,77.28,1803654565.5
002415.SZ,2023-07-18,4.94,4.92,4.97,4.9,220091735.89
600276.SH,2023-07-18,19.28,19.23,19.69,18.76,219878536.26
002594.SZ,2023-07-18,100.33,100.22,101.87,98.78,1589802494.31
601012.SH,2023-07-18,114.71,114.37,115.32,113.79,3026855604.59
600887.SH,2023-07-18,71.79,72.28,71.8,71.54,1044982754.9
000002.SZ,2023-07-18,377.77,379.78,381.72,377.77,13223511685.78
600519.SH,2023-07-19,497.62,492.54,506.68,483.71,23607946368.75
000858.SZ,2023-07-19,41.15,41.49,41.81,40.9,1590391612.44
300750.SZ,2023-07-19,63.68,63.9,63.87,63.66,657519111.22
601318.SH,2023-07-19,27.12,27.0,27.83,26.79,1058152100.88
000333.SZ,2023-07-19,17.69,17.8,17.92,17.55,814467889.69
600036.SH,2023-07-19,78.54,78.0,80.43,76.96,2467866047.14
002415.SZ,2023-07-19,5.03,5.01,5.11,4.96,78735482.9
600276.SH,2023-07-19,19.17,19.24,19.33,18.69,474498711.85
002594.SZ,2023-07-19,97.4,97.99,97.47,94.63,4392116039.87
601012.SH,2023-07-19,109.9,109.61,110.91,107.12,151631825.26
600887.SH,2023-07-19,72.82,73.26,74.61,72.63,1035996825.07
000002.SZ,2023-07-19,369.36,370.43,375.08,367.99,3328494120.77
600519.SH,2023-07-20,503.91,498.31,503.98,499.82,11536141720.86
000858.SZ,2023-07-20,41.62,41.6,42.49,41.06,703278590.12
300750.SZ,2023-07-20,63.62,63.3,64.04,63.3,2904665520.49
601318.SH,2023-07-20,27.71,27.71,27.73,27.59,678312048.6
000333.SZ,2023-07-20,16.84,16.9,17.16,16.81,561402209.62
600036.SH,2023-07-20,78.24,77.35,79.83,77.28,1616880094.2
002415.SZ,2023-07-20,5.04,5.07,5.07,4.98,202159244.54
600276.SH,2023-07-20,20.04,20.08,20.38,20.02,120197596.76
002594.SZ,2023-07-20,95.51,95.48,98.57,95.13,3409440574.04
601012.SH,2023-07-20,112.16,112.39,112.21,111.28,1106921865.02
600887.SH,2023-07-20,72.99,73.3,74.1,72.91,2655090556.78
000002.SZ,2023-07-20,359.67,363.78,363.44,352.34,10708511002.35
600519.SH,2023-07-21,503.73,506.01,507.92,487.68,10675123629.22
000858.SZ,2023-07-21,39.83,39.73,40.07,39.14,149279951.5
300750.SZ,2023-07-21,63.25,62.65,64.23,62.52,1625033527.84
601318.SH,2023-07-21,28.74,28.92,29.24,28.5,294935325.39
000333.SZ,2023-07-21,16.11,16.1,16.15,15.94,193776727.83
600036.SH,2023-07-21,75.66,75.65,76.51,74.9,1584645125.76
002415.SZ,2023-07-21,5.0,4.98,5.01,4.95,208781047.19
600276.SH,2023-07-21,19.69,19.56,20.19,19.56,87108091.2
002594.SZ,2023-07-21,95.17,94.59,95.57,94.09,1921429520.51
601012.SH,2023-07-21,112.52,112.89,114.74,107.56,3085291977.51
600887.SH,2023-07-21,72.2,71.9,72.89,71.84,3042260683.72
000002.SZ,2023-07-21,362.28,361.99,369.05,361.7,16490634548.7
600519.SH,2023-07-24,502.16,499.96,504.74,494.97,16486788527.55
000858.SZ,2023-07-24,41.19,41.37,41.66,41.11,1662739263.88
300750.SZ,2023-07-24,64.65,64.67,65.09,63.91,2058137100.61
601318.SH,2023-07-24,28.66,28.75,28.86,28.64,1146466927.13
000333.SZ,2023-07-24,16.13,16.08,16.26,15.98,754897803.44
600036.SH,2023-07-24,76.05,76.01,77.82,74.96,2975156372.52
002415.SZ,2023-07-24,4.98,5.0,5.01,4.97,140164217.25
600276.SH,2023-07-24,19.86,19.86,20.43,19.84,476109002.85
002594.SZ,2023-07-24,94.33,94.26,97.18,92.4,2291475036.26
601012.SH,2023-07-24,116.89,116.43,122.45,115.83,4572917218.53
600887.SH,2023-07-24,73.35,73.48,73.89,73.28,1690317273.29
000002.SZ,2023-07-24,351.78,350.47,354.83,345.97,10538941827.98
600519.SH,2023-07-25,494.99,497.0,502.49,493.6,18731082844.64
000858.SZ,2023-07-25,40.53,40.82,40.96,39.71,684830884.9
300750.SZ,2023-07-25,61.83,62.41,62.84,60.9,1061126792.02
601318.SH,2023-07-25,29.74,29.59,29.83,28.77,303068263.59
000333.SZ,2023-07-25,16.51,16.55,16.56,16.51,327735700.83
600036.SH,2023-07-25,76.23,75.89,76.41,74.46,3024902225.75
002415.SZ,2023-07-25,4.91,4.88,4.94,4.87,157222033.64
600276.SH,2023-07-25,20.31,20.23,20.6,20.16,49665364.76
002594.SZ,2023-07-25,90.61,91.03,91.65,89.83,1988724012.87
601012.SH,2023-07-25,118.08,118.28,119.18,117.43,537784845.83
600887.SH,2023-07-25,74.08,73.84,74.26,70.91,2077136879.94
000002.SZ,2023-07-25,365.15,362.53,369.29,359.59,4589721382.09
600519.SH,2023-07-26,490.81,487.67,495.33,479.52,15545421167.19
000858.SZ,2023-07-26,39.86,39.96,40.13,39.75,1349748127.57
300750.SZ,2023-07-26,64.82,64.95,65.43,63.92,1392218527.14
601318.SH,2023-07-26,30.04,30.51,30.28,29.85,485332096.64
000333.SZ,2023-07-26,17.09,17.16,17.55,17.08,316916129.45
600036.SH,2023-07-26,75.72,75.97,77.57,75.08,661354605.81
002415.SZ,2023-07-26,4.8,4.82,4.85,4.79,16989791.63
600276.SH,2023-07-26,20.14,20.19,20.35,19.9,383893253.73
002594.SZ,2023-07-26,92.38,92.62,94.14,92.13,3068707857.91
601012.SH,2023-07-26,126.39,125.28,127.38,126.06,1603776852.61
600887.SH,2023-07-26,73.07,72.54,74.21,72.2,3254896636.8
000002.SZ,2023-07-26,370.88,373.67,371.69,369.29,7408477984.68
600519.SH,2023-07-27,483.72,483.02,484.97,471.58,16305465083.59
000858.SZ,2023-07-27,41.24,41.31,41.83,40.73,901792950.55
300750.SZ,2023-07-27,67.08,67.0,67.76,64.64,1968719333.3
601318.SH,2023-07-27,30.25,30.02,30.32,29.83,992165809.78
000333.SZ,2023-07-27,17.3,17.26,17.3,17.26,744563697.37
600036.SH,2023-07-27,77.29,77.11,78.49,76.14,1649492843.05
002415.SZ,2023-07-27,4.45,4.45,4.46,4.43,166899525.8
600276.SH,2023-07-27,20.85,20.81,21.13,20.32,714969554.36
002594.SZ,2023-07-27,98.58,98.65,99.48,95.5,2454606118.82
601012.SH,2023-07-27,127.7,127.88,129.1,127.01,1470539381.91
600887.SH,2023-07-27,71.12,71.56,71.24,68.61,708805817.52
000002.SZ,2023-07-27,367.33,370.03,376.03,365.75,5019289551.14
600519.SH,2023-07-28,486.58,488.28,491.89,476.57,17782368100.19
000858.SZ,2023-07-28,43.58,43.56,43.59,43.06,639021372.71
300750.SZ,2023-07-28,68.67,68.96,68.99,68.2,269887376.64
601318.SH,2023-07-28,31.03,31.02,31.7,30.72,1140548026.09
000333.SZ,2023-07-28,17.42,17.39,17.47,17.21,215900254.52
600036.SH,2023-07-28,76.62,76.75,77.66,75.61,2026708663.37
002415.SZ,2023-07-28,4.52,4.52,4.7,4.51,87603122.2
600276.SH,2023-07-28,22.45,22.15,23.28,22.1,482285625.95
002594.SZ,2023-07-28,97.23,97.18,99.02,96.87,137477513.45
601012.SH,2023-07-28,126.9,126.76,129.05,126.74,1532841834.97
600887.SH,2023-07-28,72.82,72.42,72.86,70.7,3092310564.84
000002.SZ,2023-07-28,380.91,381.05,381.71,374.15,6532186263.09
600519.SH,2023-07-31,485.62,480.93,487.83,480.09,6893667716.53
000858.SZ,2023-07-31,42.5,42.67,43.37,41.87,1660161786.25
300750.SZ,2023-07-31,66.3,66.29,67.57,65.5,3150449934.81
601318.SH,2023-07-31,31.75,31.89,31.95,31.54,77616850.88
000333.SZ,2023-07-31,16.92,16.9,17.41,16.49,580764369.02
600036.SH,2023-07-31,77.93,78.12,79.95,77.35,2530168562.19
002415.SZ,2023-07-31,4.47,4.47,4.55,4.47,27223423.8
600276.SH,2023-07-31,22.95,22.94,22.97,22.58,59008584.21
002594.SZ,2023-07-31,101.26,100.41,101.84,98.62,4757866026.54
601012.SH,2023-07-31,131.03,131.25,132.45,131.02,4610506032.31
600887.SH,2023-07-31,75.84,75.2,77.08,75.72,2893961142.2
000002.SZ,2023-07-31,377.11,375.06,377.78,376.76,580359155.1
600519.SH,2023-08-01,479.65,479.73,485.13,470.13,5784374015.77
000858.SZ,2023-08-01,43.72,43.76,44.81,43.59,736419899.68
300750.SZ,2023-08-01,63.78,63.72,65.65,62.87,2953207912.54
601318.SH,2023-08-01,32.75,32.6,33.25,32.2,356598977.65
000333.SZ,2023-08-01,16.45,16.46,16.81,16.05,179871768.49
600036.SH,2023-08-01,78.04,78.07,78.72,77.53,1735727425.54
002415.SZ,2023-08-01,4.53,4.54,4.55,4.46,114152048.74
600276.SH,2023-08-01,22.4,22.4,22.43,21.78,1045752710.89
002594.SZ,2023-08-01,102.72,102.0,103.5,102.17,3240325188.28
601012.SH,2023-08-01,130.15,130.13,130.7,128.56,2273268480.24
600887.SH,2023-08-01,75.32,75.48,75.83,72.62,2188813263.56
000002.SZ,2023-08-01,388.59,388.16,388.75,387.94,8728537770.4
600519.SH,2023-08-02,473.14,472.47,477.02,467.74,2355529059.45
000858.SZ,2023-08-02,44.8,44.56,44.94,44.2,1991404998.1
300750.SZ,2023-08-02,65.44,65.14,66.21,64.88,2628301567.44
601318.SH,2023-08-02,34.34,34.08,35.44,33.86,1452518944.5
000333.SZ,2023-08-02,16.02,15.92,16.28,15.91,400361543.13
600036.SH,2023-08-02,79.98,80.05,81.23,79.56,1253966252.68
002415.SZ,2023-08-02,4.65,4.68,4.69,4.6,95895482.99
600276.SH,2023-08-02,22.32,22.39,22.57,22.08,200750502.34
002594.SZ,2023-08-02,100.43,100.37,101.47,99.59,3858200936.63
601012.SH,2023-08-02,126.8,126.61,129.39,125.1,4050189619.06
600887.SH,2023-08-02,77.05,76.42,77.13,76.61,1855296351.46
000002.SZ,2023-08-02,399.12,400.36,403.56,395.14,17994619590.14
600519.SH,2023-08-03,489.38,485.57,495.06,488.58,2404443034.49
000858.SZ,2023-08-03,44.81,44.93,45.5,44.0,624496795.7
300750.SZ,2023-08-03,65.03,64.91,65.18,64.22,1882073874.14
601318.SH,2023-08-03,32.3,32.17,33.31,32.26,1452182413.61
000333.SZ,2023-08-03,15.89,15.87,15.99,15.85,472710012.43
600036.SH,2023-08-03,81.37,81.23,83.23,81.22,1960579332.43
002415.SZ,2023-08-03,4.53,4.52,4.55,4.47,121031124.83
600276.SH,2023-08-03,22.06,21.87,22.33,21.77,1010663919.18
002594.SZ,2023-08-03,102.51,102.39,102.55,102.32,851252573.23
601012.SH,2023-08-03,128.51,128.46,128.91,125.91,143144914.69
600887.SH,2023-08-03,76.91,75.76,78.13,76.14,3693068456.79
000002.SZ,2023-08-03,378.65,380.45,381.19,375.98,17228315945.09
600519.SH,2023-08-04,480.84,478.75,481.26,469.8,2396477844.25
000858.SZ,2023-08-04,43.66,43.58,44.2,43.39,855304464.03
300750.SZ,2023-08-04,67.14,67.11,69.06,66.51,223274594.59
601318.SH,2023-08-04,31.13,30.99,31.29,30.95,1043431272.25
000333.SZ,2023-08-04,16.09,16.18,16.11,15.97,95014695.69
600036.SH,2023-08-04,83.07,82.72,84.4,80.03,2178714745.55
002415.SZ,2023-08-04,4.58,4.56,4.62,4.5,117447664.43
600276.SH,2023-08-04,21.83,21.64,22.28,21.48,103966355.78
002594.SZ,2023-08-04,107.9,107.9,108.5,107.3,3860066001.29
601012.SH,2023-08-04,125.79,126.18,126.43,121.35,4307599993.71
600887.SH,2023-08-04,76.24,76.44,76.38,74.9,2549609515.9
000002.SZ,2023-08-04,385.91,383.14,389.04,383.22,12780828994.28
600519.SH,2023-08-07,487.53,489.97,493.02,482.09,15618461936.95
000858.SZ,2023-08-07,43.23,43.16,43.62,42.84,1840540192.82
300750.SZ,2023-08-07,65.95,66.3,66.46,65.04,961528421.56
601318.SH,2023-08-07,31.28,31.62,31.51,30.96,1191592594.81
000333.SZ,2023-08-07,15.13,15.01,15.5,15.02,700803315.91
600036.SH,2023-08-07,79.31,79.73,79.93,78.2,1257908454.02
002415.SZ,2023-08-07,4.68,4.68,4.75,4.65,226638601.97
600276.SH,2023-08-07,20.44,20.43,20.65,20.44,605567600.32
002594.SZ,2023-08-07,106.64,106.96,107.64,103.93,4245731191.37
601012.SH,2023-08-07,125.85,126.5,125.91,124.58,1291904891.73
600887.SH,2023-08-07,74.92,75.24,77.66,73.76,1953284560.28
000002.SZ,2023-08-07,380.84,377.78,384.73,377.99,5483705989.69
600519.SH,2023-08-08,494.07,493.28,495.19,492.48,7362878736.44
000858.SZ,2023-08-08,42.94,42.93,43.08,42.49,1311838645.85
300750.SZ,2023-08-08,61.88,62.47,63.34,60.99,2068795731.04
601318.SH,2023-08-08,31.77,31.87,32.75,31.29,1120408602.23
000333.SZ,2023-08-08,15.24,15.2,15.65,14.95,61811461.15
600036.SH,2023-08-08,79.37,80.19,80.41,77.55,1248184555.31
002415.SZ,2023-08-08,4.57,4.56,4.65,4.54,11335591.37
600276.SH,2023-08-08,19.53,19.54,19.66,19.33,974306918.23
002594.SZ,2023-08-08,112.0,111.16,114.61,109.73,715692910.21
601012.SH,2023-08-08,125.74,126.11,126.85,124.17,1596342106.21
600887.SH,2023-08-08,76.72,76.8,77.89,75.82,605813094.56
000002.SZ,2023-08-08,385.27,387.44,386.87,385.18,8087085870.9
600519.SH,2023-08-09,493.08,491.69,498.8,483.96,15731300014.82
000858.SZ,2023-08-09,44.66,44.83,44.71,44.45,427137449.06
300750.SZ,2023-08-09,63.85,64.19,64.03,63.56,2892583701.14
601318.SH,2023-08-09,32.73,32.76,33.83,32.56,1590359931.95
000333.SZ,2023-08-09,14.96,15.02,15.14,14.8,380480565.36
600036.SH,2023-08-09,77.46,77.41,79.3,77.12,3808441321.4
002415.SZ,2023-08-09,4.71,4.71,4.78,4.7,22308903.06
600276.SH,2023-08-09,19.62,19.69,19.96,19.37,72224241.03
002594.SZ,2023-08-09,111.71,111.2,114.77,108.63,3893878040.96
601012.SH,2023-08-09,123.21,122.79,123.93,122.71,397099574.65
600887.SH,2023-08-09,73.89,73.76,75.98,72.64,1805707036.9
000002.SZ,2023-08-09,396.13,395.46,401.18,386.8,15088147990.35
600519.SH,2023-08-10,494.71,492.61,502.36,487.05,10648023948.79
000858.SZ,2023-08-10,43.63,43.84,43.67,43.19,1132959232.05
300750.SZ,2023-08-10,63.48,63.91,63.96,62.66,256709136.07
601318.SH,2023-08-10,31.79,31.85,32.67,30.7,1395665307.18
000333.SZ,2023-08-10,14.74,14.74,14.77,14.69,666005190.23
600036.SH,2023-08-10,75.84,75.86,75.96,75.42,2169560775.72
002415.SZ,2023-08-10,4.75,4.75,4.83,4.72,80955954.17
600276.SH,2023-08-10,19.83,19.92,20.28,19.53,193616514.07
002594.SZ,2023-08-10,111.36,111.31,111.41,109.68,5220712984.91
601012.SH,2023-08-10,129.01,128.83,134.11,126.87,2736093238.85
600887.SH,2023-08-10,73.95,73.99,74.39,72.57,2344739797.2
000002.SZ,2023-08-10,391.51,394.53,394.58,385.63,18888015593.92
600519.SH,2023-08-11,501.18,503.68,521.7,486.83,2817653070.97
000858.SZ,2023-08-11,44.64,44.86,45.0,44.24,13658446.21
300750.SZ,2023-08-11,61.64,61.78,61.92,61.03,2722565025.48
601318.SH,2023-08-11,33.29,33.04,33.93,32.85,1634406159.59
000333.SZ,2023-08-11,14.81,14.85,14.82,14.71,174325125.5
600036.SH,2023-08-11,74.63,74.77,76.8,72.2,3700925962.51
002415.SZ,2023-08-11,4.9,4.9,4.94,4.8,200658502.66
600276.SH,2023-08-11,20.24,20.34,20.31,20.22,714065329.47
002594.SZ,2023-08-11,116.74,114.43,116.76,115.9,3221343624.7
601012.SH,2023-08-11,132.17,132.16,132.96,129.65,4548191662.25
600887.SH,2023-08-11,72.61,72.38,72.8,72.01,1272232500.56
000002.SZ,2023-08-11,392.09,391.4,400.89,391.84,4923219780.43
600519.SH,2023-08-14,500.77,504.19,507.41,484.89,21581568280.53
000858.SZ,2023-08-14,45.59,45.76,45.96,45.52,758222189.02
300750.SZ,2023-08-14,59.12,59.01,59.43,58.03,2141067383.38
601318.SH,2023-08-14,33.81,33.78,33.87,33.56,832656903.61
000333.SZ,2023-08-14,14.67,14.68,14.78,14.36,166235693.08
600036.SH,2023-08-14,72.37,72.31,73.06,70.83,1659119118.73
002415.SZ,2023-08-14,4.73,4.71,4.84,4.67,88332923.25
600276.SH,2023-08-14,19.78,19.7,20.0,19.29,28505973.94
002594.SZ,2023-08-14,118.24,119.05,119.45,116.59,1090918886.87
601012.SH,2023-08-14,134.42,134.48,138.93,133.86,2837520287.69
600887.SH,2023-08-14,72.96,73.01,73.23,71.03,583045463.07
000002.SZ,2023-08-14,401.57,402.09,406.61,395.39,19058001229.53
600519.SH,2023-08-15,494.26,494.06,497.71,488.81,11690036535.05
000858.SZ,2023-08-15,46.33,45.9,47.13,46.07,977316325.32
300750.SZ,2023-08-15,59.96,59.97,61.44,59.21,7632321.51
601318.SH,2023-08-15,33.66,33.31,34.28,32.58,1264357352.41
000333.SZ,2023-08-15,14.4,14.37,14.64,14.35,267147338.71
600036.SH,2023-08-15,70.87,71.28,72.02,70.63,594798359.33
002415.SZ,2023-08-15,4.64,4.6,4.73,4.58,104843845.87
600276.SH,2023-08-15,19.94,19.9,19.95,19.7,946510594.56
002594.SZ,2023-08-15,118.12,118.07,119.0,116.62,3498642308.49
601012.SH,2023-08-15,129.32,129.0,130.79,128.68,5740671716.1
600887.SH,2023-08-15,73.91,74.22,74.61,72.73,229170171.32
000002.SZ,2023-08-15,408.41,411.96,411.22,406.47,7090654481.84
600519.SH,2023-08-16,481.38,482.19,487.92,473.56,1275740191.4
000858.SZ,2023-08-16,47.45,47.16,48.71,46.52,1207634606.2
300750.SZ,2023-08-16,61.01,60.81,61.32,59.58,1443615718.66
601318.SH,2023-08-16,33.77,33.77,34.47,33.49,62572632.09
000333.SZ,2023-08-16,14.25,14.29,14.66,14.22,594096376.3
600036.SH,2023-08-16,73.13,73.6,73.67,72.93,3060236352.06
002415.SZ,2023-08-16,4.63,4.65,4.67,4.58,1914649.17
600276.SH,2023-08-16,20.74,20.82,20.82,20.35,622865003.53
002594.SZ,2023-08-16,117.9,117.93,120.12,115.3,4581724308.39
601012.SH,2023-08-16,118.61,118.74,122.66,115.31,1950824025.85
600887.SH,2023-08-16,71.82,72.14,74.9,71.58,2105237700.27
000002.SZ,2023-08-16,416.52,417.38,421.58,412.59,1303216980.59
600519.SH,2023-08-17,486.92,489.24,489.98,486.01,23806215675.08
000858.SZ,2023-08-17,48.43,48.29,48.66,48.25,1592171171.61
300750.SZ,2023-08-17,62.71,63.62,63.4,61.83,334500677.18
601318.SH,2023-08-17,35.16,35.04,35.85,34.87,432747021.79
000333.SZ,2023-08-17,14.12,14.21,14.48,13.45,186136168.45
600036.SH,2023-08-17,74.79,75.09,76.13,74.28,1169938933.59
002415.SZ,2023-08-17,4.72,4.7,4.75,4.69,169887108.63
600276.SH,2023-08-17,20.31,20.48,20.7,19.85,328681464.78
002594.SZ,2023-08-17,119.71,119.92,119.76,118.81,4131753581.84
601012.SH,2023-08-17,121.83,122.79,122.65,121.32,3262017217.53
600887.SH,2023-08-17,73.59,73.1,74.87,73.53,2185266195.55
000002.SZ,2023-08-17,436.54,436.57,436.58,433.46,17826894623.74
600519.SH,2023-08-18,516.54,513.42,519.47,510.15,22934551244.22
000858.SZ,2023-08-18,48.72,48.95,49.57,48.67,862004432.74
300750.SZ,2023-08-18,62.0,62.37,62.54,60.83,2552262071.86
601318.SH,2023-08-18,35.81,35.81,36.36,35.2,96476398.86
000333.SZ,2023-08-18,14.18,14.08,14.3,14.04,389978745.93
600036.SH,2023-08-18,76.32,76.67,76.56,75.87,1213533132.2
002415.SZ,2023-08-18,4.76,4.75,4.77,4.72,9265698.41
600276.SH,2023-08-18,19.43,19.26,19.55,19.27,158069931.44
002594.SZ,2023-08-18,118.11,118.6,118.32,117.3,2535461371.5
601012.SH,2023-08-18,119.58,120.14,121.85,115.34,1446438447.44
600887.SH,2023-08-18,69.69,69.78,71.07,69.55,2999352018.9
000002.SZ,2023-08-18,442.85,443.72,446.13,435.71,14786455294.75
600519.SH,2023-08-21,537.36,540.57,542.37,533.31,18479380919.16
000858.SZ,2023-08-21,47.45,47.83,47.72,46.9,1416581681.98
300750.SZ,2023-08-21,63.56,63.46,64.02,62.68,738763692.8
601318.SH,2023-08-21,34.54,34.39,34.95,33.94,281257334.31
000333.SZ,2023-08-21,13.93,13.93,14.11,13.91,546205362.56
600036.SH,2023-08-21,76.15,75.99,77.62,75.8,2459874849.64
002415.SZ,2023-08-21,4.81,4.82,4.89,4.8,100244529.33
600276.SH,2023-08-21,20.13,20.2,20.3,20.0,328862342.68
002594.SZ,2023-08-21,117.09,117.3,120.41,116.73,411805141.21
601012.SH,2023-08-21,120.45,120.6,122.64,119.09,5352895650.88
600887.SH,2023-08-21,69.42,69.64,69.8,68.7,1829928350.29
000002.SZ,2023-08-21,446.7,446.86,450.6,439.03,1408554428.95
600519.SH,2023-08-22,521.93,523.6,531.77,519.81,16344174721.79
000858.SZ,2023-08-22,46.99,47.1,47.02,45.8,1860897109.09
300750.SZ,2023-08-22,63.42,62.76,64.58,63.01,251383706.27
601318.SH,2023-08-22,32.81,32.78,33.46,32.56,547736941.05
000333.SZ,2023-08-22,14.06,14.07,14.09,14.02,414567103.48
600036.SH,2023-08-22,76.07,76.17,76.45,75.87,2393838157.98
002415.SZ,2023-08-22,4.73,4.71,4.75,4.61,148718894.46
600276.SH,2023-08-22,19.99,20.02,20.39,19.76,836820301.82
002594.SZ,2023-08-22,116.97,117.68,119.85,114.27,637835700.87
601012.SH,2023-08-22,125.45,125.59,126.84,122.76,2163300741.51
600887.SH,2023-08-22,68.52,68.61,68.95,67.91,2664779013.58
000002.SZ,2023-08-22,431.87,434.08,433.95,430.94,11277320285.37
600519.SH,2023-08-23,522.81,519.09,531.44,521.92,12705540709.4
000858.SZ,2023-08-23,48.81,48.89,49.55,48.53,1440396802.24
300750.SZ,2023-08-23,63.01,62.85,65.31,61.01,344222109.78
601318.SH,2023-08-23,32.89,32.9,33.22,32.67,185166568.11
000333.SZ,2023-08-23,13.72,13.77,13.86,13.36,84123509.52
600036.SH,2023-08-23,74.58,74.42,76.45,74.52,246437836.95
002415.SZ,2023-08-23,4.8,4.77,4.84,4.78,173574385.08
600276.SH,2023-08-23,20.17,20.09,20.39,19.83,823927077.9
002594.SZ,2023-08-23,117.54,116.36,118.27,114.71,1778224422.18
601012.SH,2023-08-23,124.52,124.26,126.25,122.61,3850269307.47
600887.SH,2023-08-23,70.26,70.47,70.49,70.17,2573474253.6
000002.SZ,2023-08-23,424.58,425.96,425.89,417.46,328629048.6
600519.SH,2023-08-24,531.79,532.5,546.25,521.81,14665406172.45
000858.SZ,2023-08-24,49.16,48.74,49.64,48.55,2258710770.14
300750.SZ,2023-08-24,61.26,60.84,62.49,59.78,2866090741.71
601318.SH,2023-08-24,32.35,31.96,32.64,31.83,536842920.01
000333.SZ,2023-08-24,13.31,13.28,13.34,13.16,57693998.16
600036.SH,2023-08-24,75.13,75.43,76.34,74.99,1699566183.95
002415.SZ,2023-08-24,4.82,4.74,4.86,4.79,219655913.98
600276.SH,2023-08-24,19.75,19.77,20.27,19.5,701345186.25
002594.SZ,2023-08-24,116.3,116.42,116.58,114.92,1461863877.01
601012.SH,2023-08-24,123.04,123.96,127.14,122.34,4518148675.72
600887.SH,2023-08-24,70.84,70.88,71.9,70.07,1144968269.84
000002.SZ,2023-08-24,427.75,429.73,431.2,421.44,494376263.6
600519.SH,2023-08-25,537.45,536.33,555.79,531.46,23921154462.99
000858.SZ,2023-08-25,50.64,50.37,51.34,50.25,6764586.94
300750.SZ,2023-08-25,61.68,61.79,62.4,61.61,974625777.63
601318.SH,2023-08-25,33.28,33.46,33.28,32.86,874887755.69
000333.SZ,2023-08-25,12.92,12.91,13.36,12.9,182239843.48
600036.SH,2023-08-25,74.13,74.62,74.15,73.45,1482722414.69
002415.SZ,2023-08-25,4.86,4.85,4.89,4.84,234503551.36
600276.SH,2023-08-25,19.57,19.55,20.03,19.51,224897581.96
002594.SZ,2023-08-25,120.17,120.49,121.07,119.66,3704191782.83
601012.SH,2023-08-25,119.62,120.53,119.86,118.93,5479454084.05
600887.SH,2023-08-25,71.97,72.35,72.79,71.13,1666905633.51
000002.SZ,2023-08-25,446.17,443.61,456.08,444.35,2026401183.38
600519.SH,2023-08-28,526.55,524.06,534.56,515.45,3136773997.64
000858.SZ,2023-08-28,49.74,49.66,49.8,49.59,205771083.05
300750.SZ,2023-08-28,64.29,64.48,64.73,62.21,2166110265.06
601318.SH,2023-08-28,33.3,33.22,33.84,33.27,1333887775.79
000333.SZ,2023-08-28,12.62,12.53,12.69,12.56,331600101.17
600036.SH,2023-08-28,72.88,72.35,73.26,72.34,3112529726.56
002415.SZ,2023-08-28,4.93,4.94,4.94,4.9,35118440.26
600276.SH,2023-08-28,20.11,19.86,20.21,19.88,820332166.45
002594.SZ,2023-08-28,112.87,113.64,113.65,110.36,3578828971.59
601012.SH,2023-08-28,119.02,117.9,125.05,118.03,1626688449.79
600887.SH,2023-08-28,70.9,70.75,72.41,68.69,3068843670.14
000002.SZ,2023-08-28,467.73,467.84,475.58,463.17,21897850511.06
600519.SH,2023-08-29,526.88,530.76,535.54,526.15,22706701532.92
000858.SZ,2023-08-29,50.77,50.35,52.03,50.6,1158089193.66
300750.SZ,2023-08-29,63.04,62.65,63.34,61.67,833943099.0
601318.SH,2023-08-29,33.04,33.08,33.13,32.97,1651805974.18
000333.SZ,2023-08-29,11.82,11.85,11.99,11.64,293658660.28
600036.SH,2023-08-29,74.76,73.94,75.49,74.75,1866680137.58
002415.SZ,2023-08-29,5.07,5.04,5.16,4.92,83584509.61
600276.SH,2023-08-29,19.92,19.96,20.01,19.36,757615448.4
002594.SZ,2023-08-29,109.71,110.26,111.18,108.18,2895341856.52
601012.SH,2023-08-29,126.39,127.46,128.24,125.48,1642126343.65
600887.SH,2023-08-29,69.89,69.47,71.19,69.21,873471210.05
000002.SZ,2023-08-29,469.25,469.7,484.11,464.4,18116288540.98
600519.SH,2023-08-30,539.98,539.4,546.18,524.11,24652650126.61
000858.SZ,2023-08-30,51.33,51.37,51.67,50.91,1217812914.29
300750.SZ,2023-08-30,61.87,61.64,63.22,61.75,798502967.24
601318.SH,2023-08-30,34.83,34.82,35.93,34.73,262406056.83
000333.SZ,2023-08-30,11.43,11.33,11.51,11.39,410454562.79
600036.SH,2023-08-30,75.73,75.78,75.86,75.2,1211895088.13
002415.SZ,2023-08-30,4.99,5.03,5.13,4.95,230262874.89
600276.SH,2023-08-30,19.86,19.96,19.93,19.41,569267472.25
002594.SZ,2023-08-30,110.6,110.45,112.48,110.27,4185870180.94
601012.SH,2023-08-30,121.18,120.92,123.42,120.18,5990746390.37
600887.SH,2023-08-30,70.4,70.44,70.54,68.37,1644907016.94
000002.SZ,2023-08-30,482.97,483.76,498.14,475.09,12452606903.05
600519.SH,2023-08-31,533.18,534.43,544.05,523.92,3991255139.31
000858.SZ,2023-08-31,52.79,52.61,53.2,52.44,1671604341.39
300750.SZ,2023-08-31,62.94,62.97,63.02,61.75,252600937.28
601318.SH,2023-08-31,35.29,35.18,35.64,35.28,1757562539.35
000333.SZ,2023-08-31,11.15,11.12,11.31,11.1,384335383.99
600036.SH,2023-08-31,74.2,74.13,74.6,73.13,2670303952.16
002415.SZ,2023-08-31,5.03,5.01,5.04,4.94,132586313.51
600276.SH,2023-08-31,20.1,20.1,20.64,20.07,242722430.72
002594.SZ,2023-08-31,111.16,110.63,111.51,110.54,3907696868.47
601012.SH,2023-08-31,115.95,115.98,119.74,113.94,1986324785.53
600887.SH,2023-08-31,71.88,72.25,72.28,70.52,2193176056.22
000002.SZ,2023-08-31,469.95,469.17,472.56,462.34,12607097295.57
600519.SH,2023-09-01,551.85,554.85,566.84,551.57,15115137650.66
000858.SZ,2023-09-01,55.57,55.67,56.2,53.75,763160058.24
300750.SZ,2023-09-01,65.25,65.28,65.58,64.35,2245843255.67
601318.SH,2023-09-01,35.16,35.02,35.58,34.59,1687843894.1
000333.SZ,2023-09-01,11.27,11.33,11.34,11.16,246800083.22
600036.SH,2023-09-01,71.11,71.3,71.22,70.31,1745167879.45
002415.SZ,2023-09-01,5.0,5.02,5.0,5.0,106333303.36
600276.SH,2023-09-01,21.27,21.23,21.46,21.25,12255001.91
002594.SZ,2023-09-01,105.83,106.17,106.08,105.67,4699836988.6
601012.SH,2023-09-01,117.01,116.42,117.02,116.86,727072022.57
600887.SH,2023-09-01,71.59,72.22,72.02,70.46,1646872489.15
000002.SZ,2023-09-01,476.39,474.9,480.03,472.17,21922755338.54
600519.SH,2023-09-04,545.66,540.01,556.78,544.6,22268950426.19
000858.SZ,2023-09-04,56.72,56.53,57.94,56.68,1085713046.58
300750.SZ,2023-09-04,65.23,65.35,65.48,64.95,1398688205.89
601318.SH,2023-09-04,34.22,34.01,34.24,33.88,1571130939.77
000333.SZ,2023-09-04,11.03,11.11,11.17,10.72,425951755.62
600036.SH,2023-09-04,71.95,72.48,72.29,71.36,1644220824.65
002415.SZ,2023-09-04,4.82,4.81,4.89,4.81,208790157.41
600276.SH,2023-09-04,21.73,21.85,22.33,21.48,399276364.61
002594.SZ,2023-09-04,100.14,100.14,101.37,98.29,2904754653.12
601012.SH,2023-09-04,121.43,120.56,122.21,120.43,2693529008.72
600887.SH,2023-09-04,69.66,69.33,70.23,68.78,1730109608.32
000002.SZ,2023-09-04,493.76,494.84,506.11,487.61,17364749590.01
600519.SH,2023-09-05,568.93,567.83,579.23,563.56,25372566681.22
000858.SZ,2023-09-05,56.37,56.13,57.07,56.02,2337869973.16
300750.SZ,2023-09-05,67.78,68.27,68.98,66.78,3246553375.58
601318.SH,2023-09-05,34.4,34.59,35.18,34.28,1069545638.11
000333.SZ,2023-09-05,11.15,11.15,11.62,11.02,329755000.39
600036.SH,2023-09-05,74.74,74.7,74.85,74.41,2944536799.97
002415.SZ,2023-09-05,4.79,4.76,4.79,4.68,43190831.39
600276.SH,2023-09-05,22.25,22.32,22.85,22.19,95754064.4
002594.SZ,2023-09-05,98.26,98.43,98.54,97.93,3156576703.31
601012.SH,2023-09-05,126.32,126.27,126.59,124.4,3286333984.52
600887.SH,2023-09-05,68.67,68.85,69.33,67.58,1701687450.75
000002.SZ,2023-09-05,508.07,505.9,510.46,499.75,7127893381.91
600519.SH,2023-09-06,572.3,570.56,572.62,569.97,27208624114.29
000858.SZ,2023-09-06,57.33,57.64,58.02,56.99,2463429309.03
300750.SZ,2023-09-06,64.48,64.41,66.1,63.8,512645876.77
601318.SH,2023-09-06,34.38,34.43,34.89,34.24,450450470.08
000333.SZ,2023-09-06,11.31,11.35,11.37,11.13,63445896.3
600036.SH,2023-09-06,75.65,75.53,78.36,73.92,2234675051.18
002415.SZ,2023-09-06,4.73,4.74,4.78,4.69,132868581.48
600276.SH,2023-09-06,22.82,22.98,23.03,22.71,949193790.48
002594.SZ,2023-09-06,97.81,97.79,98.23,96.93,3336736662.18
601012.SH,2023-09-06,122.88,122.91,127.51,121.43,5773734535.35
600887.SH,2023-09-06,69.23,69.18,70.04,66.71,577660828.41
000002.SZ,2023-09-06,507.62,506.75,513.01,506.37,24419531579.56
600519.SH,2023-09-07,560.82,560.21,562.49,546.48,5128910940.56
000858.SZ,2023-09-07,55.52,55.65,56.25,54.62,1668719050.87
300750.SZ,2023-09-07,66.08,65.87,66.83,65.21,425905288.03
601318.SH,2023-09-07,33.86,33.88,34.33,33.4,378542155.77
000333.SZ,2023-09-07,11.25,11.3,11.36,11.02,29885030.93
600036.SH,2023-09-07,78.22,78.15,79.21,78.21,464958202.26
002415.SZ,2023-09-07,4.69,4.7,4.81,4.68,98228929.91
600276.SH,2023-09-07,23.02,23.09,23.24,22.29,887633647.29
002594.SZ,2023-09-07,96.61,97.15,97.33,95.55,1309327749.33
601012.SH,2023-09-07,121.05,121.06,123.74,120.2,2565021296.97
600887.SH,2023-09-07,66.58,66.59,67.94,65.82,799196843.83
000002.SZ,2023-09-07,528.93,528.41,540.96,522.99,10513145811.48
600519.SH,2023-09-08,566.87,566.6,566.88,564.82,15955823426.54
000858.SZ,2023-09-08,56.03,55.87,56.45,55.93,1105147886.63
300750.SZ,2023-09-08,66.11,65.88,66.61,65.56,2024513968.02
601318.SH,2023-09-08,33.13,33.27,34.62,32.88,1019683449.5
000333.SZ,2023-09-08,11.3,11.3,11.49,10.99,35651594.03
600036.SH,2023-09-08,76.27,76.15,76.71,76.22,1400872122.13
002415.SZ,2023-09-08,4.73,4.77,4.75,4.73,27670684.84
600276.SH,2023-09-08,23.3,23.43,24.03,22.82,1097692975.05
002594.SZ,2023-09-08,96.17,97.07,96.58,96.05,4612510792.11
601012.SH,2023-09-08,123.03,122.58,125.5,122.71,842105014.27
600887.SH,2023-09-08,67.68,67.05,68.15,67.42,527150696.16
000002.SZ,2023-09-08,534.4,535.6,535.09,522.45,19620240491.63
600519.SH,2023-09-11,545.58,548.62,550.61,528.39,21717669891.1
000858.SZ,2023-09-11,55.01,55.04,55.91,54.68,618828990.45
300750.SZ,2023-09-11,66.01,66.13,66.47,64.87,704768432.75
601318.SH,2023-09-11,34.16,34.02,34.89,33.97,658787294.16
000333.SZ,2023-09-11,11.29,11.37,11.35,11.25,545395915.29
600036.SH,2023-09-11,76.69,77.05,77.46,76.18,564554107.16
002415.SZ,2023-09-11,4.74,4.75,4.78,4.64,68293705.24
600276.SH,2023-09-11,23.1,23.29,23.5,23.04,287493980.13
002594.SZ,2023-09-11,97.06,97.07,98.3,96.88,222804098.21
601012.SH,2023-09-11,118.37,119.2,120.41,116.59,1292675869.76
600887.SH,2023-09-11,66.42,66.74,67.52,66.19,2162289835.94
000002.SZ,2023-09-11,558.76,559.89,576.07,549.82,14768573019.59
600519.SH,2023-09-12,558.12,557.36,564.39,545.19,6154057598.08
000858.SZ,2023-09-12,54.19,53.92,55.25,53.17,2173646982.38
300750.SZ,2023-09-12,66.83,66.64,68.36,66.41,2486893114.91
601318.SH,2023-09-12,33.82,33.81,34.12,32.66,491043488.47
000333.SZ,2023-09-12,10.99,11.06,11.12,10.93,94612194.88
600036.SH,2023-09-12,77.15,77.84,77.92,76.83,3128200631.5
002415.SZ,2023-09-12,4.66,4.64,4.66,4.57,35075005.46
600276.SH,2023-09-12,23.86,23.85,23.88,23.61,585941055.4
002594.SZ,2023-09-12,96.58,96.53,98.4,95.47,2930837388.96
601012.SH,2023-09-12,116.25,115.27,117.62,115.1,2557217393.08
600887.SH,2023-09-12,66.44,66.35,66.75,65.59,2559914610.4
000002.SZ,2023-09-12,556.02,555.07,561.68,552.22,20397836136.08
600519.SH,2023-09-13,568.91,574.87,590.76,561.08,6373216699.75
000858.SZ,2023-09-13,55.17,54.99,55.81,54.32,455842148.32
300750.SZ,2023-09-13,65.33,65.43,67.97,65.31,1588138973.05
601318.SH,2023-09-13,34.43,34.55,35.36,33.19,772016927.15
000333.SZ,2023-09-13,11.31,11.24,11.55,11.27,53283082.68
600036.SH,2023-09-13,77.89,78.37,78.65,77.74,3510328130.52
002415.SZ,2023-09-13,4.78,4.82,4.88,4.74,35068259.12
600276.SH,2023-09-13,23.5,23.56,23.74,23.37,1102458900.5
002594.SZ,2023-09-13,99.2,98.97,101.14,97.9,2203843505.43
601012.SH,2023-09-13,116.63,116.81,117.13,115.97,5060529709.71
600887.SH,2023-09-13,68.41,68.8,69.2,67.31,3107128695.29
000002.SZ,2023-09-13,559.6,561.41,561.07,553.76,10277630610.27
600519.SH,2023-09-14,576.7,578.74,587.31,574.42,3579846093.1
000858.SZ,2023-09-14,52.87,52.64,53.38,52.01,304053541.33
300750.SZ,2023-09-14,63.23,63.3,64.69,63.19,252539275.11
601318.SH,2023-09-14,34.5,34.63,34.54,34.16,1142926494.11
000333.SZ,2023-09-14,11.01,11.09,11.05,10.96,46730346.94
600036.SH,2023-09-14,75.56,75.39,76.32,75.27,3095717213.95
002415.SZ,2023-09-14,4.48,4.53,4.49,4.4,9243934.97
600276.SH,2023-09-14,22.88,22.74,23.01,22.47,720972638.67
002594.SZ,2023-09-14,99.84,100.28,101.22,99.79,1157618027.56
601012.SH,2023-09-14,113.16,112.57,113.16,112.85,3526197891.41
600887.SH,2023-09-14,69.43,69.19,69.88,68.4,798122762.88
000002.SZ,2023-09-14,534.05,533.4,543.16,527.87,22838248113.82
600519.SH,2023-09-15,604.77,603.54,613.64,593.54,18921235618.0
000858.SZ,2023-09-15,54.46,54.35,54.54,53.4,2618699577.86
300750.SZ,2023-09-15,59.42,59.47,59.51,58.62,1731298231.79
601318.SH,2023-09-15,32.79,32.65,33.04,31.85,526541441.42
000333.SZ,2023-09-15,11.03,11.04,11.14,10.88,71798196.76
600036.SH,2023-09-15,72.37,72.23,72.66,70.92,3070295984.06
002415.SZ,2023-09-15,4.4,4.4,4.45,4.39,153581089.05
600276.SH,2023-09-15,23.09,23.03,23.31,22.96,1083241213.2
002594.SZ,2023-09-15,94.98,95.46,95.1,94.56,823114135.89
601012.SH,2023-09-15,114.97,115.31,118.39,112.47,5252585861.15
600887.SH,2023-09-15,69.29,69.42,69.38,68.21,1321446829.02
000002.SZ,2023-09-15,515.01,516.91,524.81,506.26,25257118603.74
600519.SH,2023-09-18,624.65,619.3,650.35,611.42,24226259915.39
000858.SZ,2023-09-18,55.36,55.7,56.19,53.66,2207247022.58
300750.SZ,2023-09-18,58.48,58.35,58.78,57.39,2711353045.52
601318.SH,2023-09-18,33.65,33.45,34.19,33.29,729672275.03
000333.SZ,2023-09-18,10.85,10.92,10.87,10.67,108890611.61
600036.SH,2023-09-18,69.27,69.28,69.43,69.02,51244120.62
002415.SZ,2023-09-18,4.39,4.35,4.41,4.26,144893666.83
600276.SH,2023-09-18,23.15,23.1,23.27,23.07,804107206.57
002594.SZ,2023-09-18,94.79,94.73,96.36,92.6,110959098.93
601012.SH,2023-09-18,114.88,115.69,116.35,113.22,3043849552.75
600887.SH,2023-09-18,69.49,69.36,70.11,69.37,35224168.4
000002.SZ,2023-09-18,513.05,509.48,521.84,504.08,4180630234.9
600519.SH,2023-09-19,627.52,631.68,639.65,626.79,13570093082.88
000858.SZ,2023-09-19,56.83,57.13,56.85,56.66,2754944113.28
300750.SZ,2023-09-19,58.45,58.59,58.73,57.33,1846793109.73
601318.SH,2023-09-19,34.26,34.25,34.43,33.65,120671372.03
000333.SZ,2023-09-19,10.75,10.8,10.99,10.69,195126615.31
600036.SH,2023-09-19,67.94,68.02,69.77,66.61,3303974939.81
002415.SZ,2023-09-19,4.23,4.25,4.3,4.21,102223046.44
600276.SH,2023-09-19,23.38,23.29,24.2,23.25,749184506.11
002594.SZ,2023-09-19,95.22,95.03,97.02,93.59,3969880174.47
601012.SH,2023-09-19,111.21,110.0,114.24,109.17,3733243233.47
600887.SH,2023-09-19,67.34,67.39,70.03,64.95,1129235286.81
000002.SZ,2023-09-19,534.23,536.3,545.67,528.24,21112393991.44
600519.SH,2023-09-20,633.9,633.25,641.33,629.51,10407916597.56
000858.SZ,2023-09-20,56.26,56.4,56.44,55.78,228756003.28
300750.SZ,2023-09-20,58.62,58.88,59.27,58.19,1018283883.93
601318.SH,2023-09-20,33.71,33.48,34.2,33.65,259801235.89
000333.SZ,2023-09-20,10.78,10.78,10.86,10.72,201363105.15
600036.SH,2023-09-20,68.33,67.59,69.04,67.93,1059160332.38
002415.SZ,2023-09-20,4.07,4.08,4.1,4.06,187763066.09
600276.SH,2023-09-20,22.72,22.85,22.86,22.23,327074005.78
002594.SZ,2023-09-20,95.82,95.0,97.18,95.62,4740863032.97
601012.SH,2023-09-20,107.86,107.86,109.25,106.83,2769048771.41
600887.SH,2023-09-20,68.81,69.38,69.41,68.63,113148124.8
000002.SZ,2023-09-20,531.15,529.32,540.02,530.31,4081695361.61
600519.SH,2023-09-21,629.64,631.72,635.01,624.54,7634824549.55
000858.SZ,2023-09-21,57.22,57.38,57.33,56.8,2359234177.53
300750.SZ,2023-09-21,58.97,59.14,59.34,57.85,305684519.46
601318.SH,2023-09-21,34.41,34.4,34.7,34.06,761892211.52
000333.SZ,2023-09-21,10.59,10.56,10.6,10.42,123717391.11
600036.SH,2023-09-21,68.98,68.28,71.07,68.8,3174237476.65
002415.SZ,2023-09-21,4.14,4.13,4.19,4.1,29649276.67
600276.SH,2023-09-21,22.58,22.89,23.01,22.11,1025849339.73
002594.SZ,2023-09-21,95.06,95.4,96.15,94.42,3026049523.96
601012.SH,2023-09-21,109.07,109.2,109.94,108.81,4877125450.73
600887.SH,2023-09-21,70.33,69.91,71.82,69.96,1593350952.19
000002.SZ,2023-09-21,522.93,518.65,536.24,521.88,2871287528.54
600519.SH,2023-09-22,637.66,635.72,644.51,632.41,9666594333.51
000858.SZ,2023-09-22,56.05,56.2,56.79,55.31,661452894.93
300750.SZ,2023-09-22,56.72,56.32,57.8,55.11,1981384522.74
601318.SH,2023-09-22,34.92,34.77,35.28,34.76,178234752.95
000333.SZ,2023-09-22,10.58,10.55,10.66,10.41,405298877.02
600036.SH,2023-09-22,67.33,67.5,68.45,65.79,2240783555.43
002415.SZ,2023-09-22,4.04,4.04,4.11,4.04,127392651.59
600276.SH,2023-09-22,22.78,22.67,23.29,22.39,484351833.06
002594.SZ,2023-09-22,95.75,96.48,96.42,95.02,2358569125.69
601012.SH,2023-09-22,111.69,111.83,112.5,109.28,5144879508.44
600887.SH,2023-09-22,70.67,70.99,70.76,70.25,1508590210.77
000002.SZ,2023-09-22,517.89,515.23,520.06,508.13,23816386678.57
600519.SH,2023-09-25,653.96,650.65,664.87,652.15,18017908544.69
000858.SZ,2023-09-25,58.84,58.77,59.74,57.41,1341572724.89
300750.SZ,2023-09-25,56.63,56.52,57.75,56.59,1545140047.62
601318.SH,2023-09-25,34.5,33.95,34.71,34.13,543041824.53
000333.SZ,2023-09-25,10.59,10.56,10.68,10.5,528185041.27
600036.SH,2023-09-25,66.52,66.06,66.98,66.39,1634256748.17
002415.SZ,2023-09-25,3.91,3.89,3.93,3.8,189540964.06
600276.SH,2023-09-25,22.84,22.74,22.86,22.42,269579279.98
002594.SZ,2023-09-25,95.8,96.05,96.61,95.48,1385019610.07
601012.SH,2023-09-25,109.31,109.2,109.33,108.14,4787243824.78
600887.SH,2023-09-25,72.57,72.86,73.9,70.56,2939671899.93
000002.SZ,2023-09-25,553.17,547.3,555.2,549.2,22006908958.14
600519.SH,2023-09-26,659.04,655.04,662.57,645.42,1627378368.73
000858.SZ,2023-09-26,57.54,57.2,57.59,57.28,116327383.22
300750.SZ,2023-09-26,56.64,56.67,56.89,56.4,2379522927.99
601318.SH,2023-09-26,34.94,34.75,35.07,34.2,230434301.82
000333.SZ,2023-09-26,10.57,10.61,10.65,10.53,287496357.82
600036.SH,2023-09-26,66.6,66.84,67.8,66.11,1132781915.64
002415.SZ,2023-09-26,3.94,3.92,4.06,3.91,24524914.78
600276.SH,2023-09-26,22.31,22.33,22.54,22.08,81072131.95
002594.SZ,2023-09-26,97.25,96.86,97.5,97.23,1897322084.55
601012.SH,2023-09-26,107.37,107.19,108.6,106.38,3793550338.23
600887.SH,2023-09-26,75.86,75.37,76.52,75.03,2525695335.83
000002.SZ,2023-09-26,544.64,537.92,557.4,542.72,8821322898.57
600519.SH,2023-09-27,630.1,629.03,632.47,621.81,27364428803.34
000858.SZ,2023-09-27,58.7,58.69,60.14,57.83,1418995324.68
300750.SZ,2023-09-27,54.88,54.81,56.3,54.23,1000379670.62
601318.SH,2023-09-27,38.3,38.37,38.36,37.68,1804791518.6
000333.SZ,2023-09-27,10.9,10.9,11.09,10.86,309716231.59
600036.SH,2023-09-27,67.85,67.88,69.06,65.96,196401151.16
002415.SZ,2023-09-27,3.86,3.85,3.89,3.82,46605557.2
600276.SH,2023-09-27,22.72,22.83,22.9,22.07,135076339.44
002594.SZ,2023-09-27,99.15,99.3,100.39,98.53,967769013.94
601012.SH,2023-09-27,106.78,107.51,107.81,106.38,259412742.61
600887.SH,2023-09-27,74.89,74.86,74.96,73.73,491212771.16
000002.SZ,2023-09-27,535.3,535.41,539.0,524.6,909897825.62
600519.SH,2023-09-28,637.97,638.02,645.01,623.76,1443870973.41
000858.SZ,2023-09-28,59.58,59.92,61.01,58.67,1916936410.68
300750.SZ,2023-09-28,54.24,53.97,54.59,53.74,1046125358.72
601318.SH,2023-09-28,38.12,38.03,38.28,38.05,641533667.94
000333.SZ,2023-09-28,11.14,11.14,11.41,11.02,546041409.1
600036.SH,2023-09-28,70.05,69.91,70.87,69.94,2487481988.86
002415.SZ,2023-09-28,3.86,3.89,3.9,3.79,36361388.85
600276.SH,2023-09-28,22.53,22.61,22.96,22.36,633370375.78
002594.SZ,2023-09-28,100.81,101.23,102.61,99.95,4631667342.67
601012.SH,2023-09-28,101.76,102.11,102.99,101.32,3962908443.26
600887.SH,2023-09-28,73.97,73.76,74.56,73.09,3138536662.8
000002.SZ,2023-09-28,524.63,527.71,543.9,522.03,1052290090.1
600519.SH,2023-09-29,630.26,628.55,634.84,630.09,20353357363.97
000858.SZ,2023-09-29,60.06,60.11,60.28,59.2,2931806141.56
300750.SZ,2023-09-29,55.76,56.07,56.34,54.39,2415050568.8
601318.SH,2023-09-29,40.12,40.44,40.12,39.71,650329624.88
000333.SZ,2023-09-29,11.59,11.61,11.8,11.58,104065939.27
600036.SH,2023-09-29,69.46,69.7,69.51,68.66,931959317.47
002415.SZ,2023-09-29,3.89,3.87,3.93,3.82,53390014.08
600276.SH,2023-09-29,22.21,22.29,22.71,21.9,972705292.61
002594.SZ,2023-09-29,101.74,101.39,102.92,98.58,3118193096.81
601012.SH,2023-09-29,100.97,101.87,102.06,99.67,3292902173.17
600887.SH,2023-09-29,75.14,75.57,75.29,74.74,365569369.65
000002.SZ,2023-09-29,538.01,536.19,547.55,524.19,26313298721.89
600519.SH,2023-10-02,622.95,623.51,623.26,621.77,30533989917.61
000858.SZ,2023-10-02,62.06,61.68,62.71,61.29,198437571.97
300750.SZ,2023-10-02,56.71,57.14,56.96,56.21,424171717.3
601318.SH,2023-10-02,39.71,39.69,40.39,39.3,1391259224.08
000333.SZ,2023-10-02,11.38,11.44,11.46,11.18,346757222.1
600036.SH,2023-10-02,72.24,72.21,72.35,71.98,2827445999.44
002415.SZ,2023-10-02,3.79,3.82,3.8,3.68,128784626.42
600276.SH,2023-10-02,23.23,23.26,23.25,22.75,1066951644.29
002594.SZ,2023-10-02,106.83,106.84,108.5,106.33,3483234150.82
601012.SH,2023-10-02,102.11,101.58,102.69,100.65,156522389.36
600887.SH,2023-10-02,75.67,75.36,76.33,74.91,515477298.7
000002.SZ,2023-10-02,536.13,538.36,545.18,530.57,1772483582.3
600519.SH,2023-10-03,608.2,608.84,610.99,603.43,15293097387.77
000858.SZ,2023-10-03,63.56,62.94,63.96,63.13,2883300944.13
300750.SZ,2023-10-03,55.92,56.03,57.42,55.63,2274108108.93
601318.SH,2023-10-03,39.64,40.08,40.41,39.22,991249320.18
000333.SZ,2023-10-03,11.99,11.94,12.13,11.94,253789541.95
600036.SH,2023-10-03,72.63,72.79,74.1,72.38,3267441543.32
002415.SZ,2023-10-03,4.03,4.0,4.05,4.02,182829559.5
600276.SH,2023-10-03,24.19,24.31,24.56,23.34,990738814.8
002594.SZ,2023-10-03,109.19,109.17,111.56,107.56,4439935614.36
601012.SH,2023-10-03,104.05,103.81,105.35,102.96,1394659847.51
600887.SH,2023-10-03,79.42,79.57,79.77,79.27,3874150758.39
000002.SZ,2023-10-03,533.65,534.34,552.24,531.05,13457178526.3
600519.SH,2023-10-04,600.55,610.25,613.69,588.27,21677712156.69
000858.SZ,2023-10-04,63.39,63.27,64.05,62.22,2435011850.55
300750.SZ,2023-10-04,54.36,54.47,55.72,53.67,697771080.16
601318.SH,2023-10-04,38.81,38.8,39.49,38.69,1397359230.88
000333.SZ,2023-10-04,11.87,11.9,12.0,11.79,568187581.23
600036.SH,2023-10-04,74.56,74.44,75.3,73.37,1281992952.72
002415.SZ,2023-10-04,4.07,4.1,4.17,4.04,63600511.3
600276.SH,2023-10-04,24.02,24.31,24.13,23.79,97482978.13
002594.SZ,2023-10-04,107.8,108.12,108.8,106.92,2442833095.27
601012.SH,2023-10-04,102.03,101.42,102.41,99.2,1321691703.52
600887.SH,2023-10-04,77.07,76.69,78.21,75.79,1969683860.88
000002.SZ,2023-10-04,520.05,518.65,523.14,515.37,20565865590.43
600519.SH,2023-10-05,576.14,575.71,581.32,574.46,23795067048.83
000858.SZ,2023-10-05,63.79,63.85,65.48,62.83,993032169.13
300750.SZ,2023-10-05,54.92,54.93,55.42,54.17,1771482791.97
601318.SH,2023-10-05,38.31,38.3,39.3,37.84,1274336845.75
000333.SZ,2023-10-05,11.9,11.84,11.99,11.77,161768369.08
600036.SH,2023-10-05,75.56,74.76,76.64,75.0,2164037651.01
002415.SZ,2023-10-05,4.14,4.19,4.22,4.08,58497932.2
600276.SH,2023-10-05,23.88,23.86,23.92,23.87,9663618.24
002594.SZ,2023-10-05,108.9,109.41,111.58,107.21,2652075292.05
601012.SH,2023-10-05,102.65,103.04,103.83,101.57,4289466383.9
600887.SH,2023-10-05,73.8,73.79,75.19,72.94,3004239379.31
000002.SZ,2023-10-05,535.73,538.52,539.46,534.36,4673270098.65
600519.SH,2023-10-06,584.57,583.98,584.68,582.78,1063002577.69
000858.SZ,2023-10-06,64.52,64.13,65.05,64.04,559533332.93
300750.SZ,2023-10-06,55.76,55.25,55.93,54.98,1801929708.04
601318.SH,2023-10-06,39.62,39.66,39.74,38.98,301129923.6
000333.SZ,2023-10-06,11.53,11.42,11.54,11.5,242297578.71
600036.SH,2023-10-06,80.1,80.04,81.47,79.06,2661499204.98
002415.SZ,2023-10-06,4.08,4.04,4.14,4.06,189309836.15
600276.SH,2023-10-06,23.27,23.58,23.45,23.2,794947605.95
002594.SZ,2023-10-06,103.96,103.42,104.03,101.27,2318790842.88
601012.SH,2023-10-06,100.22,100.47,100.42,98.16,2841804157.05
600887.SH,2023-10-06,73.9,73.53,75.88,73.16,2329809439.94
000002.SZ,2023-10-06,528.89,525.2,542.46,522.27,14301117690.37
600519.SH,2023-10-09,565.89,564.73,568.11,563.45,4918396308.44
000858.SZ,2023-10-09,65.67,66.18,66.47,64.81,1895939395.76
300750.SZ,2023-10-09,52.92,52.74,53.16,51.43,1790650026.48
601318.SH,2023-10-09,38.53,38.38,38.58,38.21,1743725864.16
000333.SZ,2023-10-09,12.15,12.13,12.47,11.95,382552284.28
600036.SH,2023-10-09,81.06,80.92,82.11,80.38,512362331.68
002415.SZ,2023-10-09,4.06,4.04,4.07,4.06,4525457.11
600276.SH,2023-10-09,23.4,23.35,23.51,23.34,986941773.29
002594.SZ,2023-10-09,104.54,103.98,104.8,103.1,1688160834.34
601012.SH,2023-10-09,101.77,101.49,103.12,99.38,4536534668.52
600887.SH,2023-10-09,74.24,73.4,76.28,73.91,166085916.9
000002.SZ,2023-10-09,531.88,533.28,533.0,520.33,14555306987.95
600519.SH,2023-10-10,568.51,568.92,571.55,561.02,19302161409.5
000858.SZ,2023-10-10,64.77,65.02,66.3,62.99,3035727270.46
300750.SZ,2023-10-10,52.19,52.08,52.66,50.81,448782776.91
601318.SH,2023-10-10,39.68,39.73,40.23,38.77,60238595.42
000333.SZ,2023-10-10,11.87,11.93,11.93,11.84,458529624.2
600036.SH,2023-10-10,81.29,81.1,81.45,80.84,3777807505.67
002415.SZ,2023-10-10,3.93,3.96,3.95,3.9,169431636.57
600276.SH,2023-10-10,22.63,22.59,23.59,22.46,922167243.3
002594.SZ,2023-10-10,102.06,100.8,102.6,100.13,503831835.6
601012.SH,2023-10-10,100.52,100.95,101.01,99.28,2617691270.22
600887.SH,2023-10-10,74.84,74.12,75.48,72.8,351962176.13
000002.SZ,2023-10-10,550.23,553.21,561.96,545.76,19767153530.97
600519.SH,2023-10-11,561.97,563.98,571.3,550.46,17143317200.85
000858.SZ,2023-10-11,64.57,64.54,65.18,64.23,2124660373.2
300750.SZ,2023-10-11,51.81,51.71,52.43,51.69,2405549814.25
601318.SH,2023-10-11,41.37,41.57,41.81,40.95,1711566584.26
000333.SZ,2023-10-11,12.12,12.2,12.3,12.01,269552062.2
600036.SH,2023-10-11,80.49,80.56,81.53,79.63,3502592836.53
002415.SZ,2023-10-11,3.99,4.01,4.0,3.89,103640062.72
600276.SH,2023-10-11,22.37,22.28,22.62,21.92,927395334.97
002594.SZ,2023-10-11,103.14,102.84,106.7,102.71,4517983709.51
601012.SH,2023-10-11,97.85,97.3,98.22,95.36,2580232125.43
600887.SH,2023-10-11,72.25,72.0,72.73,71.77,959979829.6
000002.SZ,2023-10-11,544.36,542.4,545.56,536.81,9952775364.1
600519.SH,2023-10-12,555.91,554.75,560.68,553.6,3826072898.59
000858.SZ,2023-10-12,63.32,63.35,64.17,62.78,1771547843.91
300750.SZ,2023-10-12,51.37,51.31,52.01,50.56,1144515433.02
601318.SH,2023-10-12,41.34,41.25,42.03,41.02,1989903158.48
000333.SZ,2023-10-12,11.84,11.86,11.99,11.78,240679691.66
600036.SH,2023-10-12,82.69,82.82,83.18,81.06,2053054058.56
002415.SZ,2023-10-12,4.05,4.05,4.11,3.96,145874111.94
600276.SH,2023-10-12,22.32,22.33,22.56,21.9,914193722.34
002594.SZ,2023-10-12,103.6,102.71,105.14,103.19,898153451.8
601012.SH,2023-10-12,100.58,101.22,101.04,99.23,1671138120.15
600887.SH,2023-10-12,74.04,74.16,76.25,73.28,3195781483.38
000002.SZ,2023-10-12,555.7,560.42,556.9,554.07,23729097644.65
600519.SH,2023-10-13,548.19,551.02,568.99,546.47,19777915378.7
000858.SZ,2023-10-13,66.43,65.72,67.78,64.88,2478701556.17
300750.SZ,2023-10-13,50.91,50.84,51.95,49.91,800210739.22
601318.SH,2023-10-13,42.4,42.62,42.59,42.36,1778093631.16
000333.SZ,2023-10-13,11.97,11.93,12.17,11.77,402916137.67
600036.SH,2023-10-13,82.64,83.05,83.02,82.41,2352551731.84
002415.SZ,2023-10-13,4.13,4.15,4.14,4.03,128926354.89
600276.SH,2023-10-13,21.84,21.86,22.19,21.6,1012177763.6
002594.SZ,2023-10-13,98.72,98.84,99.91,98.26,39871335.77
601012.SH,2023-10-13,104.22,104.39,104.92,101.03,4367470499.77
600887.SH,2023-10-13,75.29,74.75,75.8,74.87,247638336.41
000002.SZ,2023-10-13,555.9,557.98,556.08,544.95,16949400805.47
600519.SH,2023-10-16,553.66,554.89,566.42,544.87,12854634628.16
000858.SZ,2023-10-16,65.47,65.04,67.0,63.56,898315155.78
300750.SZ,2023-10-16,53.0,53.24,53.43,52.99,2361200063.49
601318.SH,2023-10-16,42.6,42.62,43.5,41.41,1566654385.71
000333.SZ,2023-10-16,11.73,11.65,11.75,11.52,398794804.1
600036.SH,2023-10-16,84.91,85.16,86.04,83.6,126844994.03
002415.SZ,2023-10-16,4.25,4.26,4.31,4.2,180236930.16
600276.SH,2023-10-16,22.73,22.72,22.84,22.32,1079347400.41
002594.SZ,2023-10-16,94.4,94.18,96.37,93.55,4627993745.45
601012.SH,2023-10-16,103.54,103.4,106.04,103.34,1006930794.13
600887.SH,2023-10-16,74.44,75.08,75.62,73.24,677360138.4
000002.SZ,2023-10-16,563.82,567.21,572.64,560.22,9051566106.1
600519.SH,2023-10-17,570.04,571.75,588.41,567.72,5902653479.21
000858.SZ,2023-10-17,64.85,65.06,65.25,64.6,2419102676.59
300750.SZ,2023-10-17,52.6,52.69,52.73,52.15,2310687483.41
601318.SH,2023-10-17,42.97,43.04,44.0,42.83,1339543235.09
000333.SZ,2023-10-17,11.94,11.99,11.97,11.62,579796977.55
600036.SH,2023-10-17,87.55,87.91,89.79,85.6,1939830460.72
002415.SZ,2023-10-17,4.1,4.09,4.17,4.08,190629146.21
600276.SH,2023-10-17,22.0,22.19,22.25,21.5,121560217.52
002594.SZ,2023-10-17,94.45,93.8,94.73,92.0,2310095338.62
601012.SH,2023-10-17,102.1,102.2,102.36,101.91,4079330971.19
600887.SH,2023-10-17,76.87,76.55,77.22,76.65,1740092598.62
000002.SZ,2023-10-17,557.23,555.67,563.43,552.36,25300311167.11
600519.SH,2023-10-18,577.57,573.08,578.13,563.82,5950302756.89
000858.SZ,2023-10-18,63.87,63.98,63.88,63.47,3191664145.72
300750.SZ,2023-10-18,55.72,55.73,55.95,54.14,1111539975.15
601318.SH,2023-10-18,42.33,42.47,42.33,41.95,364901679.97
000333.SZ,2023-10-18,11.76,11.7,11.93,11.51,418836970.72
600036.SH,2023-10-18,92.1,92.02,94.42,91.15,2106749721.84
002415.SZ,2023-10-18,4.32,4.28,4.41,4.28,46116420.1
600276.SH,2023-10-18,21.81,21.63,22.8,21.65,423934307.5
002594.SZ,2023-10-18,93.25,93.49,95.55,92.81,519666819.09
601012.SH,2023-10-18,102.43,101.89,106.0,101.01,2216246420.02
600887.SH,2023-10-18,76.95,77.36,77.17,76.3,1465578107.19
000002.SZ,2023-10-18,557.37,558.07,562.87,553.65,12114183073.82
600519.SH,2023-10-19,577.7,574.87,580.21,573.47,1241014686.01
000858.SZ,2023-10-19,65.93,65.53,68.09,65.16,3262104017.74
300750.SZ,2023-10-19,54.56,55.4,56.14,54.35,1983423981.73
601318.SH,2023-10-19,44.57,44.63,45.34,43.62,278724634.32
000333.SZ,2023-10-19,11.2,11.16,11.33,11.19,472871273.42
600036.SH,2023-10-19,88.34,88.27,88.39,86.88,490470725.77
002415.SZ,2023-10-19,4.42,4.41,4.44,4.42,33480591.18
600276.SH,2023-10-19,22.02,22.17,22.12,21.87,538745854.12
002594.SZ,2023-10-19,95.98,95.8,96.3,93.35,54341850.45
601012.SH,2023-10-19,106.22,106.55,106.68,104.82,5208474284.28
600887.SH,2023-10-19,77.31,77.36,77.45,75.82,1984352018.41
000002.SZ,2023-10-19,532.48,535.16,538.45,531.58,388881566.31
600519.SH,2023-10-20,588.25,587.72,600.4,578.25,13450843704.08
000858.SZ,2023-10-20,65.59,65.09,66.82,64.68,1207785076.63
300750.SZ,2023-10-20,55.03,54.61,56.71,55.02,2603282076.44
601318.SH,2023-10-20,43.02,42.91,43.76,42.88,1717667602.92
000333.SZ,2023-10-20,11.07,11.1,11.08,10.95,119794312.53
600036.SH,2023-10-20,89.3,89.72,91.33,89.1,350695904.34
002415.SZ,2023-10-20,4.44,4.41,4.45,4.38,93727147.38
600276.SH,2023-10-20,21.85,21.8,21.93,21.68,346864408.54
002594.SZ,2023-10-20,97.9,98.59,99.05,97.51,4868551181.29
601012.SH,2023-10-20,105.79,105.28,106.29,105.48,723366503.37
600887.SH,2023-10-20,78.12,78.02,79.42,77.44,1377698452.01
000002.SZ,2023-10-20,528.47,532.03,539.56,519.66,18587519160.57
600519.SH,2023-10-23,586.25,589.31,587.61,579.33,27493357736.84
000858.SZ,2023-10-23,61.69,61.44,62.55,60.4,2514182245.64
300750.SZ,2023-10-23,55.92,56.09,55.94,55.15,1240726309.58
601318.SH,2023-10-23,44.0,43.68,44.5,43.91,296299896.15
000333.SZ,2023-10-23,10.85,10.88,11.08,10.63,146083763.8
600036.SH,2023-10-23,86.02,86.07,86.93,81.6,1973188514.33
002415.SZ,2023-10-23,4.5,4.49,4.64,4.41,109476268.13
600276.SH,2023-10-23,21.88,21.99,22.23,21.74,781533422.75
002594.SZ,2023-10-23,97.52,97.33,99.2,96.27,1230945018.41
601012.SH,2023-10-23,106.98,107.06,108.12,106.77,3791926573.28
600887.SH,2023-10-23,76.64,76.33,77.31,76.31,2351642022.97
000002.SZ,2023-10-23,517.96,513.87,520.73,514.64,7901230816.78
600519.SH,2023-10-24,579.95,586.01,596.52,574.48,17450439686.01
000858.SZ,2023-10-24,60.62,60.87,61.88,60.19,2413393176.53
300750.SZ,2023-10-24,57.58,57.94,57.68,56.73,978984648.54
601318.SH,2023-10-24,45.3,45.38,46.23,44.67,1556527990.45
000333.SZ,2023-10-24,10.76,10.83,10.82,10.63,80084987.92
600036.SH,2023-10-24,86.29,85.73,86.73,85.47,1396747761.3
002415.SZ,2023-10-24,4.75,4.73,4.85,4.72,226771162.64
600276.SH,2023-10-24,21.74,21.68,21.74,21.69,173920548.07
002594.SZ,2023-10-24,96.52,95.56,97.66,93.45,1373787388.54
601012.SH,2023-10-24,108.83,108.4,112.12,107.62,2816629087.77
600887.SH,2023-10-24,78.55,79.24,79.2,75.74,2817621849.12
000002.SZ,2023-10-24,517.26,513.07,532.13,514.88,1455698980.52
600519.SH,2023-10-25,585.74,588.75,597.29,570.41,1317611677.98
000858.SZ,2023-10-25,60.18,60.28,60.55,59.5,2231394853.39
300750.SZ,2023-10-25,55.74,55.17,56.78,54.94,1382899526.36
601318.SH,2023-10-25,45.63,45.81,45.79,45.3,1656529400.93
000333.SZ,2023-10-25,11.06,11.02,11.2,11.05,418223672.03
600036.SH,2023-10-25,84.01,84.2,85.35,82.02,1558620218.48
002415.SZ,2023-10-25,4.81,4.83,4.86,4.73,73929369.12
600276.SH,2023-10-25,20.87,20.87,21.03,20.7,810037768.99
002594.SZ,2023-10-25,96.74,96.91,97.87,96.19,1509012624.08
601012.SH,2023-10-25,110.13,109.45,111.65,107.99,350340344.49
600887.SH,2023-10-25,81.26,81.2,82.05,79.92,329428652.62
000002.SZ,2023-10-25,517.26,520.45,529.5,517.19,21842227123.97
600519.SH,2023-10-26,574.74,578.65,578.57,573.46,19595846427.63
000858.SZ,2023-10-26,59.38,59.22,61.3,59.05,1256348984.5
300750.SZ,2023-10-26,57.17,57.46,58.01,56.77,660065277.07
601318.SH,2023-10-26,44.42,44.48,44.61,43.38,1658756041.49
000333.SZ,2023-10-26,11.43,11.51,11.63,11.37,173451421.81
600036.SH,2023-10-26,79.44,79.43,79.59,79.12,2427322603.75
002415.SZ,2023-10-26,4.66,4.68,4.68,4.64,89263998.83
600276.SH,2023-10-26,21.23,20.99,21.36,20.81,698014340.58
002594.SZ,2023-10-26,98.09,99.16,98.77,97.07,1098045150.5
601012.SH,2023-10-26,108.51,107.53,109.38,106.68,4075178373.69
600887.SH,2023-10-26,81.03,79.86,81.51,80.67,2063476272.5
000002.SZ,2023-10-26,507.26,508.64,508.32,506.75,6395412554.49
600519.SH,2023-10-27,574.85,573.68,583.98,567.15,8564639926.6
000858.SZ,2023-10-27,61.18,61.31,62.98,60.42,164316985.67
300750.SZ,2023-10-27,54.82,54.91,54.88,54.43,2008464393.64
601318.SH,2023-10-27,45.47,45.4,45.53,44.39,724699443.82
000333.SZ,2023-10-27,11.56,11.53,11.79,11.47,19367564.85
600036.SH,2023-10-27,79.39,79.54,79.49,78.9,337618525.56
002415.SZ,2023-10-27,4.83,4.85,4.93,4.76,140983505.15
600276.SH,2023-10-27,21.81,21.96,22.22,21.12,235535263.34
002594.SZ,2023-10-27,98.27,99.19,101.4,96.12,2042412131.7
601012.SH,2023-10-27,111.74,112.5,113.11,107.78,263742576.9
600887.SH,2023-10-27,78.55,78.23,78.95,76.86,2989979091.04
000002.SZ,2023-10-27,497.35,499.54,504.2,486.94,137340035.39
600519.SH,2023-10-30,595.02,597.18,604.22,594.08,24819999981.12
000858.SZ,2023-10-30,62.83,62.72,63.12,61.52,96614599.52
300750.SZ,2023-10-30,54.4,54.3,54.76,54.15,2321436623.27
601318.SH,2023-10-30,44.08,44.15,44.88,43.22,1589070674.49
000333.SZ,2023-10-30,11.71,11.58,11.8,11.36,378411859.97
600036.SH,2023-10-30,77.79,78.06,78.14,77.64,3568678085.38
002415.SZ,2023-10-30,4.56,4.58,4.62,4.5,98712179.3
600276.SH,2023-10-30,21.67,21.69,21.74,21.65,1028165219.14
002594.SZ,2023-10-30,95.85,95.3,97.38,95.83,1541691789.74
601012.SH,2023-10-30,114.34,115.14,115.48,113.29,5014335332.65
600887.SH,2023-10-30,75.65,76.26,76.01,73.58,2777345280.93
000002.SZ,2023-10-30,485.72,484.55,502.91,470.48,21056272647.65
600519.SH,2023-10-31,613.99,608.37,615.45,609.94,5192579691.57
000858.SZ,2023-10-31,62.28,62.22,62.92,61.93,1663281706.49
300750.SZ,2023-10-31,56.13,56.41,56.43,55.61,895311242.53
601318.SH,2023-10-31,45.36,45.36,45.46,44.52,1714411207.51
000333.SZ,2023-10-31,11.44,11.52,11.5,11.42,528437626.37
600036.SH,2023-10-31,80.06,79.37,82.16,79.33,3741609279.21
002415.SZ,2023-10-31,4.66,4.67,4.71,4.63,191932821.72
600276.SH,2023-10-31,21.36,21.24,21.46,21.22,747943626.42
002594.SZ,2023-10-31,92.79,92.55,96.23,90.98,2888115462.14
601012.SH,2023-10-31,117.32,116.6,121.31,116.49,3180075773.69
600887.SH,2023-10-31,73.78,73.67,74.9,73.44,1520468466.12
000002.SZ,2023-10-31,503.48,500.19,507.74,499.73,18239810489.19
600519.SH,2023-11-01,626.3,625.4,645.63,623.63,12004652563.54
000858.SZ,2023-11-01,60.68,60.58,60.87,60.3,2739373645.49
300750.SZ,2023-11-01,52.87,53.17,52.91,51.79,1814981357.6
601318.SH,2023-11-01,45.0,44.69,45.28,44.73,24681736.69
000333.SZ,2023-11-01,11.6,11.53,11.71,11.42,29611208.63
600036.SH,2023-11-01,77.5,77.47,77.77,76.23,2653930937.91
002415.SZ,2023-11-01,4.69,4.68,4.7,4.6,90800491.9
600276.SH,2023-11-01,20.59,20.75,20.79,20.58,704569167.93
002594.SZ,2023-11-01,95.8,95.39,95.83,91.24,2957623504.39
601012.SH,2023-11-01,117.99,119.2,118.27,114.64,2699917320.91
600887.SH,2023-11-01,78.22,78.37,79.78,77.04,2863206342.81
000002.SZ,2023-11-01,508.33,500.59,511.72,506.48,18477361903.32
600519.SH,2023-11-02,655.29,655.99,656.39,650.03,32411789090.55
000858.SZ,2023-11-02,62.7,63.1,62.81,62.56,679543819.93
300750.SZ,2023-11-02,53.58,53.93,54.68,52.85,363632207.26
601318.SH,2023-11-02,43.3,42.99,43.66,42.31,122624750.26
000333.SZ,2023-11-02,11.73,11.83,11.93,11.54,20767104.59
600036.SH,2023-11-02,76.34,76.4,76.66,74.14,625582331.09
002415.SZ,2023-11-02,4.74,4.69,4.83,4.65,99812614.56
600276.SH,2023-11-02,20.17,20.24,20.56,19.61,450652336.6
002594.SZ,2023-11-02,97.64,98.79,97.75,96.16,4801828972.71
601012.SH,2023-11-02,117.68,118.05,120.75,114.69,56846928.92
600887.SH,2023-11-02,77.68,77.22,79.74,76.74,671017127.9
000002.SZ,2023-11-02,509.91,508.12,514.77,487.36,8670099030.15
600519.SH,2023-11-03,607.07,611.45,618.72,586.69,7883080193.89
000858.SZ,2023-11-03,63.98,64.22,65.68,63.85,302549148.38
300750.SZ,2023-11-03,53.41,53.44,53.71,52.85,1675463727.0
601318.SH,2023-11-03,45.24,45.29,45.68,44.58,1417655867.78
000333.SZ,2023-11-03,11.86,11.83,12.05,11.6,384664879.82
600036.SH,2023-11-03,79.54,78.71,80.12,78.05,1122765635.06
002415.SZ,2023-11-03,4.64,4.63,4.68,4.59,93651120.49
600276.SH,2023-11-03,20.05,20.12,20.3,19.95,566126023.41
002594.SZ,2023-11-03,95.85,96.31,97.54,95.26,990111648.9
601012.SH,2023-11-03,119.32,119.87,121.71,118.29,5463740961.13
600887.SH,2023-11-03,79.22,79.34,82.58,78.84,1446342523.74
000002.SZ,2023-11-03,487.61,488.04,491.19,483.06,2514970677.17
600519.SH,2023-11-06,615.87,610.01,628.75,599.74,6560953530.18
000858.SZ,2023-11-06,62.88,63.13,63.22,60.51,1089608370.09
300750.SZ,2023-11-06,51.8,52.19,52.27,51.13,718461273.99
601318.SH,2023-11-06,44.02,43.93,44.85,43.02,1230261341.77
000333.SZ,2023-11-06,11.98,11.93,12.03,11.94,148546655.23
600036.SH,2023-11-06,78.36,77.21,78.59,78.13,2280747594.21
002415.SZ,2023-11-06,4.67,4.64,4.78,4.59,17384213.38
600276.SH,2023-11-06,19.86,20.02,20.0,19.83,350707735.84
002594.SZ,2023-11-06,95.29,95.7,98.46,95.18,3783141442.12
601012.SH,2023-11-06,115.19,116.09,118.04,114.17,610399281.51
600887.SH,2023-11-06,78.36,78.81,79.84,77.96,2456172578.66
000002.SZ,2023-11-06,501.05,497.86,506.29,489.77,22186691254.23
600519.SH,2023-11-07,622.08,618.5,627.99,611.57,26925959988.97
000858.SZ,2023-11-07,64.33,64.34,65.0,63.7,753145239.7
300750.SZ,2023-11-07,51.64,51.83,51.73,51.08,1989055368.34
601318.SH,2023-11-07,45.76,45.53,46.93,45.61,448721778.84
000333.SZ,2023-11-07,11.67,11.64,11.71,11.63,276144480.04
600036.SH,2023-11-07,81.26,81.86,82.53,79.64,1231582442.42
002415.SZ,2023-11-07,4.83,4.83,5.0,4.73,61574202.16
600276.SH,2023-11-07,19.36,19.37,19.51,19.13,203244476.62
002594.SZ,2023-11-07,97.38,97.41,97.92,96.42,759794930.53
601012.SH,2023-11-07,114.6,114.67,115.61,108.43,1726495988.73
600887.SH,2023-11-07,80.38,80.56,80.96,79.46,3381164553.9
000002.SZ,2023-11-07,511.96,510.93,515.88,510.5,18305488315.86
600519.SH,2023-11-08,642.67,644.64,647.12,642.63,11923282414.99
000858.SZ,2023-11-08,63.01,63.19,63.34,62.62,238980440.8
300750.SZ,2023-11-08,49.65,49.17,51.07,49.02,198721082.96
601318.SH,2023-11-08,45.07,45.08,45.87,44.45,870163200.42
000333.SZ,2023-11-08,11.39,11.32,11.55,11.06,560050418.14
600036.SH,2023-11-08,80.81,80.88,82.46,78.89,1311164597.15
002415.SZ,2023-11-08,4.8,4.76,4.82,4.79,217629248.92
600276.SH,2023-11-08,19.06,18.91,19.54,18.86,818219295.74
002594.SZ,2023-11-08,100.19,99.84,103.22,98.35,146939696.58
601012.SH,2023-11-08,116.74,115.96,118.78,115.63,1323155578.04
600887.SH,2023-11-08,81.89,81.3,82.82,80.55,319377954.35
000002.SZ,2023-11-08,503.11,503.85,505.28,500.73,21676928854.91
600519.SH,2023-11-09,640.86,636.8,656.81,616.2,9114956724.21
000858.SZ,2023-11-09,65.53,65.51,65.63,65.2,1045589259.9
300750.SZ,2023-11-09,48.45,48.38,48.96,46.92,396000706.43
601318.SH,2023-11-09,44.86,45.16,45.52,43.79,674176192.77
000333.SZ,2023-11-09,11.51,11.55,11.53,11.37,178142510.35
600036.SH,2023-11-09,80.41,80.53,81.11,78.75,3512486446.95
002415.SZ,2023-11-09,5.02,5.03,5.05,4.97,121029438.81
600276.SH,2023-11-09,18.84,18.81,19.24,18.25,551415361.77
002594.SZ,2023-11-09,101.83,102.28,104.82,101.05,3709745600.71
601012.SH,2023-11-09,115.22,115.63,116.65,114.99,1050030289.57
600887.SH,2023-11-09,81.16,80.72,82.75,80.23,1042961437.42
000002.SZ,2023-11-09,501.14,501.94,501.38,497.32,9036825093.67
600519.SH,2023-11-10,658.5,657.38,672.88,656.62,11329809831.68
000858.SZ,2023-11-10,65.56,65.63,66.49,65.54,1167935501.7
300750.SZ,2023-11-10,49.95,49.74,50.13,49.65,2252850248.2
601318.SH,2023-11-10,45.24,45.2,45.82,44.58,2066631186.6
000333.SZ,2023-11-10,11.4,11.41,11.53,11.02,156743455.18
600036.SH,2023-11-10,79.05,79.28,79.87,78.31,3423490143.53
002415.SZ,2023-11-10,4.78,4.77,4.8,4.69,25520426.59
600276.SH,2023-11-10,18.88,18.77,18.89,18.37,68080704.85
002594.SZ,2023-11-10,103.78,104.45,105.75,103.41,4340280536.2
601012.SH,2023-11-10,115.05,114.76,116.01,114.5,4920547367.85
600887.SH,2023-11-10,81.64,81.67,82.2,79.84,3922238344.33
000002.SZ,2023-11-10,519.29,517.13,525.6,514.17,9288693378.12
600519.SH,2023-11-13,659.38,664.27,668.89,641.18,3353080422.39
000858.SZ,2023-11-13,65.85,66.02,67.57,65.52,2182544577.61
300750.SZ,2023-11-13,49.99,49.53,50.14,49.92,1095269383.79
601318.SH,2023-11-13,45.5,45.6,45.84,45.34,1141101724.21
000333.SZ,2023-11-13,10.99,11.01,10.99,10.71,417103096.55
600036.SH,2023-11-13,76.65,76.88,77.76,75.72,2506910737.61
002415.SZ,2023-11-13,4.66,4.61,4.68,4.6,9084871.8
600276.SH,2023-11-13,19.19,19.28,19.31,18.62,776404139.17
002594.SZ,2023-11-13,101.4,101.53,101.76,99.98,1683713585.56
601012.SH,2023-11-13,113.88,113.63,114.53,113.68,4831824613.89
600887.SH,2023-11-13,83.24,82.5,85.37,82.73,3646388925.26
000002.SZ,2023-11-13,505.56,506.55,507.85,487.96,24667970296.54
600519.SH,2023-11-14,635.64,631.53,646.51,628.89,21629192390.98
000858.SZ,2023-11-14,63.41,63.29,64.22,63.03,2954840054.8
300750.SZ,2023-11-14,52.07,51.59,52.66,51.41,1453804970.84
601318.SH,2023-11-14,45.27,45.29,45.77,44.69,484308281.81
000333.SZ,2023-11-14,10.79,10.74,10.95,10.59,334534225.38
600036.SH,2023-11-14,71.46,71.74,72.6,71.03,1706648051.32
002415.SZ,2023-11-14,4.69,4.68,4.71,4.63,9777345.58
600276.SH,2023-11-14,18.85,19.04,19.06,18.66,139527084.18
002594.SZ,2023-11-14,97.72,98.74,98.02,97.52,64754017.57
601012.SH,2023-11-14,118.38,118.51,118.7,118.01,5052387296.92
600887.SH,2023-11-14,84.97,84.86,86.38,83.54,690513411.45
000002.SZ,2023-11-14,501.53,500.36,503.92,498.42,7868084683.84
600519.SH,2023-11-15,611.01,609.19,622.47,603.1,26821488877.28
000858.SZ,2023-11-15,66.56,66.3,67.74,66.52,2203826130.97
300750.SZ,2023-11-15,53.81,53.59,53.87,53.22,1068472821.88
601318.SH,2023-11-15,46.98,46.97,48.05,46.84,1034258604.52
000333.SZ,2023-11-15,11.0,11.07,11.13,10.75,449960266.27
600036.SH,2023-11-15,71.37,70.85,73.22,70.67,3344882853.9
002415.SZ,2023-11-15,4.63,4.64,4.71,4.56,204005473.3
600276.SH,2023-11-15,18.8,18.82,18.89,18.44,542830502.1
002594.SZ,2023-11-15,102.02,102.02,103.58,101.75,958613413.52
601012.SH,2023-11-15,117.82,117.93,119.85,117.71,868050012.04
600887.SH,2023-11-15,82.6,82.87,84.17,82.24,3056404249.39
000002.SZ,2023-11-15,501.11,506.4,516.81,494.35,5555417797.89
600519.SH,2023-11-16,600.55,602.19,602.11,595.08,6999703655.49
000858.SZ,2023-11-16,69.38,69.63,69.53,69.0,1872160630.28
300750.SZ,2023-11-16,52.13,51.83,52.28,51.54,1488177336.67
601318.SH,2023-11-16,45.86,45.78,46.18,45.72,1231717722.5
000333.SZ,2023-11-16,10.92,10.86,11.11,10.71,287701595.9
600036.SH,2023-11-16,68.9,68.91,71.17,68.6,2579630116.74
002415.SZ,2023-11-16,4.32,4.3,4.34,4.23,61843649.92
600276.SH,2023-11-16,18.35,18.37,18.43,17.89,61397122.75
002594.SZ,2023-11-16,98.82,99.41,101.99,98.34,1664918933.56
601012.SH,2023-11-16,118.71,118.96,119.32,116.38,404751779.53
600887.SH,2023-11-16,85.35,85.8,88.36,84.93,1375428037.52
000002.SZ,2023-11-16,507.07,508.19,517.51,499.6,4920409688.72
600519.SH,2023-11-17,584.78,580.48,588.45,579.05,21458697502.85
000858.SZ,2023-11-17,69.44,69.49,69.67,69.2,611536048.03
300750.SZ,2023-11-17,52.92,53.21,53.13,50.98,665243527.15
601318.SH,2023-11-17,45.68,45.51,45.93,45.45,1472547030.58
000333.SZ,2023-11-17,10.6,10.65,10.74,10.56,22074833.39
600036.SH,2023-11-17,68.12,68.45,68.51,66.74,1743466344.85
002415.SZ,2023-11-17,4.41,4.39,4.5,4.25,49719981.82
600276.SH,2023-11-17,18.51,18.62,18.55,18.47,467276073.37
002594.SZ,2023-11-17,99.81,99.36,101.04,99.76,2742006021.71
601012.SH,2023-11-17,117.53,117.85,119.96,114.24,2585149015.84
600887.SH,2023-11-17,85.06,85.11,85.14,84.73,2514638749.18
000002.SZ,2023-11-17,503.08,502.8,504.96,494.86,23919133180.78
600519.SH,2023-11-20,581.38,577.99,583.62,568.46,19597608333.73
000858.SZ,2023-11-20,67.27,67.31,67.85,66.54,2847047059.07
300750.SZ,2023-11-20,54.97,55.01,56.05,54.47,1555011073.57
601318.SH,2023-11-20,45.1,44.98,45.53,44.96,39646801.24
000333.SZ,2023-11-20,10.54,10.54,10.82,10.39,108501188.41
600036.SH,2023-11-20,66.23,66.13,67.05,66.09,2775469784.69
002415.SZ,2023-11-20,4.34,4.39,4.4,4.24,21843171.36
600276.SH,2023-11-20,17.46,17.5,17.95,17.31,225687918.43
002594.SZ,2023-11-20,101.59,101.97,102.7,100.79,2607457947.68
601012.SH,2023-11-20,117.41,117.0,119.03,116.07,1301983440.65
600887.SH,2023-11-20,82.58,82.24,83.33,82.38,2583386384.45
000002.SZ,2023-11-20,507.97,508.5,510.33,497.32,13276665345.31
600519.SH,2023-11-21,575.74,575.93,583.92,572.1,25992865589.09
000858.SZ,2023-11-21,65.96,65.76,68.04,65.54,785494290.11
300750.SZ,2023-11-21,52.45,52.32,52.74,51.9,373052563.93
601318.SH,2023-11-21,44.15,44.19,44.39,43.63,1086769469.02
000333.SZ,2023-11-21,10.68,10.76,10.77,10.64,327005032.3
600036.SH,2023-11-21,65.95,65.81,66.22,65.63,179057085.53
002415.SZ,2023-11-21,4.18,4.18,4.24,4.17,2094575.94
600276.SH,2023-11-21,17.31,17.3,17.61,16.88,554492040.48
002594.SZ,2023-11-21,101.52,102.59,102.42,99.65,4333894290.51
601012.SH,2023-11-21,117.79,116.84,118.67,115.26,4868722191.18
600887.SH,2023-11-21,80.11,80.27,80.85,79.68,830582300.86
000002.SZ,2023-11-21,495.49,489.68,510.11,495.18,5837098165.18
600519.SH,2023-11-22,571.45,565.98,571.76,565.85,20798995528.38
000858.SZ,2023-11-22,66.64,66.78,66.9,65.04,342496162.83
300750.SZ,2023-11-22,54.27,54.1,54.83,53.89,1455398819.3
601318.SH,2023-11-22,43.95,43.67,44.63,42.88,368293308.99
000333.SZ,2023-11-22,10.26,10.3,10.53,10.09,424038420.52
600036.SH,2023-11-22,65.49,64.65,66.96,65.0,1969267648.37
002415.SZ,2023-11-22,4.18,4.16,4.26,4.07,17050385.58
600276.SH,2023-11-22,16.99,17.09,17.46,16.7,729771283.37
002594.SZ,2023-11-22,98.13,98.07,99.48,93.48,3957124219.89
601012.SH,2023-11-22,114.89,114.81,115.1,114.35,2642857396.9
600887.SH,2023-11-22,80.69,80.31,81.4,77.8,687438574.95
000002.SZ,2023-11-22,502.81,503.23,506.09,494.38,6320069645.03
600519.SH,2023-11-23,561.87,563.39,566.87,558.67,4148209382.22
000858.SZ,2023-11-23,65.1,65.23,65.25,63.66,283550374.8
300750.SZ,2023-11-23,54.73,54.41,54.86,54.1,2188706330.03
601318.SH,2023-11-23,44.3,44.44,44.52,42.67,1054680266.83
000333.SZ,2023-11-23,10.58,10.55,10.71,10.55,225062172.17
600036.SH,2023-11-23,64.81,64.84,65.49,64.51,396811625.78
002415.SZ,2023-11-23,4.28,4.28,4.33,4.27,40382399.6
600276.SH,2023-11-23,16.86,16.84,17.07,16.73,102904113.71
002594.SZ,2023-11-23,95.01,95.6,97.34,92.67,1857296350.41
601012.SH,2023-11-23,117.38,117.26,117.71,115.82,2960119358.51
600887.SH,2023-11-23,81.92,82.54,82.0,81.91,527759129.98
000002.SZ,2023-11-23,511.87,512.81,512.8,504.69,9637889150.86
600519.SH,2023-11-24,573.0,575.44,573.59,567.58,13345024613.74
000858.SZ,2023-11-24,66.0,66.13,66.49,65.51,1691402802.21
300750.SZ,2023-11-24,54.01,53.52,54.27,53.37,498683267.1
601318.SH,2023-11-24,42.13,41.78,42.3,41.08,1769443818.35
000333.SZ,2023-11-24,10.42,10.39,10.83,10.39,287692317.84
600036.SH,2023-11-24,64.85,64.87,65.13,64.25,971264619.69
002415.SZ,2023-11-24,4.22,4.24,4.29,4.2,40842564.3
600276.SH,2023-11-24,17.05,17.06,17.13,16.76,728089496.77
002594.SZ,2023-11-24,98.41,98.3,99.09,96.66,1729150559.36
601012.SH,2023-11-24,117.06,117.77,118.55,115.38,3627042474.54
600887.SH,2023-11-24,80.14,80.66,82.02,79.52,60523810.87
000002.SZ,2023-11-24,530.19,530.14,532.98,528.1,14756205222.16
600519.SH,2023-11-27,570.41,572.77,572.35,555.34,3005665359.39
000858.SZ,2023-11-27,65.98,65.76,68.05,65.96,222241730.99
300750.SZ,2023-11-27,51.03,51.12,51.31,50.03,16628351.41
601318.SH,2023-11-27,40.3,40.13,40.37,40.12,1587438247.58
000333.SZ,2023-11-27,10.66,10.65,10.93,10.56,223637713.43
600036.SH,2023-11-27,65.45,65.61,65.76,64.39,1676220809.82
002415.SZ,2023-11-27,4.35,4.36,4.43,4.33,50988014.32
600276.SH,2023-11-27,18.01,18.1,18.17,17.91,756093721.21
002594.SZ,2023-11-27,98.23,97.78,98.61,96.42,2665607347.37
601012.SH,2023-11-27,117.07,117.35,121.86,115.17,2860231796.48
600887.SH,2023-11-27,79.82,79.63,79.85,79.32,2299298735.08
000002.SZ,2023-11-27,532.53,534.44,536.71,528.43,4067483988.8
600519.SH,2023-11-28,585.88,585.67,594.63,582.73,15675053892.76
000858.SZ,2023-11-28,64.82,64.92,65.39,64.18,1730410978.44
300750.SZ,2023-11-28,53.07,53.06,53.1,52.15,1714223782.91
601318.SH,2023-11-28,38.38,38.18,38.58,38.05,379710693.86
000333.SZ,2023-11-28,10.81,10.76,10.91,10.67,73880119.68
600036.SH,2023-11-28,67.59,67.63,69.41,67.36,1178221011.82
002415.SZ,2023-11-28,4.38,4.42,4.43,4.36,144554956.89
600276.SH,2023-11-28,18.31,18.3,18.63,17.63,219686124.74
002594.SZ,2023-11-28,95.47,95.65,97.4,95.12,1640169069.16
601012.SH,2023-11-28,122.03,122.71,123.26,120.04,5770346384.12
600887.SH,2023-11-28,82.17,82.54,83.44,80.51,1642263333.48
000002.SZ,2023-11-28,523.4,521.36,537.93,521.15,16103412789.26
600519.SH,2023-11-29,558.59,560.31,571.65,545.4,23438966477.1
000858.SZ,2023-11-29,63.32,63.09,64.27,62.61,2457687361.25
300750.SZ,2023-11-29,52.36,52.0,53.51,52.36,2076974919.03
601318.SH,2023-11-29,36.49,36.7,36.55,36.27,40837738.51
000333.SZ,2023-11-29,10.88,10.95,10.98,10.77,116269230.61
600036.SH,2023-11-29,68.49,68.78,70.62,66.82,2593928841.2
002415.SZ,2023-11-29,4.4,4.43,4.49,4.33,150731516.74
600276.SH,2023-11-29,18.22,18.26,18.34,17.93,86436543.66
002594.SZ,2023-11-29,98.4,98.03,100.38,98.2,3277846560.24
601012.SH,2023-11-29,123.01,123.35,125.45,122.13,255163456.5
600887.SH,2023-11-29,86.92,87.6,87.44,85.92,3813850036.77
000002.SZ,2023-11-29,515.55,517.71,517.18,511.34,22861575126.82
600519.SH,2023-11-30,563.11,566.39,572.34,560.14,15478844607.4
000858.SZ,2023-11-30,62.07,61.77,63.67,61.82,167874467.46
300750.SZ,2023-11-30,52.07,51.89,52.36,51.59,2464872845.23
601318.SH,2023-11-30,37.33,37.6,37.52,37.04,194361852.82
000333.SZ,2023-11-30,11.02,10.97,11.06,10.99,432949938.95
600036.SH,2023-11-30,70.4,70.2,70.58,68.87,893261562.47
002415.SZ,2023-11-30,4.5,4.51,4.52,4.5,138842107.06
600276.SH,2023-11-30,17.91,17.92,18.1,17.66,52188169.78
002594.SZ,2023-11-30,91.7,90.79,92.7,91.34,4429340550.65
601012.SH,2023-11-30,116.66,116.77,118.48,114.29,892697126.73
600887.SH,2023-11-30,91.45,92.27,93.89,90.89,3775907834.33
000002.SZ,2023-11-30,501.17,506.88,512.3,494.92,10777062632.11
600519.SH,2023-12-01,579.38,579.35,580.81,574.91,17139972474.29
000858.SZ,2023-12-01,61.26,61.32,61.94,60.72,1335802770.06
300750.SZ,2023-12-01,51.01,50.75,52.15,50.48,2412317946.48
601318.SH,2023-12-01,38.0,38.24,38.53,37.76,1264067272.71
000333.SZ,2023-12-01,11.29,11.31,11.36,11.28,491318324.45
600036.SH,2023-12-01,71.93,71.89,72.76,71.47,1143259369.64
002415.SZ,2023-12-01,4.45,4.46,4.46,4.44,177711387.33
600276.SH,2023-12-01,18.28,18.27,18.35,17.9,545218009.95
002594.SZ,2023-12-01,92.03,91.76,92.18,90.59,2192379454.42
601012.SH,2023-12-01,122.08,121.06,124.14,120.67,1319597595.43
600887.SH,2023-12-01,92.38,91.98,94.0,92.0,2584040117.78
000002.SZ,2023-12-01,513.23,514.62,513.3,496.64,3367815512.71
600519.SH,2023-12-04,559.35,558.02,569.1,545.55,1800646965.37
000858.SZ,2023-12-04,63.94,63.98,64.82,63.27,3006462623.53
300750.SZ,2023-12-04,53.09,52.84,54.92,52.16,1562610051.16
601318.SH,2023-12-04,37.2,37.13,37.21,36.81,1275569277.09
000333.SZ,2023-12-04,11.67,11.72,11.9,11.65,366503410.15
600036.SH,2023-12-04,70.45,70.22,71.61,70.0,2432893536.09
002415.SZ,2023-12-04,4.48,4.5,4.54,4.44,113839051.22
600276.SH,2023-12-04,18.12,18.14,18.13,17.57,501436960.24
002594.SZ,2023-12-04,88.7,87.94,89.14,88.69,4263476853.7
601012.SH,2023-12-04,121.59,122.42,122.6,120.92,703439573.12
600887.SH,2023-12-04,91.21,91.03,92.0,91.12,472746497.62
000002.SZ,2023-12-04,527.68,529.39,529.91,526.38,10961752526.45
600519.SH,2023-12-05,544.28,547.6,556.38,543.65,9937256771.09
000858.SZ,2023-12-05,63.08,63.15,64.04,61.89,2399647491.82
300750.SZ,2023-12-05,51.8,51.8,52.95,50.87,1596110124.58
601318.SH,2023-12-05,37.94,37.85,38.08,36.46,401402592.63
000333.SZ,2023-12-05,11.75,11.72,11.94,11.69,438287572.48
600036.SH,2023-12-05,71.96,71.73,73.86,71.22,1980096750.84
002415.SZ,2023-12-05,4.41,4.38,4.49,4.34,152499498.38
600276.SH,2023-12-05,18.22,18.16,18.52,18.09,259272466.76
002594.SZ,2023-12-05,90.95,90.87,90.97,89.79,1597413768.4
601012.SH,2023-12-05,120.55,120.36,121.77,119.77,1822717374.74
600887.SH,2023-12-05,90.39,90.91,92.69,89.96,1881212696.67
000002.SZ,2023-12-05,530.11,530.31,537.0,524.52,7403714255.26
600519.SH,2023-12-06,550.87,549.91,551.31,545.71,17266735826.95
000858.SZ,2023-12-06,63.22,62.88,65.35,62.79,1712590312.17
300750.SZ,2023-12-06,50.18,50.3,50.24,49.78,1581069595.41
601318.SH,2023-12-06,37.47,37.59,37.83,37.33,1191990468.76
000333.SZ,2023-12-06,11.44,11.35,11.52,11.33,11957557.79
600036.SH,2023-12-06,77.26,77.14,77.29,76.0,164788153.09
002415.SZ,2023-12-06,4.44,4.44,4.45,4.37,2863880.52
600276.SH,2023-12-06,17.46,17.45,17.47,17.33,782443675.08
002594.SZ,2023-12-06,90.11,90.06,91.92,87.79,2055886312.85
601012.SH,2023-12-06,117.1,117.31,119.19,115.49,1276754427.21
600887.SH,2023-12-06,95.72,95.88,95.78,94.62,4680931601.62
000002.SZ,2023-12-06,538.68,542.61,543.32,537.21,23314982852.93
600519.SH,2023-12-07,544.71,546.88,549.04,541.58,15380607916.13
000858.SZ,2023-12-07,65.22,65.2,65.22,64.71,247771017.0
300750.SZ,2023-12-07,51.48,51.55,52.65,50.41,2346030830.81
601318.SH,2023-12-07,36.8,36.79,37.31,36.57,1592352426.0
000333.SZ,2023-12-07,11.15,11.16,11.17,11.13,420476525.42
600036.SH,2023-12-07,74.85,74.7,76.28,71.89,603099980.92
002415.SZ,2023-12-07,4.41,4.41,4.56,4.3,210595925.14
600276.SH,2023-12-07,17.44,17.39,17.59,17.25,693716958.85
002594.SZ,2023-12-07,89.68,89.59,91.4,87.71,2809895391.86
601012.SH,2023-12-07,118.95,118.9,120.58,118.66,4343613930.41
600887.SH,2023-12-07,96.53,96.37,97.82,95.78,2755678893.83
000002.SZ,2023-12-07,537.96,542.93,547.18,531.02,21735047553.67
600519.SH,2023-12-08,557.62,558.62,570.01,555.16,20233407600.07
000858.SZ,2023-12-08,62.3,62.34,63.73,61.48,728488956.56
300750.SZ,2023-12-08,51.39,51.24,51.96,50.69,72804717.0
601318.SH,2023-12-08,35.7,35.52,36.48,35.55,695079404.57
000333.SZ,2023-12-08,11.27,11.33,11.56,11.1,413006806.67
600036.SH,2023-12-08,76.51,75.88,76.96,76.1,2784652424.41
002415.SZ,2023-12-08,4.33,4.33,4.35,4.25,141694264.95
600276.SH,2023-12-08,16.53,16.42,16.77,16.37,263483435.82
002594.SZ,2023-12-08,94.19,94.55,95.31,91.42,767587431.65
601012.SH,2023-12-08,123.24,123.38,124.46,121.77,5557008912.43
600887.SH,2023-12-08,99.55,100.7,100.84,95.14,557512245.73
000002.SZ,2023-12-08,524.94,531.49,529.71,522.98,25831412410.04
600519.SH,2023-12-11,566.33,567.63,573.01,558.47,2734005597.87
000858.SZ,2023-12-11,62.8,63.02,62.89,62.26,2023811299.8
300750.SZ,2023-12-11,51.91,51.84,52.36,50.84,553302642.46
601318.SH,2023-12-11,36.95,37.02,37.03,36.75,218433652.08
000333.SZ,2023-12-11,11.91,11.9,12.03,11.61,202179678.7
600036.SH,2023-12-11,76.97,76.8,77.82,76.18,1198089341.74
002415.SZ,2023-12-11,4.38,4.38,4.39,4.34,107026450.37
600276.SH,2023-12-11,17.15,17.25,17.32,17.1,756311691.79
002594.SZ,2023-12-11,94.44,94.7,95.88,93.87,70666193.87
601012.SH,2023-12-11,123.16,123.09,125.09,122.75,2107977104.15
600887.SH,2023-12-11,99.88,100.34,100.24,99.78,3270529061.68
000002.SZ,2023-12-11,549.21,548.87,550.46,547.82,14780934463.89
600519.SH,2023-12-12,586.58,584.34,591.15,583.91,8935006855.23
000858.SZ,2023-12-12,58.88,59.02,59.51,57.78,475156935.72
300750.SZ,2023-12-12,54.35,54.58,54.95,54.07,1421083859.94
601318.SH,2023-12-12,36.82,36.7,37.28,36.77,1807557986.75
000333.SZ,2023-12-12,11.53,11.55,11.55,11.45,194517934.75
600036.SH,2023-12-12,79.65,79.78,80.47,79.33,2878517739.95
002415.SZ,2023-12-12,4.44,4.46,4.51,4.36,151061385.41
600276.SH,2023-12-12,17.23,17.14,17.4,17.08,57506920.24
002594.SZ,2023-12-12,94.58,94.32,94.93,93.68,1779211312.48
601012.SH,2023-12-12,127.8,127.48,127.87,127.42,3765750366.94
600887.SH,2023-12-12,101.86,101.78,105.34,100.11,3328859151.78
000002.SZ,2023-12-12,539.76,540.29,544.66,537.01,9721481886.95
600519.SH,2023-12-13,560.43,563.72,569.02,551.19,14626166440.62
000858.SZ,2023-12-13,57.65,57.57,57.77,57.58,2135910375.63
300750.SZ,2023-12-13,53.74,53.9,54.67,53.21,1497071654.7
601318.SH,2023-12-13,36.4,36.4,36.59,36.03,33596220.53
000333.SZ,2023-12-13,11.87,11.87,12.05,11.81,209834143.48
600036.SH,2023-12-13,77.45,77.31,78.54,76.7,1081052733.36
002415.SZ,2023-12-13,4.42,4.42,4.43,4.28,195495670.19
600276.SH,2023-12-13,17.89,17.65,18.06,17.4,461571402.65
002594.SZ,2023-12-13,92.51,92.32,93.22,90.5,3099680349.94
601012.SH,2023-12-13,129.53,129.98,131.09,128.25,56144457.81
600887.SH,2023-12-13,100.95,100.99,101.21,97.41,2680354109.44
000002.SZ,2023-12-13,568.61,565.67,580.88,563.56,13126055928.15
600519.SH,2023-12-14,567.31,569.58,569.89,549.25,9462438724.46
000858.SZ,2023-12-14,56.15,56.55,56.64,55.66,111309286.91
300750.SZ,2023-12-14,52.24,51.94,52.47,51.85,1283976230.24
601318.SH,2023-12-14,35.67,35.59,36.54,35.27,368337399.16
000333.SZ,2023-12-14,11.52,11.51,11.59,11.47,172631268.6
600036.SH,2023-12-14,79.31,78.84,80.68,77.8,75736466.42
002415.SZ,2023-12-14,4.27,4.26,4.33,4.16,106730280.82
600276.SH,2023-12-14,18.1,18.16,18.24,17.92,127224952.98
002594.SZ,2023-12-14,93.12,93.76,94.51,92.66,4161627084.67
601012.SH,2023-12-14,134.14,135.95,138.27,133.67,3267722534.49
600887.SH,2023-12-14,105.08,105.25,105.78,103.34,2668882336.06
000002.SZ,2023-12-14,589.2,593.63,593.17,583.21,9087639069.49
600519.SH,2023-12-15,558.59,559.02,563.56,551.62,26759557938.56
000858.SZ,2023-12-15,56.25,55.94,56.52,55.51,673208227.52
300750.SZ,2023-12-15,50.8,50.9,51.26,49.16,1766163798.73
601318.SH,2023-12-15,37.57,37.65,37.58,37.21,1081471527.47
000333.SZ,2023-12-15,11.5,11.62,11.57,11.42,145391296.49
600036.SH,2023-12-15,82.34,82.09,83.33,81.32,551268438.26
002415.SZ,2023-12-15,4.37,4.37,4.41,4.37,40863338.33
600276.SH,2023-12-15,17.92,17.87,17.95,17.72,667648388.08
002594.SZ,2023-12-15,91.31,91.35,91.42,91.06,2973090358.96
601012.SH,2023-12-15,133.59,134.53,135.12,131.78,3571096823.59
600887.SH,2023-12-15,103.99,103.85,106.73,101.75,3835779710.09
000002.SZ,2023-12-15,586.49,577.82,598.75,584.12,4124940035.03
600519.SH,2023-12-18,577.88,573.54,584.66,561.68,8340715045.39
000858.SZ,2023-12-18,58.06,58.16,59.21,56.96,1123582608.9
300750.SZ,2023-12-18,53.15,52.81,53.73,51.93,1230516829.38
601318.SH,2023-12-18,36.06,36.07,36.17,35.79,992074572.08
000333.SZ,2023-12-18,11.19,11.22,11.42,10.82,409432497.77
600036.SH,2023-12-18,81.57,81.74,82.38,80.52,1370194074.11
002415.SZ,2023-12-18,4.62,4.66,4.63,4.48,119114472.58
600276.SH,2023-12-18,18.99,19.02,19.01,18.94,687022088.34
002594.SZ,2023-12-18,90.27,90.18,91.2,89.11,3348680807.27
601012.SH,2023-12-18,133.96,133.53,135.21,133.6,1430320213.82
600887.SH,2023-12-18,104.7,105.44,106.14,103.7,4623227603.72
000002.SZ,2023-12-18,614.28,611.63,617.61,612.41,1703342250.66
600519.SH,2023-12-19,587.97,588.97,590.81,580.33,20648733937.95
000858.SZ,2023-12-19,60.34,60.38,60.69,58.82,1927301605.74
300750.SZ,2023-12-19,53.52,53.48,53.52,51.69,2453794126.37
601318.SH,2023-12-19,35.45,35.51,35.61,35.13,1500313476.1
000333.SZ,2023-12-19,10.97,10.98,11.18,10.96,215775648.4
600036.SH,2023-12-19,80.16,80.32,81.27,79.31,2615761353.4
002415.SZ,2023-12-19,4.72,4.72,4.81,4.71,158257307.57
600276.SH,2023-12-19,19.49,19.65,19.9,19.36,943633754.67
002594.SZ,2023-12-19,95.4,95.05,96.97,94.88,1568011223.61
601012.SH,2023-12-19,136.02,135.34,138.24,134.88,4067327403.84
600887.SH,2023-12-19,104.93,105.39,106.76,104.58,214661026.61
000002.SZ,2023-12-19,604.7,605.03,611.97,600.5,10698224810.93
600519.SH,2023-12-20,591.43,596.39,592.48,591.26,14403549749.99
000858.SZ,2023-12-20,61.65,61.4,62.3,61.56,1714394344.6
300750.SZ,2023-12-20,50.58,50.48,51.42,49.99,739271917.12
601318.SH,2023-12-20,34.56,34.58,34.64,34.49,1444747184.73
000333.SZ,2023-12-20,10.61,10.58,10.63,10.52,125352350.61
600036.SH,2023-12-20,84.32,84.64,85.59,84.19,844928509.68
002415.SZ,2023-12-20,4.82,4.8,4.93,4.68,192180028.72
600276.SH,2023-12-20,19.29,19.42,19.82,19.12,162308133.56
002594.SZ,2023-12-20,96.5,97.26,97.86,95.91,2576774777.88
601012.SH,2023-12-20,140.74,140.53,142.4,138.88,2398996769.4
600887.SH,2023-12-20,103.81,104.53,104.49,102.26,1924172329.94
000002.SZ,2023-12-20,610.5,609.3,627.38,597.99,6572052843.88
600519.SH,2023-12-21,590.33,589.94,603.64,584.66,7549971167.31
000858.SZ,2023-12-21,62.22,62.23,62.39,60.99,1838273604.7
300750.SZ,2023-12-21,50.94,51.11,51.1,50.93,1955922352.02
601318.SH,2023-12-21,35.1,35.27,35.18,34.57,1538810736.81
000333.SZ,2023-12-21,10.46,10.45,10.59,10.43,474544280.78
600036.SH,2023-12-21,82.47,82.77,84.83,79.08,1396239530.37
002415.SZ,2023-12-21,4.85,4.89,4.97,4.84,144660521.83
600276.SH,2023-12-21,19.17,19.16,19.39,18.92,839853546.39
002594.SZ,2023-12-21,96.62,95.25,97.99,95.63,1958341426.34
601012.SH,2023-12-21,145.13,146.24,145.59,145.02,3573073174.24
600887.SH,2023-12-21,102.51,102.22,104.72,102.45,646432746.32
000002.SZ,2023-12-21,607.84,604.47,617.67,605.58,734330814.61
600519.SH,2023-12-22,595.54,598.17,595.74,586.37,14214607462.47
000858.SZ,2023-12-22,62.13,62.21,62.38,61.86,2754195778.26
300750.SZ,2023-12-22,50.45,50.26,51.66,50.33,1127783735.86
601318.SH,2023-12-22,34.29,34.3,34.66,33.83,740212157.99
000333.SZ,2023-12-22,10.11,10.07,10.21,9.88,152104032.01
600036.SH,2023-12-22,81.9,81.81,82.09,80.02,1902547437.04
002415.SZ,2023-12-22,4.99,5.02,5.1,4.96,99274483.28
600276.SH,2023-12-22,20.15,20.2,20.25,19.87,678985057.93
002594.SZ,2023-12-22,95.75,94.78,96.77,94.93,4569828715.23
601012.SH,2023-12-22,146.67,146.87,149.63,141.97,7222769046.9
600887.SH,2023-12-22,104.05,103.15,104.15,101.57,5044289349.58
000002.SZ,2023-12-22,614.87,615.43,614.98,607.83,10757849177.23
600519.SH,2023-12-25,581.78,582.79,589.99,570.05,4895708190.17
000858.SZ,2023-12-25,63.52,63.36,64.28,62.13,1920145423.05
300750.SZ,2023-12-25,51.31,51.25,51.66,50.89,884379359.7
601318.SH,2023-12-25,32.96,33.09,33.31,31.75,1016962235.09
000333.SZ,2023-12-25,10.25,10.3,10.43,10.18,74555394.71
600036.SH,2023-12-25,82.94,83.13,83.01,82.77,2934793593.85
002415.SZ,2023-12-25,4.88,4.86,4.91,4.76,135936405.85
600276.SH,2023-12-25,19.7,19.56,20.15,19.44,54826333.65
002594.SZ,2023-12-25,98.89,98.5,100.07,97.24,783917171.92
601012.SH,2023-12-25,149.12,149.84,150.37,148.28,5045505795.02
600887.SH,2023-12-25,109.28,110.22,111.56,108.92,196589533.22
000002.SZ,2023-12-25,595.95,600.82,600.5,584.64,15638959604.0
600519.SH,2023-12-26,574.79,575.47,577.71,572.56,24224883257.25
000858.SZ,2023-12-26,62.53,62.35,63.99,61.88,82416202.44
300750.SZ,2023-12-26,50.29,50.0,50.33,49.63,443985438.92
601318.SH,2023-12-26,32.37,32.23,32.48,31.25,1040396441.2
000333.SZ,2023-12-26,10.25,10.2,10.64,10.18,176073621.18
600036.SH,2023-12-26,79.83,79.94,79.99,78.26,2666306043.03
002415.SZ,2023-12-26,4.8,4.78,4.8,4.79,124820956.86
600276.SH,2023-12-26,19.41,19.4,19.5,19.36,823021164.35
002594.SZ,2023-12-26,101.66,101.99,102.31,100.79,3680367811.98
601012.SH,2023-12-26,148.88,148.15,151.05,148.64,5867767023.3
600887.SH,2023-12-26,110.71,110.3,111.8,109.34,1124986739.54
000002.SZ,2023-12-26,592.09,592.05,601.83,591.05,6088366620.32
600519.SH,2023-12-27,561.86,564.75,564.42,556.94,11268522714.26
000858.SZ,2023-12-27,62.23,62.04,62.62,62.19,1464569355.3
300750.SZ,2023-12-27,51.42,51.07,51.71,51.4,681915420.34
601318.SH,2023-12-27,33.3,33.52,33.35,32.87,277038337.86
000333.SZ,2023-12-27,10.56,10.57,10.71,10.48,292082706.31
600036.SH,2023-12-27,84.52,84.02,85.48,82.62,249318791.53
002415.SZ,2023-12-27,5.05,5.02,5.12,4.97,18600713.29
600276.SH,2023-12-27,19.41,19.6,19.82,19.41,441537074.24
002594.SZ,2023-12-27,101.36,101.58,102.57,99.95,4411189944.12
601012.SH,2023-12-27,149.52,149.21,151.25,148.88,2654681784.91
600887.SH,2023-12-27,111.3,111.14,111.44,106.05,4384581103.79
000002.SZ,2023-12-27,584.62,582.78,609.72,581.64,13444019221.88
600519.SH,2023-12-28,540.71,541.16,544.18,536.61,5346616756.88
000858.SZ,2023-12-28,62.87,62.86,63.09,62.75,34179926.06
300750.SZ,2023-12-28,50.56,50.59,50.89,50.12,1706435737.33
601318.SH,2023-12-28,33.16,33.42,33.73,32.49,1616099604.23
000333.SZ,2023-12-28,10.15,10.24,10.19,10.0,258805954.43
600036.SH,2023-12-28,86.89,87.71,88.81,85.64,4138898816.15
002415.SZ,2023-12-28,4.87,4.87,4.9,4.83,132778823.52
600276.SH,2023-12-28,20.35,20.33,20.56,19.83,267627771.21
002594.SZ,2023-12-28,99.09,98.63,99.64,97.71,2874376700.14
601012.SH,2023-12-28,151.45,151.57,151.47,148.1,491577825.95
600887.SH,2023-12-28,111.04,110.34,111.61,108.46,4932734729.23
000002.SZ,2023-12-28,569.17,569.7,575.02,560.48,6644766039.81
600519.SH,2023-12-29,531.16,530.52,534.82,529.98,2245813521.9
000858.SZ,2023-12-29,63.86,64.3,64.87,63.17,754491933.44
300750.SZ,2023-12-29,50.0,49.68,50.27,49.61,1548650683.73
601318.SH,2023-12-29,33.92,34.1,34.37,33.74,870909998.17
000333.SZ,2023-12-29,10.13,10.12,10.32,10.0,103283639.9
600036.SH,2023-12-29,85.48,85.17,86.27,83.57,2623403057.09
002415.SZ,2023-12-29,4.89,4.87,4.95,4.72,79116010.01
600276.SH,2023-12-29,20.68,20.73,20.86,20.26,423219365.65
002594.SZ,2023-12-29,100.86,100.71,101.47,98.5,4973081436.85
601012.SH,2023-12-29,158.76,159.91,160.05,157.2,3786713708.46
600887.SH,2023-12-29,109.01,109.55,109.11,108.63,4768384851.08
000002.SZ,2023-12-29,552.81,558.32,555.48,552.41,25643726554.69
600519.SH,2024-01-01,544.99,543.09,552.84,543.61,20312609938.24
000858.SZ,2024-01-01,62.72,62.55,63.28,62.15,2325105509.22
300750.SZ,2024-01-01,50.13,50.39,51.28,49.25,810741430.43
601318.SH,2024-01-01,33.07,33.13,33.3,32.7,789664381.22
000333.SZ,2024-01-01,10.03,10.02,10.04,9.89,189321086.55
600036.SH,2024-01-01,84.36,84.28,85.95,81.33,1036827607.25
002415.SZ,2024-01-01,4.93,4.98,5.01,4.9,203726089.49
600276.SH,2024-01-01,20.89,20.98,21.33,20.7,39630719.65
002594.SZ,2024-01-01,99.68,100.75,103.83,99.12,3343277698.63
601012.SH,2024-01-01,156.1,155.96,156.51,152.88,6804513422.63
600887.SH,2024-01-01,111.41,111.65,111.54,109.42,5267798169.54
000002.SZ,2024-01-01,532.39,531.42,537.89,527.91,11669077855.26
600519.SH,2024-01-02,542.12,544.57,545.04,536.75,4942407159.71
000858.SZ,2024-01-02,62.39,62.29,62.79,61.92,1532635106.97
300750.SZ,2024-01-02,50.48,50.71,50.84,50.17,2403384477.47
601318.SH,2024-01-02,34.11,34.22,34.93,33.86,1690867697.1
000333.SZ,2024-01-02,10.17,10.14,10.18,10.09,429593565.33
600036.SH,2024-01-02,86.13,86.27,87.04,85.01,773027829.34
002415.SZ,2024-01-02,4.85,4.81,4.96,4.74,152188916.35
600276.SH,2024-01-02,20.86,20.87,21.31,20.45,1041068560.43
002594.SZ,2024-01-02,96.14,95.5,97.02,95.94,4361440266.7
601012.SH,2024-01-02,158.28,160.6,162.01,157.91,4273353909.26
600887.SH,2024-01-02,108.35,108.37,109.7,107.29,764283483.95
000002.SZ,2024-01-02,545.62,544.57,548.84,529.29,3841378183.5
600519.SH,2024-01-03,539.12,541.62,549.78,525.82,26357693475.91
000858.SZ,2024-01-03,64.98,64.95,66.75,64.66,1922562070.98
300750.SZ,2024-01-03,49.83,50.02,50.43,49.33,511426999.17
601318.SH,2024-01-03,33.94,34.06,34.65,33.93,145866220.94
000333.SZ,2024-01-03,9.81,9.87,10.05,9.72,109914888.63
600036.SH,2024-01-03,88.35,88.4,90.19,88.02,3656439908.13
002415.SZ,2024-01-03,4.9,4.87,5.03,4.76,240939643.98
600276.SH,2024-01-03,21.38,21.4,21.42,21.17,307049657.06
002594.SZ,2024-01-03,91.44,91.11,91.71,90.55,739322547.77
601012.SH,2024-01-03,159.92,159.32,161.29,159.07,741666192.16
600887.SH,2024-01-03,112.68,112.25,113.52,110.98,5066515918.63
000002.SZ,2024-01-03,568.98,565.87,576.16,565.6,2362334505.21
600519.SH,2024-01-04,526.72,527.81,542.62,519.27,17957324438.28
000858.SZ,2024-01-04,68.47,68.96,69.49,68.05,1195982126.66
300750.SZ,2024-01-04,48.31,48.71,48.61,47.47,546390643.06
601318.SH,2024-01-04,33.06,33.23,33.56,32.5,366449235.21
000333.SZ,2024-01-04,10.08,10.11,10.29,9.88,445519813.71
600036.SH,2024-01-04,86.06,85.92,86.94,85.38,1689905376.07
002415.SZ,2024-01-04,4.91,4.91,4.96,4.88,166093640.48
600276.SH,2024-01-04,21.17,21.17,21.23,20.76,356450689.64
002594.SZ,2024-01-04,96.03,96.24,99.86,95.74,3192385966.46
601012.SH,2024-01-04,160.44,160.83,163.31,157.0,120549705.39
600887.SH,2024-01-04,117.95,118.28,119.88,115.38,3150468950.61
000002.SZ,2024-01-04,578.32,578.18,579.83,569.87,9682228839.29
600519.SH,2024-01-05,516.0,516.63,518.04,507.86,19742867454.28
000858.SZ,2024-01-05,71.9,71.52,73.79,70.29,3380805209.89
300750.SZ,2024-01-05,48.54,48.45,48.66,48.18,993840705.02
601318.SH,2024-01-05,33.52,33.45,33.56,33.03,1340374588.02
000333.SZ,2024-01-05,10.19,10.16,10.3,10.05,251779037.52
600036.SH,2024-01-05,90.12,90.65,90.39,89.43,1864397648.22
002415.SZ,2024-01-05,4.74,4.75,4.79,4.66,129644934.98
600276.SH,2024-01-05,22.06,22.09,22.14,21.68,532112729.26
002594.SZ,2024-01-05,92.18,92.92,94.37,91.07,1800704345.83
601012.SH,2024-01-05,156.75,155.98,158.99,155.22,448359538.81
600887.SH,2024-01-05,113.47,112.47,114.55,111.7,590069026.76
000002.SZ,2024-01-05,582.13,591.5,583.42,581.22,22050458203.99
600519.SH,2024-01-08,514.78,510.75,525.24,501.27,15595109977.91
000858.SZ,2024-01-08,72.74,73.26,74.22,71.07,2847824988.27
300750.SZ,2024-01-08,46.15,46.09,47.04,45.99,567370036.19
601318.SH,2024-01-08,32.86,32.59,32.92,32.6,1044430070.06
000333.SZ,2024-01-08,10.35,10.4,10.38,9.95,116848876.68
600036.SH,2024-01-08,92.07,92.05,93.69,90.06,1828458447.04
002415.SZ,2024-01-08,4.58,4.57,4.64,4.51,215536618.48
600276.SH,2024-01-08,21.92,21.81,21.94,21.4,1020679210.35
002594.SZ,2024-01-08,93.82,93.34,95.27,91.55,1869153333.6
601012.SH,2024-01-08,160.99,160.36,161.43,160.97,2175044698.18
600887.SH,2024-01-08,105.55,104.87,106.45,103.0,584724558.45
000002.SZ,2024-01-08,590.33,590.94,594.06,588.87,16670620891.4
600519.SH,2024-01-09,504.79,504.64,505.21,495.19,18841637557.11
000858.SZ,2024-01-09,69.12,68.69,69.52,68.4,1450257640.97
300750.SZ,2024-01-09,47.85,47.62,48.09,46.61,2029384013.97
601318.SH,2024-01-09,32.69,32.77,32.93,32.41,1247570295.24
000333.SZ,2024-01-09,10.53,10.51,10.85,10.49,443654383.79
600036.SH,2024-01-09,94.1,93.94,94.22,93.08,2337992322.34
002415.SZ,2024-01-09,4.58,4.6,4.7,4.54,74858902.69
600276.SH,2024-01-09,21.63,21.63,22.02,21.39,629441283.38
002594.SZ,2024-01-09,92.19,91.8,94.85,91.0,4570375676.34
601012.SH,2024-01-09,163.75,163.78,166.31,162.13,3475703373.15
600887.SH,2024-01-09,105.86,106.09,107.25,105.21,2102043425.76
000002.SZ,2024-01-09,593.23,592.48,594.76,587.75,16654184246.75
600519.SH,2024-01-10,496.21,493.09,499.5,495.74,14220770616.04
000858.SZ,2024-01-10,66.2,66.61,68.53,65.31,1007449077.6
300750.SZ,2024-01-10,49.32,49.13,50.85,48.43,1707272522.32
601318.SH,2024-01-10,32.25,32.45,32.62,31.79,224581997.41
000333.SZ,2024-01-10,10.76,10.77,10.78,10.73,116401629.67
600036.SH,2024-01-10,98.68,98.41,100.44,94.4,4306237356.44
002415.SZ,2024-01-10,4.86,4.92,4.9,4.85,158819157.22
600276.SH,2024-01-10,21.4,21.42,21.47,20.98,740304080.94
002594.SZ,2024-01-10,87.85,87.74,87.88,87.13,3055469795.4
601012.SH,2024-01-10,160.35,161.06,162.99,159.58,1402196208.35
600887.SH,2024-01-10,111.42,111.24,112.61,111.37,3267448059.05
000002.SZ,2024-01-10,591.16,591.16,603.39,586.63,22140444719.71
600519.SH,2024-01-11,502.52,500.05,512.75,499.98,3004019387.07
000858.SZ,2024-01-11,66.61,66.66,66.91,66.2,3083927396.07
300750.SZ,2024-01-11,48.96,48.58,49.21,48.09,1758866628.41
601318.SH,2024-01-11,33.04,32.99,33.65,32.67,650077565.37
000333.SZ,2024-01-11,11.27,11.34,11.36,10.99,79825608.34
600036.SH,2024-01-11,104.99,105.12,107.34,102.78,4494176286.54
002415.SZ,2024-01-11,4.91,4.93,4.95,4.88,238637457.58
600276.SH,2024-01-11,20.64,20.56,20.75,20.56,586998344.0
002594.SZ,2024-01-11,89.77,89.79,90.94,88.7,3344717170.41
601012.SH,2024-01-11,159.59,159.17,161.06,156.29,6572336379.66
600887.SH,2024-01-11,109.84,109.77,109.93,108.9,3853766438.03
000002.SZ,2024-01-11,556.48,555.05,558.36,553.89,25945676146.43
600519.SH,2024-01-12,517.57,516.57,520.16,516.04,17225483117.19
000858.SZ,2024-01-12,67.77,67.89,69.41,66.54,2987066628.22
300750.SZ,2024-01-12,49.05,49.16,50.65,49.01,1681648276.81
601318.SH,2024-01-12,32.91,32.99,33.28,32.61,780515850.08
000333.SZ,2024-01-12,11.5,11.61,11.58,11.37,480434106.85
600036.SH,2024-01-12,103.32,103.62,103.86,103.28,2519019002.68
002415.SZ,2024-01-12,5.03,5.0,5.06,4.94,88685347.4
600276.SH,2024-01-12,21.53,21.64,22.21,21.16,1072056629.97
002594.SZ,2024-01-12,90.46,90.58,90.77,89.87,4514082544.1
601012.SH,2024-01-12,162.7,162.13,165.62,161.71,7493563543.89
600887.SH,2024-01-12,103.84,104.26,104.07,103.64,4167599417.62
000002.SZ,2024-01-12,552.79,554.03,557.88,552.71,13359011771.44
600519.SH,2024-01-15,489.76,493.15,491.02,485.58,15227245556.7
000858.SZ,2024-01-15,68.05,67.35,69.8,67.15,3200210059.44
300750.SZ,2024-01-15,49.93,49.55,50.46,49.56,409361028.77
601318.SH,2024-01-15,33.12,32.92,33.23,32.31,1317829184.35
000333.SZ,2024-01-15,11.4,11.37,11.61,11.13,209169782.49
600036.SH,2024-01-15,106.02,106.04,109.21,103.42,1168721792.12
002415.SZ,2024-01-15,4.99,5.01,5.03,4.95,64214093.99
600276.SH,2024-01-15,21.6,21.57,21.65,21.4,1051316638.4
002594.SZ,2024-01-15,90.51,90.32,90.68,89.14,1150683442.03
601012.SH,2024-01-15,155.91,155.96,156.02,151.92,3379415068.57
600887.SH,2024-01-15,102.87,103.4,104.26,102.83,3235247746.41
000002.SZ,2024-01-15,554.54,549.92,559.54,543.63,12678810384.94
600519.SH,2024-01-16,483.86,481.14,484.85,478.72,10732644194.76
000858.SZ,2024-01-16,67.8,68.23,68.01,67.46,321308221.32
300750.SZ,2024-01-16,51.69,51.68,52.5,50.69,2469057101.06
601318.SH,2024-01-16,32.98,33.09,33.58,32.53,1347256893.84
000333.SZ,2024-01-16,11.4,11.33,11.49,11.3,532952796.16
600036.SH,2024-01-16,105.55,104.91,109.34,104.7,4161056852.94
002415.SZ,2024-01-16,4.8,4.81,4.85,4.76,141124297.14
600276.SH,2024-01-16,22.41,22.32,23.14,22.26,351801885.68
002594.SZ,2024-01-16,90.11,90.4,90.78,89.25,918501726.06
601012.SH,2024-01-16,156.71,156.38,157.38,152.84,6804222630.09
600887.SH,2024-01-16,101.04,100.35,102.92,100.7,348141797.76
000002.SZ,2024-01-16,535.93,536.2,544.67,532.58,9800402851.19
600519.SH,2024-01-17,472.93,471.7,481.48,469.71,19563258068.87
000858.SZ,2024-01-17,70.45,70.07,72.61,69.35,967690348.14
300750.SZ,2024-01-17,53.09,52.44,54.96,52.85,107679748.0
601318.SH,2024-01-17,31.85,31.81,32.57,31.23,724282563.48
000333.SZ,2024-01-17,11.19,11.14,11.54,11.12,80601560.78
600036.SH,2024-01-17,106.93,107.92,109.11,104.9,1748067354.95
002415.SZ,2024-01-17,4.98,5.03,5.1,4.91,209925206.08
600276.SH,2024-01-17,22.11,22.22,22.36,21.83,649868519.66
002594.SZ,2024-01-17,87.68,87.01,87.86,85.53,798792123.1
601012.SH,2024-01-17,155.32,155.81,157.2,155.2,6333390160.97
600887.SH,2024-01-17,100.51,100.77,101.23,100.15,2026594507.27
000002.SZ,2024-01-17,565.67,564.63,586.89,554.62,7330071453.35
600519.SH,2024-01-18,477.51,474.38,481.56,472.42,3929365875.02
000858.SZ,2024-01-18,70.13,69.92,72.56,69.28,2789740860.7
300750.SZ,2024-01-18,52.53,52.49,52.54,52.29,1293248252.46
601318.SH,2024-01-18,31.26,31.38,32.14,30.95,1448334389.86
000333.SZ,2024-01-18,11.05,11.09,11.23,10.93,397493982.35
600036.SH,2024-01-18,106.91,106.95,108.98,104.84,2237261372.95
002415.SZ,2024-01-18,5.07,5.1,5.17,5.06,59307883.53
600276.SH,2024-01-18,21.19,21.04,21.38,21.04,818060306.73
002594.SZ,2024-01-18,88.4,88.16,88.62,87.64,384491311.56
601012.SH,2024-01-18,156.35,156.22,158.42,153.06,4367216779.15
600887.SH,2024-01-18,99.54,99.92,101.79,99.35,107459235.02
000002.SZ,2024-01-18,571.79,569.68,584.85,565.82,13060314832.68
600519.SH,2024-01-19,484.33,487.16,500.33,481.93,18655374598.93
000858.SZ,2024-01-19,67.27,67.62,67.31,64.93,3304910679.11
300750.SZ,2024-01-19,52.67,52.59,54.18,51.06,1097297857.16
601318.SH,2024-01-19,31.2,31.12,32.28,31.15,437281236.74
000333.SZ,2024-01-19,11.56,11.6,11.74,11.43,126859907.32
600036.SH,2024-01-19,107.38,107.82,107.48,104.67,1596894911.6
002415.SZ,2024-01-19,5.19,5.22,5.29,5.15,157064492.31
600276.SH,2024-01-19,20.67,20.77,20.82,20.48,495253206.82
002594.SZ,2024-01-19,90.17,89.95,91.55,89.98,2263708610.04
601012.SH,2024-01-19,160.98,161.87,161.46,160.72,3087312586.48
600887.SH,2024-01-19,101.5,101.91,103.63,98.77,4717751328.84
000002.SZ,2024-01-19,560.59,559.09,564.36,556.13,12018047972.4
600519.SH,2024-01-22,499.46,499.23,501.69,491.32,13755188785.36
000858.SZ,2024-01-22,65.2,64.9,67.21,64.47,1107395422.81
300750.SZ,2024-01-22,53.23,53.21,53.44,52.54,579819910.93
601318.SH,2024-01-22,31.46,31.28,31.84,31.37,593498173.97
000333.SZ,2024-01-22,11.51,11.43,11.58,11.5,571704300.56
600036.SH,2024-01-22,105.71,106.0,108.89,104.33,470140035.38
002415.SZ,2024-01-22,5.19,5.2,5.19,5.12,216587567.52
600276.SH,2024-01-22,20.47,20.69,20.64,20.3,221178058.96
002594.SZ,2024-01-22,94.86,94.83,97.06,90.83,3000981246.35
601012.SH,2024-01-22,166.46,167.1,166.96,164.64,3206205690.51
600887.SH,2024-01-22,106.05,106.12,107.18,102.96,1816003967.63
000002.SZ,2024-01-22,561.47,560.98,572.45,555.32,11547365811.1
600519.SH,2024-01-23,500.14,498.1,506.95,497.3,22307267059.09
000858.SZ,2024-01-23,65.75,66.23,65.76,64.24,349762079.69
300750.SZ,2024-01-23,54.28,54.25,54.64,53.21,2109721089.54
601318.SH,2024-01-23,31.81,31.94,32.11,31.57,503767769.11
000333.SZ,2024-01-23,11.19,11.08,11.24,11.19,212174585.34
600036.SH,2024-01-23,105.21,105.61,105.26,103.31,4733003371.42
002415.SZ,2024-01-23,5.32,5.32,5.49,5.28,264365923.76
600276.SH,2024-01-23,21.91,22.02,22.54,21.63,636952597.12
002594.SZ,2024-01-23,93.71,93.2,93.98,93.56,1469484779.1
601012.SH,2024-01-23,164.9,165.91,166.74,160.97,2593567381.68
600887.SH,2024-01-23,105.16,106.08,106.26,104.32,2279775761.88
000002.SZ,2024-01-23,582.23,582.61,584.68,580.69,19353670447.87
600519.SH,2024-01-24,503.33,506.34,512.98,499.03,18732072368.69
000858.SZ,2024-01-24,65.34,65.5,67.3,64.14,2659850476.29
300750.SZ,2024-01-24,54.37,54.27,54.67,54.33,2334729388.35
601318.SH,2024-01-24,31.9,32.11,32.15,31.74,292817182.57
000333.SZ,2024-01-24,11.28,11.36,11.29,11.23,374774086.56
600036.SH,2024-01-24,106.83,106.52,106.88,106.02,3425284820.62
002415.SZ,2024-01-24,5.42,5.41,5.45,5.38,112961830.87
600276.SH,2024-01-24,22.46,22.44,22.5,22.17,118398727.18
002594.SZ,2024-01-24,97.34,96.6,97.78,96.86,869776007.26
601012.SH,2024-01-24,163.89,163.82,164.6,162.35,2667045026.81
600887.SH,2024-01-24,104.91,104.97,105.84,103.62,2868278314.36
000002.SZ,2024-01-24,576.99,572.87,585.06,573.23,4553247858.54
600519.SH,2024-01-25,507.85,509.16,509.86,498.65,20646648045.2
000858.SZ,2024-01-25,66.7,66.58,66.92,66.01,2450900198.34
300750.SZ,2024-01-25,55.21,54.81,56.02,54.06,154178483.55
601318.SH,2024-01-25,31.9,31.91,32.01,31.65,1405558509.89
000333.SZ,2024-01-25,11.04,11.01,11.05,10.97,469917963.0
600036.SH,2024-01-25,104.19,103.57,105.06,103.71,1313353482.3
002415.SZ,2024-01-25,5.3,5.27,5.41,5.29,730313.82
600276.SH,2024-01-25,22.08,22.0,22.26,21.73,831313143.29
002594.SZ,2024-01-25,96.82,96.81,97.01,93.72,1770881881.46
601012.SH,2024-01-25,168.19,166.86,169.7,165.88,3981892699.35
600887.SH,2024-01-25,106.89,106.42,108.42,106.26,1001612901.56
000002.SZ,2024-01-25,556.28,557.44,557.45,549.58,21940732068.07
600519.SH,2024-01-26,489.92,486.9,491.03,489.52,10808642019.8
000858.SZ,2024-01-26,66.27,66.4,66.8,65.63,90406445.61
300750.SZ,2024-01-26,56.26,55.84,56.73,55.36,1258159469.47
601318.SH,2024-01-26,31.79,31.61,32.17,31.24,1494915581.75
000333.SZ,2024-01-26,11.05,11.1,11.17,10.92,441733558.74
600036.SH,2024-01-26,103.29,103.12,104.43,102.12,1998153183.63
002415.SZ,2024-01-26,5.41,5.38,5.49,5.37,6883826.54
600276.SH,2024-01-26,22.28,22.42,22.47,22.24,1005955866.22
002594.SZ,2024-01-26,96.51,96.64,96.76,94.35,1852182141.9
601012.SH,2024-01-26,162.46,162.39,163.98,157.69,6232882603.22
600887.SH,2024-01-26,107.39,107.2,108.21,106.33,680509393.12
000002.SZ,2024-01-26,551.39,547.09,571.91,543.38,27249076212.2
600519.SH,2024-01-29,491.93,487.36,493.29,487.05,15557202186.93
000858.SZ,2024-01-29,63.69,63.12,63.72,63.24,2874208747.46
300750.SZ,2024-01-29,58.61,58.56,59.36,57.76,1736526592.87
601318.SH,2024-01-29,31.91,31.88,31.94,30.93,44834805.71
000333.SZ,2024-01-29,11.37,11.35,11.38,11.29,191763787.55
600036.SH,2024-01-29,105.15,104.51,105.76,104.51,4277200096.89
002415.SZ,2024-01-29,5.53,5.52,5.53,5.45,84466532.55
600276.SH,2024-01-29,22.03,22.09,22.43,22.03,1079038953.16
002594.SZ,2024-01-29,95.03,95.69,95.17,93.27,4702519463.74
601012.SH,2024-01-29,156.99,157.7,157.84,154.64,7493821261.08
600887.SH,2024-01-29,109.36,109.21,112.65,106.42,5426301283.05
000002.SZ,2024-01-29,555.99,553.18,564.01,552.05,15234812719.48
600519.SH,2024-01-30,499.37,493.57,509.85,492.88,22330408976.81
000858.SZ,2024-01-30,62.25,62.85,62.4,61.37,509862728.99
300750.SZ,2024-01-30,58.56,58.76,59.36,57.34,1479011706.38
601318.SH,2024-01-30,31.01,30.94,31.58,30.61,1123042999.87
000333.SZ,2024-01-30,10.89,10.92,11.02,10.8,277858590.73
600036.SH,2024-01-30,105.22,104.48,106.8,102.79,2574213679.92
002415.SZ,2024-01-30,5.33,5.34,5.43,5.24,123432365.49
600276.SH,2024-01-30,23.94,24.03,24.67,23.87,488715129.9
002594.SZ,2024-01-30,96.24,96.25,96.79,93.92,259089481.7
601012.SH,2024-01-30,161.92,163.2,164.63,159.5,4691431257.78
600887.SH,2024-01-30,111.88,112.35,113.89,111.26,4308234078.16
000002.SZ,2024-01-30,559.71,565.56,560.95,558.07,20645649158.02
600519.SH,2024-01-31,486.06,487.38,492.96,485.82,22897203359.31
000858.SZ,2024-01-31,62.66,62.63,64.08,61.95,1525071003.96
300750.SZ,2024-01-31,61.1,61.1,61.37,60.12,751430155.3
601318.SH,2024-01-31,30.33,30.26,30.4,29.86,733768861.6
000333.SZ,2024-01-31,11.19,11.25,11.27,11.12,554334808.39
600036.SH,2024-01-31,104.76,105.69,105.93,104.71,3272629944.21
002415.SZ,2024-01-31,5.45,5.45,5.5,5.38,23878002.25
600276.SH,2024-01-31,23.56,23.84,23.61,23.12,727814905.19
002594.SZ,2024-01-31,98.8,98.39,99.26,95.69,78441041.86
601012.SH,2024-01-31,167.26,167.27,168.71,166.51,6910247795.44
600887.SH,2024-01-31,111.39,111.47,114.78,110.63,2397958078.68
000002.SZ,2024-01-31,561.5,561.8,566.5,553.1,3190007671.14
600519.SH,2024-02-01,493.09,498.6,501.61,483.9,13740455709.35
000858.SZ,2024-02-01,63.74,63.64,64.24,61.84,173165580.11
300750.SZ,2024-02-01,63.28,63.61,64.79,62.96,209593494.97
601318.SH,2024-02-01,30.28,30.45,30.55,30.01,298048760.22
000333.SZ,2024-02-01,11.16,11.16,11.32,11.05,557257955.34
600036.SH,2024-02-01,105.07,104.63,105.39,103.05,1600789338.51
002415.SZ,2024-02-01,5.5,5.47,5.53,5.45,139750285.44
600276.SH,2024-02-01,22.74,22.81,23.04,22.3,1041272278.91
002594.SZ,2024-02-01,100.39,99.91,100.49,99.46,3033724979.48
601012.SH,2024-02-01,172.3,173.83,173.99,169.96,7619018626.79
600887.SH,2024-02-01,111.94,113.31,113.34,110.52,2599264967.0
000002.SZ,2024-02-01,567.51,570.86,574.97,561.16,17500013047.92
600519.SH,2024-02-02,487.89,486.53,491.58,475.61,16823711672.79
000858.SZ,2024-02-02,64.34,64.85,65.03,63.84,2791003230.32
300750.SZ,2024-02-02,63.14,63.54,63.37,62.31,172876353.52
601318.SH,2024-02-02,30.43,30.34,30.5,30.22,78218285.15
000333.SZ,2024-02-02,10.98,11.04,11.51,10.89,90466117.08
600036.SH,2024-02-02,106.52,106.75,108.93,103.09,2285752223.67
002415.SZ,2024-02-02,5.67,5.69,5.72,5.63,73850756.94
600276.SH,2024-02-02,22.55,22.38,22.66,22.38,714552125.12
002594.SZ,2024-02-02,100.85,100.68,101.49,100.43,1750231761.15
601012.SH,2024-02-02,177.31,179.07,178.39,173.77,5573227237.94
600887.SH,2024-02-02,111.51,110.75,112.29,111.17,198807303.29
000002.SZ,2024-02-02,552.89,551.52,557.39,531.08,4142914946.31
600519.SH,2024-02-05,494.94,496.14,497.67,484.99,20553885948.32
000858.SZ,2024-02-05,64.07,63.97,64.68,62.76,2344504029.56
300750.SZ,2024-02-05,63.72,63.58,64.55,62.52,32832790.49
601318.SH,2024-02-05,30.39,30.51,30.59,30.28,1404810563.6
000333.SZ,2024-02-05,11.09,11.05,11.17,10.93,53470567.39
600036.SH,2024-02-05,106.34,106.12,108.35,103.43,1272736986.94
002415.SZ,2024-02-05,5.6,5.58,5.68,5.57,16181788.5
600276.SH,2024-02-05,23.14,23.0,23.64,23.0,61476743.89
002594.SZ,2024-02-05,100.45,100.35,100.66,98.42,3827835608.69
601012.SH,2024-02-05,180.55,181.18,185.35,179.94,5779869386.45
600887.SH,2024-02-05,116.28,116.52,118.01,113.28,4267092201.38
000002.SZ,2024-02-05,544.47,545.68,550.8,536.5,24971070677.22
600519.SH,2024-02-06,493.46,495.6,497.86,493.18,22097313936.96
000858.SZ,2024-02-06,64.23,64.67,64.75,64.21,3039613076.02
300750.SZ,2024-02-06,63.42,63.43,64.68,63.27,2155881390.89
601318.SH,2024-02-06,30.82,30.82,30.91,30.29,814134725.24
000333.SZ,2024-02-06,10.81,10.86,11.09,10.54,107810145.84
600036.SH,2024-02-06,103.44,103.01,105.72,103.35,3177482976.27
002415.SZ,2024-02-06,5.54,5.56,5.59,5.52,75167175.69
600276.SH,2024-02-06,23.27,23.29,23.43,23.26,233543194.4
002594.SZ,2024-02-06,101.9,101.16,102.3,100.87,2596302718.49
601012.SH,2024-02-06,183.31,183.39,185.56,181.09,554712454.46
600887.SH,2024-02-06,115.51,115.58,116.03,114.92,5435512733.57
000002.SZ,2024-02-06,520.36,514.28,527.86,511.84,2872043099.99
600519.SH,2024-02-07,501.49,495.72,506.36,487.05,1475663428.53
000858.SZ,2024-02-07,63.1,62.77,63.37,62.55,1913478885.88
300750.SZ,2024-02-07,64.01,63.99,64.69,63.14,2816348715.64
601318.SH,2024-02-07,30.79,30.97,30.88,30.5,938913505.53
000333.SZ,2024-02-07,10.55,10.53,10.65,10.51,92127348.68
600036.SH,2024-02-07,104.37,104.2,105.27,101.73,745050369.18
002415.SZ,2024-02-07,5.58,5.54,5.59,5.54,61224152.13
600276.SH,2024-02-07,23.79,23.96,23.97,23.6,168143728.01
002594.SZ,2024-02-07,102.49,101.95,102.57,99.65,4215058309.85
601012.SH,2024-02-07,192.64,191.66,194.17,189.69,6315240845.82
600887.SH,2024-02-07,113.1,112.74,116.58,112.93,3583250135.76
000002.SZ,2024-02-07,547.35,547.04,551.51,547.0,892313628.02
600519.SH,2024-02-08,523.46,523.17,540.64,523.23,19070756899.21
000858.SZ,2024-02-08,62.65,62.6,63.57,62.3,1196961588.01
300750.SZ,2024-02-08,62.07,61.79,62.21,61.45,1981961965.81
601318.SH,2024-02-08,30.46,30.45,30.58,30.14,1033864817.17
000333.SZ,2024-02-08,10.47,10.42,10.5,10.2,355609343.73
600036.SH,2024-02-08,105.92,106.18,109.79,105.74,253185445.13
002415.SZ,2024-02-08,5.66,5.69,5.89,5.63,60646970.95
600276.SH,2024-02-08,24.17,24.11,24.26,23.86,510958312.3
002594.SZ,2024-02-08,97.95,97.82,98.91,94.69,486443373.73
601012.SH,2024-02-08,183.24,182.68,187.82,181.5,3630874051.82
600887.SH,2024-02-08,113.66,113.94,116.28,113.36,5106728588.67
000002.SZ,2024-02-08,565.81,562.24,569.81,549.23,19267969384.86
600519.SH,2024-02-09,525.69,519.46,531.65,512.11,9265078268.04
000858.SZ,2024-02-09,65.57,65.92,65.66,65.44,881491434.39
300750.SZ,2024-02-09,60.35,60.03,61.68,60.34,1332649472.34
601318.SH,2024-02-09,30.54,30.52,30.63,29.5,614792230.27
000333.SZ,2024-02-09,10.78,10.76,10.84,10.72,279552775.2
600036.SH,2024-02-09,106.36,106.16,107.36,106.19,1615707724.47
002415.SZ,2024-02-09,5.86,5.9,5.87,5.83,262493571.53
600276.SH,2024-02-09,24.75,24.76,24.99,24.75,295327453.72
002594.SZ,2024-02-09,97.28,96.76,98.94,95.38,3847265607.67
601012.SH,2024-02-09,182.01,181.89,184.43,180.53,7772954643.03
600887.SH,2024-02-09,109.86,108.71,111.17,108.97,4069549139.3
000002.SZ,2024-02-09,567.19,565.51,577.19,559.29,14885434766.09
600519.SH,2024-02-12,551.6,555.97,560.09,536.04,1093060905.38
000858.SZ,2024-02-12,62.99,63.24,63.66,61.92,2472889924.28
300750.SZ,2024-02-12,60.22,60.17,60.76,59.91,884643374.47
601318.SH,2024-02-12,31.38,31.48,31.45,31.15,1209895316.47
000333.SZ,2024-02-12,10.87,10.9,10.95,10.81,28376903.07
600036.SH,2024-02-12,101.77,101.82,101.88,100.86,1690416387.11
002415.SZ,2024-02-12,5.85,5.86,5.85,5.81,1094517.22
600276.SH,2024-02-12,25.11,25.17,25.34,24.73,807224234.58
002594.SZ,2024-02-12,97.82,97.93,97.87,97.01,106678303.57
601012.SH,2024-02-12,180.8,180.95,181.62,178.54,3562280858.15
600887.SH,2024-02-12,110.0,110.16,111.92,108.4,900837065.68
000002.SZ,2024-02-12,587.54,588.84,593.8,573.34,7847939161.76
600519.SH,2024-02-13,539.87,537.71,540.98,537.99,242415517.56
000858.SZ,2024-02-13,65.62,66.26,65.75,64.71,1381037691.68
300750.SZ,2024-02-13,59.41,59.7,59.73,57.96,2935745495.6
601318.SH,2024-02-13,31.45,31.47,32.25,31.4,1462906541.58
000333.SZ,2024-02-13,10.84,10.81,10.95,10.72,239059957.94
600036.SH,2024-02-13,104.04,104.14,107.23,101.25,1353774002.7
002415.SZ,2024-02-13,6.05,6.03,6.07,5.99,264280423.92
600276.SH,2024-02-13,25.04,24.99,25.09,24.6,971629702.46
002594.SZ,2024-02-13,93.43,93.13,94.23,93.13,3906836756.74
601012.SH,2024-02-13,178.99,178.34,180.92,178.63,4734502084.26
600887.SH,2024-02-13,105.85,105.18,106.21,104.7,1283271899.07
000002.SZ,2024-02-13,558.52,561.79,561.11,545.4,12930662212.95
600519.SH,2024-02-14,534.55,531.02,535.52,524.35,14342464090.08
000858.SZ,2024-02-14,65.18,64.82,65.52,63.48,2276578495.6
300750.SZ,2024-02-14,59.19,58.68,59.5,58.56,1993886603.87
601318.SH,2024-02-14,30.19,30.09,30.47,30.18,824094241.56
000333.SZ,2024-02-14,11.01,11.0,11.06,11.01,158710076.53
600036.SH,2024-02-14,108.47,108.3,109.55,107.78,3010679635.43
002415.SZ,2024-02-14,6.0,6.02,6.07,5.84,106002162.19
600276.SH,2024-02-14,26.14,26.29,26.33,25.9,1200071800.62
002594.SZ,2024-02-14,89.65,89.79,90.42,88.06,2325122213.93
601012.SH,2024-02-14,182.92,181.1,186.69,182.57,6659932778.41
600887.SH,2024-02-14,107.95,107.85,109.97,106.58,1516214269.13
000002.SZ,2024-02-14,559.55,556.94,562.63,547.48,10184079767.31
600519.SH,2024-02-15,536.69,536.55,541.01,534.09,14532837168.08
000858.SZ,2024-02-15,65.5,65.18,66.49,65.21,233473305.56
300750.SZ,2024-02-15,57.76,57.6,58.48,56.84,2486152025.94
601318.SH,2024-02-15,29.16,28.8,29.57,28.64,632558440.57
000333.SZ,2024-02-15,11.29,11.31,11.45,11.23,375983889.29
600036.SH,2024-02-15,109.97,110.18,110.44,109.25,4461871295.05
002415.SZ,2024-02-15,6.08,6.08,6.21,5.93,40658940.67
600276.SH,2024-02-15,25.95,25.67,26.06,25.37,386602742.8
002594.SZ,2024-02-15,87.69,88.29,88.56,84.99,2542674066.28
601012.SH,2024-02-15,178.87,179.26,179.4,173.41,2501195797.08
600887.SH,2024-02-15,104.23,104.53,104.87,104.15,3684161373.35
000002.SZ,2024-02-15,546.71,547.63,548.28,540.1,20073428119.94
600519.SH,2024-02-16,545.32,549.69,545.54,544.52,20202041044.44
000858.SZ,2024-02-16,66.35,66.36,66.75,65.45,514834815.33
300750.SZ,2024-02-16,57.42,56.78,57.51,56.12,2619866048.61
601318.SH,2024-02-16,30.3,30.38,30.31,30.08,651582963.51
000333.SZ,2024-02-16,11.13,11.13,11.19,11.11,81625214.21
600036.SH,2024-02-16,110.49,109.54,112.22,108.32,2199455324.56
002415.SZ,2024-02-16,6.34,6.31,6.43,6.32,245413748.15
600276.SH,2024-02-16,27.14,27.14,27.9,26.96,136371907.64
002594.SZ,2024-02-16,90.88,90.32,91.14,89.8,4266044844.94
601012.SH,2024-02-16,185.28,184.72,185.8,184.32,648152255.98
600887.SH,2024-02-16,101.91,101.78,104.3,99.9,5051260555.4
000002.SZ,2024-02-16,542.74,541.91,555.66,537.7,2284272579.13
600519.SH,2024-02-19,536.91,537.3,541.87,535.82,4300099739.23
000858.SZ,2024-02-19,68.82,68.43,68.95,67.93,502229459.85
300750.SZ,2024-02-19,55.53,55.78,55.93,54.01,592682376.28
601318.SH,2024-02-19,29.98,30.09,30.45,29.62,725674807.65
000333.SZ,2024-02-19,10.97,10.91,11.05,10.91,375941753.61
600036.SH,2024-02-19,108.35,107.65,109.43,107.94,3022337243.78
002415.SZ,2024-02-19,6.21,6.23,6.33,6.13,138303642.53
600276.SH,2024-02-19,28.29,28.45,28.89,27.8,116572101.88
002594.SZ,2024-02-19,92.73,91.73,93.14,92.35,2409411716.65
601012.SH,2024-02-19,186.19,185.47,189.61,183.22,186616423.99
600887.SH,2024-02-19,98.94,98.62,99.36,96.99,1301980361.13
000002.SZ,2024-02-19,535.96,532.24,547.83,531.67,20581182485.86
600519.SH,2024-02-20,540.56,538.82,542.53,533.77,3006473653.8
000858.SZ,2024-02-20,68.46,67.97,69.27,68.0,2253016580.38
300750.SZ,2024-02-20,55.41,55.2,55.96,54.19,374348876.99
601318.SH,2024-02-20,29.61,29.68,29.81,29.01,263162452.78
000333.SZ,2024-02-20,11.07,11.05,11.15,11.05,170922367.57
600036.SH,2024-02-20,108.8,108.68,113.64,108.64,1758508297.17
002415.SZ,2024-02-20,6.32,6.3,6.36,6.29,78163367.09
600276.SH,2024-02-20,29.01,28.96,29.08,28.66,871332231.44
002594.SZ,2024-02-20,94.35,94.27,96.62,94.19,1353952513.99
601012.SH,2024-02-20,185.03,186.73,185.92,183.02,773888926.91
600887.SH,2024-02-20,99.18,99.01,99.86,98.51,3854436155.75
000002.SZ,2024-02-20,500.35,498.8,501.36,488.99,2976201830.9
600519.SH,2024-02-21,533.5,533.86,539.0,526.76,1560194925.13
000858.SZ,2024-02-21,69.99,69.86,70.91,69.53,2356018095.7
300750.SZ,2024-02-21,55.44,55.74,56.1,54.68,171417245.53
601318.SH,2024-02-21,28.76,28.74,28.77,28.02,519300139.62
000333.SZ,2024-02-21,10.75,10.68,11.38,10.7,74542573.29
600036.SH,2024-02-21,107.92,107.15,108.97,107.86,3133549954.57
002415.SZ,2024-02-21,6.22,6.23,6.28,6.1,303956029.01
600276.SH,2024-02-21,28.46,28.13,28.87,28.3,636274414.12
002594.SZ,2024-02-21,96.87,96.45,98.55,96.44,1924267808.56
601012.SH,2024-02-21,192.24,194.03,194.04,189.98,5901489041.89
600887.SH,2024-02-21,100.3,99.34,100.43,97.79,669098815.3
000002.SZ,2024-02-21,488.06,489.28,490.49,483.41,1742126262.19
600519.SH,2024-02-22,555.76,551.84,558.82,544.5,21424983024.52
000858.SZ,2024-02-22,72.58,72.28,72.73,70.78,3478673559.06
300750.SZ,2024-02-22,55.4,55.48,55.58,54.95,2382309269.18
601318.SH,2024-02-22,29.31,29.4,29.79,28.93,141257694.21
000333.SZ,2024-02-22,10.54,10.55,10.85,10.24,297312039.55
600036.SH,2024-02-22,105.26,105.37,108.6,104.44,832116601.98
002415.SZ,2024-02-22,6.51,6.51,6.65,6.45,30167042.75
600276.SH,2024-02-22,28.91,28.87,29.01,28.75,1148158287.24
002594.SZ,2024-02-22,97.03,97.3,98.88,95.38,2541547495.29
601012.SH,2024-02-22,193.73,193.8,195.33,192.81,8658614286.53
600887.SH,2024-02-22,100.7,101.46,101.11,99.4,2134327242.48
000002.SZ,2024-02-22,497.01,498.38,504.26,495.01,24545726695.42
600519.SH,2024-02-23,572.17,568.99,580.51,567.95,9308077236.78
000858.SZ,2024-02-23,75.62,75.37,75.73,75.57,2828458153.6
300750.SZ,2024-02-23,54.21,54.35,54.41,53.73,2218946981.76
601318.SH,2024-02-23,29.32,29.44,29.8,28.8,1202773816.14
000333.SZ,2024-02-23,10.56,10.51,10.69,10.5,506514872.76
600036.SH,2024-02-23,101.39,100.81,101.99,101.28,3880158772.27
002415.SZ,2024-02-23,6.79,6.79,6.85,6.77,261497792.95
600276.SH,2024-02-23,29.08,28.98,29.16,28.87,356407484.23
002594.SZ,2024-02-23,93.47,94.0,94.92,92.84,251918558.46
601012.SH,2024-02-23,194.18,193.14,194.62,191.83,3019036091.43
600887.SH,2024-02-23,99.71,100.17,100.93,96.85,2851875225.91
000002.SZ,2024-02-23,482.42,480.15,490.14,470.96,6767212281.55
600519.SH,2024-02-26,590.95,587.39,596.69,585.4,21626798490.71
000858.SZ,2024-02-26,76.29,76.44,76.49,75.01,2327148203.69
300750.SZ,2024-02-26,54.69,54.09,55.93,54.67,1686860654.89
601318.SH,2024-02-26,30.27,30.28,30.39,30.18,650591174.45
000333.SZ,2024-02-26,10.98,10.98,11.0,10.97,414318570.68
600036.SH,2024-02-26,101.62,101.74,103.21,101.43,3638413686.53
002415.SZ,2024-02-26,6.65,6.72,6.78,6.53,130626539.99
600276.SH,2024-02-26,28.75,28.91,29.09,28.66,803336241.57
002594.SZ,2024-02-26,94.64,94.95,98.79,94.14,2387666638.84
601012.SH,2024-02-26,192.55,194.29,193.28,191.38,2971052525.64
600887.SH,2024-02-26,100.48,100.1,104.15,100.37,4675965470.87
000002.SZ,2024-02-26,497.2,501.41,500.64,491.69,16146672915.91
600519.SH,2024-02-27,612.26,611.23,627.84,609.21,7029101976.86
000858.SZ,2024-02-27,74.73,74.9,75.11,73.39,227694403.12
300750.SZ,2024-02-27,54.38,54.65,55.51,53.25,1396001219.53
601318.SH,2024-02-27,31.23,31.24,32.11,30.98,328608644.33
000333.SZ,2024-02-27,10.82,10.78,11.16,10.71,2523709.58
600036.SH,2024-02-27,101.57,101.59,103.59,100.82,4139867346.7
002415.SZ,2024-02-27,6.72,6.7,6.81,6.66,225687035.01
600276.SH,2024-02-27,29.7,29.77,30.23,29.65,170165856.35
002594.SZ,2024-02-27,93.62,93.28,95.22,91.18,4654494572.18
601012.SH,2024-02-27,196.34,196.54,196.59,194.7,1065494996.05
600887.SH,2024-02-27,100.45,100.31,100.74,99.9,3032021670.1
000002.SZ,2024-02-27,503.7,502.83,507.76,503.04,17299168946.04
600519.SH,2024-02-28,611.75,605.82,618.13,594.0,29886789628.42
000858.SZ,2024-02-28,75.21,74.84,75.7,74.43,2342039620.2
300750.SZ,2024-02-28,52.83,52.45,53.82,52.69,2567303454.8
601318.SH,2024-02-28,30.56,30.71,31.07,30.21,962011556.83
000333.SZ,2024-02-28,10.55,10.53,10.59,10.52,472968201.9
600036.SH,2024-02-28,101.43,101.34,102.3,101.32,3925226869.91
002415.SZ,2024-02-28,6.74,6.78,6.9,6.59,62140277.53
600276.SH,2024-02-28,29.92,29.84,30.27,29.56,489444784.44
002594.SZ,2024-02-28,94.97,94.71,94.98,94.51,635305857.84
601012.SH,2024-02-28,188.82,188.03,189.26,188.3,627979308.87
600887.SH,2024-02-28,101.68,100.59,102.59,100.81,245090698.4
000002.SZ,2024-02-28,497.97,495.68,503.21,493.25,19200455569.47
600519.SH,2024-02-29,589.12,590.0,599.12,574.91,26161126916.0
000858.SZ,2024-02-29,73.91,73.96,75.76,73.35,1746574141.49
300750.SZ,2024-02-29,53.84,53.86,53.95,52.8,1355895498.02
601318.SH,2024-02-29,29.58,29.39,29.77,29.44,1355529625.12
000333.SZ,2024-02-29,10.93,10.88,11.04,10.83,278185014.24
600036.SH,2024-02-29,98.42,98.74,99.81,98.06,2167481869.46
002415.SZ,2024-02-29,6.71,6.65,6.71,6.69,134818179.53
600276.SH,2024-02-29,30.12,29.72,30.52,29.61,651673330.72
002594.SZ,2024-02-29,92.86,93.52,93.73,92.8,47379262.13
601012.SH,2024-02-29,184.57,182.5,184.79,183.48,6650167897.91
600887.SH,2024-02-29,103.18,103.12,103.68,102.62,22894975.24
000002.SZ,2024-02-29,491.91,494.93,494.94,487.94,8718206031.48
600519.SH,2024-03-01,576.76,577.12,577.38,569.93,10731076601.05
000858.SZ,2024-03-01,73.84,74.19,74.46,72.27,1189421529.31
300750.SZ,2024-03-01,54.05,54.22,54.47,53.76,190908899.97
601318.SH,2024-03-01,30.06,30.18,30.91,29.55,1499680599.79
000333.SZ,2024-03-01,10.77,10.71,10.84,10.69,430668972.51
600036.SH,2024-03-01,100.97,102.22,101.5,100.53,2638729882.52
002415.SZ,2024-03-01,6.66,6.68,6.67,6.57,170706125.56
600276.SH,2024-03-01,28.96,29.13,29.46,28.5,864675289.09
002594.SZ,2024-03-01,90.67,90.42,92.82,89.88,1190165072.62
601012.SH,2024-03-01,185.86,185.16,186.56,181.2,5520340721.49
600887.SH,2024-03-01,103.37,103.39,105.0,103.21,1702518012.22
000002.SZ,2024-03-01,464.47,468.15,465.79,463.88,17221372934.28
600519.SH,2024-03-04,557.76,555.91,569.71,540.22,25694635632.17
000858.SZ,2024-03-04,74.18,74.54,74.68,72.46,2080694554.47
300750.SZ,2024-03-04,54.64,54.21,54.71,53.96,1955315790.67
601318.SH,2024-03-04,29.0,28.99,29.23,27.78,1290522270.17
000333.SZ,2024-03-04,10.88,10.82,11.07,10.81,100422993.8
600036.SH,2024-03-04,100.64,100.25,102.43,99.48,801898846.28
002415.SZ,2024-03-04,6.67,6.69,6.75,6.62,254897931.49
600276.SH,2024-03-04,28.98,28.94,29.11,28.28,1299575497.0
002594.SZ,2024-03-04,91.43,91.25,92.02,89.99,2466435238.3
601012.SH,2024-03-04,186.24,186.08,188.68,185.41,935235387.44
600887.SH,2024-03-04,105.48,106.28,106.14,105.14,412640335.03
000002.SZ,2024-03-04,465.36,468.45,470.6,453.59,8224636922.38
600519.SH,2024-03-05,573.18,573.67,574.29,572.57,24519894067.38
000858.SZ,2024-03-05,74.22,73.92,74.59,72.94,557562873.81
300750.SZ,2024-03-05,54.2,54.22,55.65,52.53,1667274359.91
601318.SH,2024-03-05,27.18,27.22,27.7,27.17,1196578202.2
000333.SZ,2024-03-05,11.1,11.15,11.41,11.01,336413658.6
600036.SH,2024-03-05,102.07,103.02,102.31,99.89,2040642401.92
002415.SZ,2024-03-05,6.4,6.37,6.43,6.31,50934218.15
600276.SH,2024-03-05,27.47,27.62,27.83,26.83,807210093.91
002594.SZ,2024-03-05,91.36,91.96,92.83,88.86,3850458168.44
601012.SH,2024-03-05,181.84,181.43,183.81,177.45,7444904123.82
600887.SH,2024-03-05,104.82,105.71,105.74,102.3,2442180047.57
000002.SZ,2024-03-05,482.23,484.78,482.89,481.18,1529766377.76
600519.SH,2024-03-06,572.34,569.31,576.25,558.26,17191518266.38
000858.SZ,2024-03-06,74.73,74.5,74.94,74.03,828253501.22
300750.SZ,2024-03-06,54.77,54.82,55.11,54.36,2512344029.96
601318.SH,2024-03-06,27.45,27.4,27.91,27.39,985847539.41
000333.SZ,2024-03-06,10.48,10.49,10.55,10.36,259682885.4
600036.SH,2024-03-06,103.7,103.62,103.95,103.56,787302627.34
002415.SZ,2024-03-06,6.76,6.81,6.87,6.73,21258827.02
600276.SH,2024-03-06,27.32,27.49,27.69,27.24,441070537.93
002594.SZ,2024-03-06,93.78,93.22,93.94,93.07,4577545841.63
601012.SH,2024-03-06,186.37,187.3,186.96,186.32,1474330591.76
600887.SH,2024-03-06,109.31,109.82,113.13,106.37,5089118553.71
000002.SZ,2024-03-06,476.18,477.48,477.37,474.45,18621710428.04
600519.SH,2024-03-07,596.85,595.58,601.48,590.33,64790438.18
000858.SZ,2024-03-07,71.81,71.24,72.91,71.62,3491427898.92
300750.SZ,2024-03-07,55.1,55.32,56.18,54.35,172670654.28
601318.SH,2024-03-07,27.77,27.73,28.01,26.82,867905975.38
000333.SZ,2024-03-07,10.44,10.43,10.54,10.27,185004950.65
600036.SH,2024-03-07,100.93,101.2,101.44,100.66,667968152.41
002415.SZ,2024-03-07,6.96,7.05,7.2,6.95,101000102.52
600276.SH,2024-03-07,26.65,26.4,26.87,26.2,142864401.48
002594.SZ,2024-03-07,93.75,94.0,95.7,92.56,4098077149.01
601012.SH,2024-03-07,187.45,188.96,192.46,186.75,8756846480.56
600887.SH,2024-03-07,108.46,108.76,108.86,108.29,3256294050.71
000002.SZ,2024-03-07,474.75,475.28,481.93,470.85,21951148761.81
600519.SH,2024-03-08,593.44,592.54,604.59,570.67,13861082715.16
000858.SZ,2024-03-08,70.68,70.8,70.73,70.52,3507876438.32
300750.SZ,2024-03-08,54.06,54.16,54.71,53.93,2533566779.22
601318.SH,2024-03-08,28.19,28.15,28.34,27.84,112070587.1
000333.SZ,2024-03-08,10.72,10.68,10.98,10.69,322001752.64
600036.SH,2024-03-08,101.6,101.49,102.9,98.95,3993573871.81
002415.SZ,2024-03-08,6.86,6.87,7.06,6.81,166547853.95
600276.SH,2024-03-08,26.75,26.57,27.38,26.6,843548084.0
002594.SZ,2024-03-08,98.78,98.64,99.01,97.48,4425758492.24
601012.SH,2024-03-08,188.38,189.39,189.71,187.0,7976301631.12
600887.SH,2024-03-08,104.71,105.0,107.73,104.7,509320680.64
000002.SZ,2024-03-08,449.96,450.82,450.66,444.02,11350833875.53
600519.SH,2024-03-11,610.38,614.06,627.48,598.07,16383361950.76
000858.SZ,2024-03-11,68.76,69.04,68.89,68.28,3277039966.7
300750.SZ,2024-03-11,53.91,53.74,55.03,53.87,1641773033.46
601318.SH,2024-03-11,27.74,27.79,27.98,27.58,22875698.09
000333.SZ,2024-03-11,10.68,10.67,10.98,10.57,278634029.04
600036.SH,2024-03-11,105.42,104.79,105.64,104.06,243993672.21
002415.SZ,2024-03-11,6.97,7.03,7.17,6.86,84850621.23
600276.SH,2024-03-11,26.66,26.53,26.68,26.12,1170624623.04
002594.SZ,2024-03-11,97.16,97.3,97.69,97.08,1537056961.07
601012.SH,2024-03-11,180.49,179.65,181.15,177.18,3712802688.24
600887.SH,2024-03-11,105.55,106.29,106.35,104.77,2615903136.99
000002.SZ,2024-03-11,450.1,446.59,458.14,436.38,18439996709.44
600519.SH,2024-03-12,582.93,584.52,584.8,566.82,17368061781.22
000858.SZ,2024-03-12,67.49,67.74,68.7,64.43,2405331877.31
300750.SZ,2024-03-12,51.98,51.99,52.14,51.21,1423783304.15
601318.SH,2024-03-12,27.36,27.4,27.38,27.29,295788995.13
000333.SZ,2024-03-12,10.79,10.82,10.97,10.74,61113001.07
600036.SH,2024-03-12,101.44,101.7,101.44,99.73,1613707919.4
002415.SZ,2024-03-12,6.96,7.0,7.18,6.83,315913902.78
600276.SH,2024-03-12,26.13,25.94,26.36,25.83,1275746140.81
002594.SZ,2024-03-12,99.19,99.26,100.02,98.06,46798266.15
601012.SH,2024-03-12,182.86,183.5,184.81,178.68,6149842615.07
600887.SH,2024-03-12,107.02,106.29,109.3,106.57,3021898845.99
000002.SZ,2024-03-12,437.58,437.85,443.86,430.94,17968247441.27
600519.SH,2024-03-13,561.26,559.89,564.62,554.79,8199197162.94
000858.SZ,2024-03-13,70.12,69.03,71.47,68.96,64903332.85
300750.SZ,2024-03-13,51.76,51.98,51.85,51.55,933296089.7
601318.SH,2024-03-13,26.53,26.56,27.08,25.89,205471334.63
000333.SZ,2024-03-13,10.63,10.67,10.76,10.45,190367713.59
600036.SH,2024-03-13,104.76,104.44,107.65,104.49,4115401056.97
002415.SZ,2024-03-13,6.78,6.76,6.92,6.77,90015452.71
600276.SH,2024-03-13,26.62,26.52,27.0,26.43,402569873.45
002594.SZ,2024-03-13,94.3,94.68,95.61,93.36,1424582625.99
601012.SH,2024-03-13,192.38,191.23,194.29,189.56,3735348070.48
600887.SH,2024-03-13,107.24,107.05,107.52,106.71,2836689358.24
000002.SZ,2024-03-13,431.65,430.92,439.53,421.13,18237498341.94
600519.SH,2024-03-14,547.79,544.3,552.07,546.97,401475459.1
000858.SZ,2024-03-14,66.9,66.44,67.99,66.26,517082415.29
300750.SZ,2024-03-14,51.19,51.36,51.29,50.62,1192103312.66
601318.SH,2024-03-14,25.94,26.03,26.15,25.67,151664078.03
000333.SZ,2024-03-14,10.75,10.78,10.82,10.48,336770254.51
600036.SH,2024-03-14,104.55,103.74,104.68,103.22,4083783487.07
002415.SZ,2024-03-14,6.78,6.78,6.79,6.7,155066314.81
600276.SH,2024-03-14,26.99,27.04,27.48,26.98,133950892.72
002594.SZ,2024-03-14,97.37,97.18,98.66,97.27,2275498751.62
601012.SH,2024-03-14,189.32,190.49,195.7,186.99,6450369714.48
600887.SH,2024-03-14,104.12,103.6,106.81,101.72,2608777466.9
000002.SZ,2024-03-14,435.96,439.67,441.43,435.86,3495296722.38
600519.SH,2024-03-15,535.88,538.34,547.77,521.91,19930385896.41
000858.SZ,2024-03-15,63.75,63.72,63.8,63.61,344114225.79
300750.SZ,2024-03-15,49.63,49.38,51.19,49.46,1548723186.39
601318.SH,2024-03-15,27.16,27.22,27.17,26.94,1229435662.57
000333.SZ,2024-03-15,10.9,10.9,10.98,10.68,179579916.59
600036.SH,2024-03-15,104.44,104.0,105.46,104.37,4582859756.64
002415.SZ,2024-03-15,6.65,6.69,6.7,6.64,9119040.2
600276.SH,2024-03-15,27.81,27.82,27.85,27.61,376523130.09
002594.SZ,2024-03-15,97.27,97.58,97.58,93.65,1209166336.68
601012.SH,2024-03-15,180.18,179.01,181.08,177.69,338342002.41
600887.SH,2024-03-15,97.76,98.01,99.91,96.28,3325499728.37
000002.SZ,2024-03-15,422.79,425.66,423.52,420.46,17711328729.74
600519.SH,2024-03-18,542.71,542.92,551.08,537.27,4796356261.99
000858.SZ,2024-03-18,60.91,60.68,61.05,59.15,1097007150.39
300750.SZ,2024-03-18,47.82,47.94,48.21,47.5,903428656.19
601318.SH,2024-03-18,27.94,27.95,28.06,27.87,50763373.04
000333.SZ,2024-03-18,11.52,11.53,11.64,11.31,438331632.02
600036.SH,2024-03-18,99.06,99.31,99.62,98.21,4584050204.08
002415.SZ,2024-03-18,6.46,6.49,6.46,6.46,24096873.77
600276.SH,2024-03-18,27.59,27.46,27.91,27.07,858952606.73
002594.SZ,2024-03-18,95.66,95.83,98.99,94.64,354442432.73
601012.SH,2024-03-18,178.7,180.23,180.76,173.42,1470607079.72
600887.SH,2024-03-18,92.27,92.3,92.38,89.79,2603978535.71
000002.SZ,2024-03-18,415.13,414.41,421.18,411.58,636814789.83
600519.SH,2024-03-19,541.65,537.97,547.3,538.02,17524468171.32
000858.SZ,2024-03-19,58.64,58.95,58.87,57.69,989162004.19
300750.SZ,2024-03-19,48.17,47.95,48.18,47.65,958449631.78
601318.SH,2024-03-19,27.16,27.06,27.28,27.05,613324744.71
000333.SZ,2024-03-19,11.27,11.25,11.55,11.14,62090553.12
600036.SH,2024-03-19,103.31,103.29,104.08,102.06,1484468438.92
002415.SZ,2024-03-19,6.2,6.25,6.26,6.05,104503178.94
600276.SH,2024-03-19,28.76,28.56,29.34,28.65,266539515.67
002594.SZ,2024-03-19,91.33,91.49,91.53,90.29,4329987717.21
601012.SH,2024-03-19,177.59,178.47,178.04,177.57,858032663.6
600887.SH,2024-03-19,92.73,93.02,94.65,92.06,1280199790.44
000002.SZ,2024-03-19,424.81,426.17,428.71,423.47,3561765601.94
600519.SH,2024-03-20,522.99,522.59,537.06,513.25,8001577423.97
000858.SZ,2024-03-20,60.0,60.31,60.82,59.17,597756764.86
300750.SZ,2024-03-20,49.54,49.8,49.75,49.48,774041912.6
601318.SH,2024-03-20,27.78,27.7,28.1,27.72,601334965.63
000333.SZ,2024-03-20,10.77,10.73,11.03,10.68,31248882.8
600036.SH,2024-03-20,104.76,104.9,105.73,104.59,1678612565.6
002415.SZ,2024-03-20,6.28,6.3,6.38,6.16,41803312.72
600276.SH,2024-03-20,28.49,28.55,28.53,28.22,49119702.56
002594.SZ,2024-03-20,95.43,94.81,98.15,94.84,1049005322.44
601012.SH,2024-03-20,177.71,177.45,179.89,172.85,8163876138.12
600887.SH,2024-03-20,91.67,92.39,92.91,91.24,3301726304.35
000002.SZ,2024-03-20,424.88,423.83,427.78,424.69,11766978609.59
600519.SH,2024-03-21,526.37,526.81,533.54,511.43,14270961799.92
000858.SZ,2024-03-21,60.49,60.83,61.45,59.48,2812539980.87
300750.SZ,2024-03-21,50.45,50.52,50.77,50.2,225398723.35
601318.SH,2024-03-21,27.63,27.72,27.73,27.36,861981395.62
000333.SZ,2024-03-21,10.36,10.35,10.38,10.27,322977449.4
600036.SH,2024-03-21,107.54,108.62,109.12,105.47,4637547093.3
002415.SZ,2024-03-21,6.21,6.26,6.31,6.17,125263465.06
600276.SH,2024-03-21,28.43,28.5,28.72,28.07,928706230.64
002594.SZ,2024-03-21,95.68,94.5,96.14,94.42,563256789.23
601012.SH,2024-03-21,176.91,177.52,177.76,171.57,2792242199.93
600887.SH,2024-03-21,92.85,92.44,93.67,91.2,1182228103.67
000002.SZ,2024-03-21,426.14,430.26,430.23,421.27,6787561363.09
600519.SH,2024-03-22,535.58,533.29,539.98,517.17,20582105866.06
000858.SZ,2024-03-22,62.93,62.98,63.6,61.34,1258562771.42
300750.SZ,2024-03-22,51.34,51.11,51.84,51.23,1573106106.16
601318.SH,2024-03-22,27.88,27.8,27.94,27.76,865160202.62
000333.SZ,2024-03-22,10.62,10.64,10.67,10.58,478073246.84
600036.SH,2024-03-22,106.74,106.91,108.49,106.11,1608687695.74
002415.SZ,2024-03-22,6.12,6.1,6.31,5.99,245303278.99
600276.SH,2024-03-22,29.0,28.94,29.05,28.64,74238582.1
002594.SZ,2024-03-22,95.08,95.58,96.81,94.96,230092257.61
601012.SH,2024-03-22,173.46,173.48,176.37,171.78,4198257508.76
600887.SH,2024-03-22,91.69,92.3,92.3,90.84,579397277.06
000002.SZ,2024-03-22,431.07,431.85,434.94,426.98,20377282769.19
600519.SH,2024-03-25,519.75,524.02,526.92,516.13,10311392174.62
000858.SZ,2024-03-25,63.87,63.92,64.76,63.36,2775073060.5
300750.SZ,2024-03-25,49.61,49.7,49.7,47.74,130717906.38
601318.SH,2024-03-25,28.02,28.27,28.06,27.64,771023114.52
000333.SZ,2024-03-25,10.92,10.88,11.17,10.69,429656475.69
600036.SH,2024-03-25,107.6,107.48,108.0,106.39,741883184.26
002415.SZ,2024-03-25,6.25,6.22,6.42,6.24,160138533.77
600276.SH,2024-03-25,29.14,28.9,29.25,28.75,733029069.33
002594.SZ,2024-03-25,98.75,97.36,100.37,98.56,2064039870.4
601012.SH,2024-03-25,174.85,175.25,177.14,172.82,3642986100.56
600887.SH,2024-03-25,93.19,93.67,93.67,89.84,1604606783.33
000002.SZ,2024-03-25,423.17,422.27,428.87,412.49,1981330949.14
600519.SH,2024-03-26,514.28,511.16,516.31,513.15,2069658810.07
000858.SZ,2024-03-26,63.73,63.92,64.59,62.91,353832821.13
300750.SZ,2024-03-26,48.98,48.78,49.35,48.56,733837368.46
601318.SH,2024-03-26,27.13,27.02,27.62,27.02,464231311.44
000333.SZ,2024-03-26,10.5,10.49,10.71,10.45,152380771.27
600036.SH,2024-03-26,113.42,113.32,114.37,112.07,5590206148.87
002415.SZ,2024-03-26,6.22,6.22,6.34,6.09,94589671.66
600276.SH,2024-03-26,29.17,29.26,29.28,28.91,526243812.08
002594.SZ,2024-03-26,101.57,101.98,104.42,101.42,93515617.21
601012.SH,2024-03-26,176.15,176.05,176.87,175.33,1860958711.57
600887.SH,2024-03-26,95.43,95.87,98.36,94.66,4507606299.68
000002.SZ,2024-03-26,416.69,415.21,422.78,412.43,2090405960.37
600519.SH,2024-03-27,509.39,509.13,510.18,490.5,18537674732.6
000858.SZ,2024-03-27,63.58,63.33,64.12,63.47,366966837.84
300750.SZ,2024-03-27,48.7,48.55,49.16,48.36,1870799686.35
601318.SH,2024-03-27,26.08,26.14,26.23,25.94,489618743.48
000333.SZ,2024-03-27,10.76,10.73,10.84,10.64,14241757.58
600036.SH,2024-03-27,112.02,110.53,114.8,110.12,3788713387.18
002415.SZ,2024-03-27,6.22,6.23,6.32,6.05,191154949.15
600276.SH,2024-03-27,28.64,28.43,28.88,28.22,408255848.44
002594.SZ,2024-03-27,102.29,102.52,104.06,101.09,1189302323.34
601012.SH,2024-03-27,176.12,177.35,176.96,174.81,2821483063.03
600887.SH,2024-03-27,93.96,93.6,94.07,92.91,3768514380.19
000002.SZ,2024-03-27,433.68,435.33,435.81,424.29,11211600177.01
600519.SH,2024-03-28,515.08,512.9,520.42,512.52,19266251799.95
000858.SZ,2024-03-28,62.73,62.67,64.14,61.56,997979285.02
300750.SZ,2024-03-28,48.57,48.52,48.87,48.37,1696840700.18
601318.SH,2024-03-28,26.15,26.01,26.24,25.82,845524976.28
000333.SZ,2024-03-28,11.13,11.16,11.18,11.04,150413136.95
600036.SH,2024-03-28,116.1,115.74,118.99,112.73,1516644954.05
002415.SZ,2024-03-28,6.3,6.24,6.46,6.24,249483904.21
600276.SH,2024-03-28,27.01,26.96,27.1,26.86,1250131754.91
002594.SZ,2024-03-28,99.5,98.75,100.19,98.51,4350713087.32
601012.SH,2024-03-28,177.99,179.54,182.0,175.44,213015029.94
600887.SH,2024-03-28,90.47,90.44,91.55,87.0,2125776193.47
000002.SZ,2024-03-28,437.74,439.48,441.26,436.32,574237279.87
600519.SH,2024-03-29,492.97,494.98,499.21,474.24,7355178341.54
000858.SZ,2024-03-29,65.07,65.3,67.44,64.94,2226265443.92
300750.SZ,2024-03-29,48.38,48.53,49.96,47.57,1312900865.1
601318.SH,2024-03-29,25.99,26.04,26.26,25.91,145145469.29
000333.SZ,2024-03-29,10.77,10.83,10.8,10.63,146483950.76
600036.SH,2024-03-29,113.86,114.02,116.32,111.01,2230206874.07
002415.SZ,2024-03-29,5.96,6.0,6.04,5.88,33574305.2
600276.SH,2024-03-29,27.1,26.77,27.6,27.05,1048957434.36
002594.SZ,2024-03-29,99.15,99.48,100.91,99.13,3221287796.43
601012.SH,2024-03-29,180.63,181.79,183.57,177.36,8269552522.39
600887.SH,2024-03-29,90.01,89.88,90.54,89.56,3992212467.5
000002.SZ,2024-03-29,447.47,445.47,448.62,442.56,5566115568.7
600519.SH,2024-04-01,498.74,503.11,509.21,489.17,13368710566.53
000858.SZ,2024-04-01,65.7,65.77,67.32,63.54,2982621561.72
300750.SZ,2024-04-01,48.82,48.92,49.01,47.33,1519402482.7
601318.SH,2024-04-01,25.63,25.69,26.29,25.41,1201327698.35
000333.SZ,2024-04-01,10.75,10.8,10.84,10.66,127727937.94
600036.SH,2024-04-01,113.94,113.23,114.35,111.05,3481530648.91
002415.SZ,2024-04-01,6.01,6.02,6.14,5.99,268111152.93
600276.SH,2024-04-01,25.9,25.62,26.44,25.26,282525405.55
002594.SZ,2024-04-01,102.73,102.73,103.72,100.98,295178154.66
601012.SH,2024-04-01,176.37,177.3,177.29,174.14,674519769.09
600887.SH,2024-04-01,91.43,92.02,91.88,90.87,4408249184.79
000002.SZ,2024-04-01,449.63,450.33,462.14,446.66,6209828334.18
600519.SH,2024-04-02,488.85,488.05,497.07,485.62,16082916538.3
000858.SZ,2024-04-02,67.84,67.46,67.93,67.62,842618009.82
300750.SZ,2024-04-02,49.34,49.56,49.79,48.49,1138001192.37
601318.SH,2024-04-02,25.26,25.28,25.28,24.73,1160507598.38
000333.SZ,2024-04-02,10.36,10.37,10.52,10.27,134532535.38
600036.SH,2024-04-02,115.5,115.96,115.61,112.85,1816017112.99
002415.SZ,2024-04-02,6.07,6.05,6.17,6.07,153189485.37
600276.SH,2024-04-02,25.76,25.92,26.06,25.62,705098810.86
002594.SZ,2024-04-02,105.49,105.82,105.52,103.32,2231549165.12
601012.SH,2024-04-02,182.02,182.13,183.43,180.85,6449238222.89
600887.SH,2024-04-02,94.25,93.56,94.28,93.51,2669288224.81
000002.SZ,2024-04-02,445.1,442.25,451.77,437.71,10562802989.53
600519.SH,2024-04-03,478.29,479.45,481.89,475.0,21387424332.35
000858.SZ,2024-04-03,68.49,68.96,69.39,67.19,989505329.26
300750.SZ,2024-04-03,49.29,49.6,49.79,48.75,842734680.73
601318.SH,2024-04-03,25.16,25.17,25.56,24.83,525720810.64
000333.SZ,2024-04-03,9.97,9.94,10.07,9.92,320810212.49
600036.SH,2024-04-03,114.86,114.78,116.77,113.41,2188326066.09
002415.SZ,2024-04-03,6.02,6.03,6.09,5.96,281659432.46
600276.SH,2024-04-03,25.54,25.64,26.37,25.03,796123773.17
002594.SZ,2024-04-03,103.44,103.39,104.15,102.79,4034712245.98
601012.SH,2024-04-03,182.72,183.08,183.61,181.27,2981254642.83
600887.SH,2024-04-03,91.99,91.91,92.64,91.44,1421410283.38
000002.SZ,2024-04-03,441.22,442.44,447.49,434.19,18882905325.27
600519.SH,2024-04-04,487.09,486.17,489.24,478.26,8578392623.99
000858.SZ,2024-04-04,69.05,68.99,69.89,67.48,14835458.5
300750.SZ,2024-04-04,50.41,50.14,51.27,49.6,998277561.16
601318.SH,2024-04-04,24.98,24.87,25.39,24.83,716405064.4
000333.SZ,2024-04-04,9.52,9.52,9.76,9.47,4070048.27
600036.SH,2024-04-04,118.66,119.65,120.34,117.48,1082857712.83
002415.SZ,2024-04-04,6.28,6.29,6.39,6.2,36100109.21
600276.SH,2024-04-04,24.83,24.86,25.03,24.22,423199344.92
002594.SZ,2024-04-04,104.61,104.09,105.1,103.85,1282054320.9
601012.SH,2024-04-04,184.68,184.59,186.21,184.06,46148871.36
600887.SH,2024-04-04,88.96,88.3,89.13,87.87,3062990895.96
000002.SZ,2024-04-04,434.45,433.76,438.43,430.31,15138687760.15
600519.SH,2024-04-05,448.69,448.9,451.07,448.26,5647190692.67
000858.SZ,2024-04-05,71.02,71.38,71.67,69.0,1029834188.91
300750.SZ,2024-04-05,49.75,49.94,49.81,48.32,178914355.72
601318.SH,2024-04-05,25.34,25.26,25.74,25.11,910247535.37
000333.SZ,2024-04-05,9.91,9.94,10.04,9.57,346059336.61
600036.SH,2024-04-05,120.86,121.31,122.27,120.7,2250244738.56
002415.SZ,2024-04-05,6.35,6.38,6.56,6.33,111362423.85
600276.SH,2024-04-05,25.44,25.41,25.63,24.98,264080267.95
002594.SZ,2024-04-05,102.89,102.25,103.48,101.78,4216166330.13
601012.SH,2024-04-05,183.54,183.51,184.71,182.79,9060549736.09
600887.SH,2024-04-05,89.72,89.24,90.74,87.56,3129084932.8
000002.SZ,2024-04-05,439.31,438.77,446.1,436.35,7349661065.78
600519.SH,2024-04-08,448.41,447.47,449.43,447.43,16061253801.18
000858.SZ,2024-04-08,70.8,70.98,71.17,68.89,3212022427.9
300750.SZ,2024-04-08,51.81,51.7,52.4,51.29,1643855132.89
601318.SH,2024-04-08,25.76,25.79,26.16,25.07,1194745023.23
000333.SZ,2024-04-08,10.19,10.24,10.42,10.14,466886176.05
600036.SH,2024-04-08,123.83,124.41,125.83,123.1,3520249088.29
002415.SZ,2024-04-08,6.34,6.35,6.35,6.24,73322682.3
600276.SH,2024-04-08,25.41,25.57,25.97,25.21,903235579.26
002594.SZ,2024-04-08,103.96,103.91,105.66,102.97,4340318764.85
601012.SH,2024-04-08,181.93,181.11,187.87,181.31,5091483064.16
600887.SH,2024-04-08,93.68,92.72,93.79,92.32,1963331545.16
000002.SZ,2024-04-08,429.12,430.63,436.13,423.6,16800808944.51
600519.SH,2024-04-09,450.92,447.36,460.46,446.54,6816588458.63
000858.SZ,2024-04-09,69.75,69.84,69.76,68.34,2316093822.15
300750.SZ,2024-04-09,50.38,50.44,50.83,50.03,800519735.66
601318.SH,2024-04-09,25.89,25.96,26.13,25.67,1245176279.68
000333.SZ,2024-04-09,10.4,10.48,10.57,10.39,329268519.74
600036.SH,2024-04-09,125.68,126.33,125.79,123.35,5868317479.12
002415.SZ,2024-04-09,6.21,6.25,6.24,6.2,162773778.55
600276.SH,2024-04-09,24.83,24.88,25.12,23.96,1226081731.28
002594.SZ,2024-04-09,104.5,104.17,104.99,103.45,4010666225.59
601012.SH,2024-04-09,179.61,180.81,179.74,175.93,4388572967.89
600887.SH,2024-04-09,95.68,95.73,96.09,95.39,899718487.22
000002.SZ,2024-04-09,438.5,440.91,451.32,431.26,18373765995.71
600519.SH,2024-04-10,453.87,458.85,466.09,450.24,198689847.5
000858.SZ,2024-04-10,69.28,69.09,69.71,67.41,1430477493.59
300750.SZ,2024-04-10,46.69,46.9,47.67,44.68,1633307019.46
601318.SH,2024-04-10,25.75,25.81,25.76,25.18,168812021.19
000333.SZ,2024-04-10,10.23,10.31,10.44,10.02,142179037.47
600036.SH,2024-04-10,124.79,124.9,126.01,122.94,510112202.29
002415.SZ,2024-04-10,6.22,6.2,6.32,6.03,251868275.04
600276.SH,2024-04-10,23.65,23.76,23.82,23.35,961475623.11
002594.SZ,2024-04-10,103.34,103.33,104.62,100.8,367029511.3
601012.SH,2024-04-10,182.15,181.88,186.07,179.46,6667232391.07
600887.SH,2024-04-10,95.66,95.85,95.75,95.54,2933351315.73
000002.SZ,2024-04-10,442.56,442.17,452.79,438.73,20131035434.58
600519.SH,2024-04-11,433.22,430.16,441.21,429.03,4845066222.72
000858.SZ,2024-04-11,70.77,70.88,71.83,69.06,2129799935.65
300750.SZ,2024-04-11,46.77,46.87,47.22,46.73,1720676519.86
601318.SH,2024-04-11,25.61,25.68,26.01,25.08,268144090.83
000333.SZ,2024-04-11,9.95,9.93,10.23,9.94,238566582.86
600036.SH,2024-04-11,118.5,119.74,121.47,117.78,2549580314.02
002415.SZ,2024-04-11,6.05,6.05,6.23,5.96,225746663.53
600276.SH,2024-04-11,24.18,24.28,24.52,24.01,1078465555.67
002594.SZ,2024-04-11,106.27,106.67,108.34,104.83,3970318031.9
601012.SH,2024-04-11,176.63,176.11,177.67,173.47,6200540963.0
600887.SH,2024-04-11,98.01,97.56,100.7,97.89,3682413422.2
000002.SZ,2024-04-11,453.74,455.6,467.44,450.19,3784572694.98
600519.SH,2024-04-12,439.14,443.07,442.53,438.67,15590104275.91
000858.SZ,2024-04-12,67.22,67.18,68.57,66.26,2115703805.46
300750.SZ,2024-04-12,45.6,45.44,46.49,44.97,151542275.26
601318.SH,2024-04-12,24.77,24.8,25.14,24.28,1133463911.56
000333.SZ,2024-04-12,10.14,10.13,10.24,9.75,103859672.22
600036.SH,2024-04-12,121.9,121.06,124.12,119.9,2660678416.02
002415.SZ,2024-04-12,6.0,6.0,6.07,5.99,220979248.96
600276.SH,2024-04-12,25.2,25.23,25.21,25.19,1169416872.74
002594.SZ,2024-04-12,105.72,106.25,109.25,105.56,739288086.94
601012.SH,2024-04-12,177.17,178.34,178.05,175.49,2752631362.08
600887.SH,2024-04-12,99.0,98.04,101.51,97.94,125269387.74
000002.SZ,2024-04-12,455.9,457.65,459.61,442.72,1057242750.56
600519.SH,2024-04-15,444.15,442.43,446.72,433.68,17183537665.26
000858.SZ,2024-04-15,66.66,66.84,66.95,64.41,3209041793.46
300750.SZ,2024-04-15,44.93,45.03,45.42,44.39,747588416.18
601318.SH,2024-04-15,24.32,24.38,24.77,24.02,187141608.7
000333.SZ,2024-04-15,9.93,9.93,9.97,9.75,101382460.09
600036.SH,2024-04-15,124.08,124.01,124.69,121.71,4087028330.14
002415.SZ,2024-04-15,6.12,6.14,6.15,6.09,304409452.43
600276.SH,2024-04-15,23.9,24.0,24.2,23.82,771481700.8
002594.SZ,2024-04-15,104.69,105.04,106.61,101.52,116286853.95
601012.SH,2024-04-15,182.44,182.26,184.14,175.46,6247752597.94
600887.SH,2024-04-15,98.06,97.89,102.57,97.94,4864520489.48
000002.SZ,2024-04-15,464.79,464.8,484.52,456.01,13430154118.13
600519.SH,2024-04-16,456.97,453.91,457.92,454.18,9902039548.79
000858.SZ,2024-04-16,66.06,66.88,66.16,63.88,1248038427.95
300750.SZ,2024-04-16,43.24,43.05,44.9,42.35,1780941745.06
601318.SH,2024-04-16,25.14,25.39,25.76,24.79,659133325.76
000333.SZ,2024-04-16,9.79,9.81,10.0,9.63,396502691.57
600036.SH,2024-04-16,119.71,119.99,122.0,119.12,5034804607.18
002415.SZ,2024-04-16,6.3,6.23,6.3,6.12,59685329.82
600276.SH,2024-04-16,23.53,23.32,23.65,23.39,947693645.03
002594.SZ,2024-04-16,102.93,102.52,105.07,101.86,3462040630.71
601012.SH,2024-04-16,177.48,178.88,181.45,176.63,4071001903.44
600887.SH,2024-04-16,97.06,97.02,97.6,95.34,4829477404.98
000002.SZ,2024-04-16,465.99,466.75,477.3,463.42,7179733883.98
600519.SH,2024-04-17,446.76,445.98,447.37,446.31,5285451741.05
000858.SZ,2024-04-17,66.19,66.51,66.85,64.8,892497248.15
300750.SZ,2024-04-17,41.74,41.88,42.63,41.71,1427582907.78
601318.SH,2024-04-17,25.06,25.07,25.56,24.17,620404837.76
000333.SZ,2024-04-17,9.79,9.78,9.83,9.55,419927705.71
600036.SH,2024-04-17,122.14,121.79,122.6,120.1,4425255355.43
002415.SZ,2024-04-17,6.29,6.29,6.46,6.2,117729357.03
600276.SH,2024-04-17,24.02,23.83,24.55,23.82,945639313.71
002594.SZ,2024-04-17,100.76,100.67,102.17,100.64,741562034.26
601012.SH,2024-04-17,177.24,177.79,177.31,175.81,7838340016.73
600887.SH,2024-04-17,101.5,102.42,103.26,101.16,4867214949.11
000002.SZ,2024-04-17,452.05,454.26,454.13,444.1,21589756407.25
600519.SH,2024-04-18,437.52,439.93,450.12,428.28,1790696648.86
000858.SZ,2024-04-18,65.6,65.2,65.7,64.94,1814679703.08
300750.SZ,2024-04-18,41.09,40.92,41.82,40.61,165302467.78
601318.SH,2024-04-18,26.17,25.99,26.84,26.1,532129479.69
000333.SZ,2024-04-18,9.55,9.54,9.62,9.38,11979146.08
600036.SH,2024-04-18,121.85,121.8,122.62,119.05,4032258283.44
002415.SZ,2024-04-18,6.28,6.26,6.32,6.24,25538602.37
600276.SH,2024-04-18,24.67,24.85,24.88,24.5,796191486.61
002594.SZ,2024-04-18,98.48,98.46,98.94,97.86,2184204911.26
601012.SH,2024-04-18,170.95,171.48,172.3,169.8,1350526832.37
600887.SH,2024-04-18,102.63,102.54,105.99,101.28,2248076877.97
000002.SZ,2024-04-18,448.35,442.58,451.61,435.33,10735313023.15
600519.SH,2024-04-19,438.88,438.69,443.96,435.79,16718549255.57
000858.SZ,2024-04-19,64.28,64.24,65.15,63.23,2096536202.85
300750.SZ,2024-04-19,40.73,40.9,41.63,40.16,172832269.81
601318.SH,2024-04-19,25.61,25.58,25.78,25.49,656367616.4
000333.SZ,2024-04-19,9.35,9.45,9.45,9.29,269196720.98
600036.SH,2024-04-19,121.2,120.99,121.76,120.68,2480840031.14
002415.SZ,2024-04-19,6.34,6.38,6.37,6.23,9214828.35
600276.SH,2024-04-19,23.9,23.99,24.37,23.25,754613539.87
002594.SZ,2024-04-19,100.36,100.39,100.89,99.48,1863345087.19
601012.SH,2024-04-19,177.12,177.78,178.86,173.95,3205220359.27
600887.SH,2024-04-19,105.28,105.01,105.86,104.74,3953812498.53
000002.SZ,2024-04-19,437.35,431.17,440.41,431.3,111149416.91
600519.SH,2024-04-22,444.42,441.2,449.93,443.43,13489371954.2
000858.SZ,2024-04-22,67.04,67.21,68.21,65.48,1906252111.2
300750.SZ,2024-04-22,41.07,41.17,41.86,40.11,917523082.14
601318.SH,2024-04-22,25.27,25.38,25.92,24.75,56357787.84
000333.SZ,2024-04-22,9.19,9.18,9.22,9.0,323323812.23
600036.SH,2024-04-22,118.42,119.0,118.53,118.3,814061812.04
002415.SZ,2024-04-22,6.35,6.36,6.49,6.35,71565334.62
600276.SH,2024-04-22,24.6,24.79,24.82,24.05,320933251.6
002594.SZ,2024-04-22,99.99,100.13,101.52,99.13,3955323757.22
601012.SH,2024-04-22,182.9,182.14,186.2,180.17,8070406553.79
600887.SH,2024-04-22,103.9,104.03,104.41,100.7,867347460.33
000002.SZ,2024-04-22,436.13,439.59,441.75,422.99,20058992798.45
600519.SH,2024-04-23,437.98,440.73,452.46,430.02,3171475285.53
000858.SZ,2024-04-23,66.28,66.03,66.73,65.13,875208142.33
300750.SZ,2024-04-23,42.93,42.62,43.38,42.86,1938157634.25
601318.SH,2024-04-23,25.04,25.0,25.13,24.95,575486248.68
000333.SZ,2024-04-23,9.21,9.24,9.47,8.87,163254282.72
600036.SH,2024-04-23,118.45,118.49,120.39,118.07,3721574742.37
002415.SZ,2024-04-23,6.49,6.57,6.59,6.45,268608438.15
600276.SH,2024-04-23,25.94,25.82,26.35,25.51,444539207.35
002594.SZ,2024-04-23,102.51,102.34,104.34,102.45,1878540760.39
601012.SH,2024-04-23,180.78,180.46,184.3,179.35,1415323158.43
600887.SH,2024-04-23,107.38,107.31,108.34,107.17,1469162195.29
000002.SZ,2024-04-23,435.52,437.61,440.98,427.96,7248168786.12
600519.SH,2024-04-24,435.8,435.26,441.3,425.65,14888131064.73
000858.SZ,2024-04-24,68.43,68.31,68.76,68.35,2780421875.38
300750.SZ,2024-04-24,43.06,43.03,43.84,41.72,678310196.04
601318.SH,2024-04-24,25.24,25.41,25.61,24.68,735490173.65
000333.SZ,2024-04-24,8.63,8.68,8.74,8.61,281714878.3
600036.SH,2024-04-24,122.19,123.14,123.13,119.88,1051268492.09
002415.SZ,2024-04-24,6.34,6.3,6.36,6.31,206450463.25
600276.SH,2024-04-24,25.54,25.69,25.94,25.33,134223583.92
002594.SZ,2024-04-24,101.59,101.46,103.02,101.41,284738264.99
601012.SH,2024-04-24,182.36,181.77,183.63,179.67,2562945801.03
600887.SH,2024-04-24,108.5,108.77,109.06,108.2,779317172.36
000002.SZ,2024-04-24,445.1,446.82,456.92,440.22,2051714389.1
600519.SH,2024-04-25,437.17,435.75,437.56,435.75,3496227229.7
000858.SZ,2024-04-25,67.92,68.04,70.16,66.18,3282727136.25
300750.SZ,2024-04-25,43.57,43.86,43.95,43.28,1321262312.65
601318.SH,2024-04-25,24.84,24.96,24.96,24.7,540071794.53
000333.SZ,2024-04-25,8.47,8.45,8.62,8.4,55435379.58
600036.SH,2024-04-25,121.52,121.68,122.11,121.11,2168788576.31
002415.SZ,2024-04-25,6.42,6.47,6.47,6.42,314639321.9
600276.SH,2024-04-25,24.13,24.17,24.67,24.09,378189411.5
002594.SZ,2024-04-25,100.97,101.82,102.85,99.02,3118430962.31
601012.SH,2024-04-25,179.61,180.26,184.14,175.65,4296122857.35
600887.SH,2024-04-25,111.28,111.49,112.25,111.02,2597005687.33
000002.SZ,2024-04-25,436.24,436.56,448.22,433.91,3340215565.56
600519.SH,2024-04-26,447.29,444.41,460.96,441.23,6676363543.57
000858.SZ,2024-04-26,68.05,68.21,68.09,66.99,1242138016.93
300750.SZ,2024-04-26,42.97,42.83,43.26,41.98,1710427436.46
601318.SH,2024-04-26,24.5,24.51,24.84,24.13,146531864.55
000333.SZ,2024-04-26,8.34,8.34,8.45,8.31,196809125.23
600036.SH,2024-04-26,122.52,122.23,124.89,121.34,3972388840.57
002415.SZ,2024-04-26,6.27,6.27,6.4,6.19,21062293.15
600276.SH,2024-04-26,23.61,23.38,23.77,23.5,443894918.11
002594.SZ,2024-04-26,100.69,100.43,101.42,99.9,3559296015.28
601012.SH,2024-04-26,185.36,184.79,189.72,181.57,7782154951.5
600887.SH,2024-04-26,112.19,112.17,112.49,111.36,1125422235.14
000002.SZ,2024-04-26,431.2,429.75,431.79,417.67,8802184889.45
600519.SH,2024-04-29,438.31,441.41,447.02,432.52,2949013750.93
000858.SZ,2024-04-29,67.59,67.98,68.46,67.59,3005991584.04
300750.SZ,2024-04-29,43.36,43.43,43.61,43.25,1039761659.7
601318.SH,2024-04-29,25.6,25.66,26.07,25.0,751459275.88
000333.SZ,2024-04-29,8.41,8.41,8.46,8.09,173122660.44
600036.SH,2024-04-29,120.75,121.9,122.15,118.06,2352747485.49
002415.SZ,2024-04-29,5.99,6.05,6.06,5.83,221734256.89
600276.SH,2024-04-29,22.64,22.63,22.93,22.3,481638069.66
002594.SZ,2024-04-29,104.21,103.91,107.14,103.83,2654627381.12
601012.SH,2024-04-29,189.58,189.55,189.76,184.05,5826129536.05
600887.SH,2024-04-29,114.45,114.35,114.72,112.25,1154386973.91
000002.SZ,2024-04-29,430.27,426.0,433.32,423.34,5037384694.86
600519.SH,2024-04-30,433.63,433.62,441.82,420.36,5148320068.1
000858.SZ,2024-04-30,67.69,67.53,68.63,67.5,743322871.09
300750.SZ,2024-04-30,43.81,43.54,44.38,43.26,2066665609.52
601318.SH,2024-04-30,25.24,25.11,25.57,24.47,1140950389.35
000333.SZ,2024-04-30,8.29,8.29,8.56,8.26,110749648.48
600036.SH,2024-04-30,121.26,121.61,122.22,120.28,6005325043.64
002415.SZ,2024-04-30,6.04,6.05,6.1,5.92,159143352.33
600276.SH,2024-04-30,23.01,23.03,23.08,22.72,252683883.22
002594.SZ,2024-04-30,105.77,105.66,105.8,105.21,3957256772.88
601012.SH,2024-04-30,191.86,192.53,192.78,190.32,9354077315.24
600887.SH,2024-04-30,113.16,114.15,113.25,111.11,3127642740.78
000002.SZ,2024-04-30,443.7,446.28,461.14,442.59,17991030896.66
600519.SH,2024-05-01,425.16,426.01,434.58,419.01,8491860814.77
000858.SZ,2024-05-01,66.74,67.06,67.63,66.43,1059131581.39
300750.SZ,2024-05-01,43.95,44.18,44.85,43.67,1161188523.26
601318.SH,2024-05-01,25.53,25.55,25.57,25.41,1261101529.66
000333.SZ,2024-05-01,8.58,8.65,8.63,8.43,5993780.84
600036.SH,2024-05-01,123.68,122.96,125.02,119.67,1990340105.86
002415.SZ,2024-05-01,5.81,5.8,5.89,5.77,181767557.01
600276.SH,2024-05-01,23.35,23.44,23.47,23.17,259446947.44
002594.SZ,2024-05-01,103.09,103.61,103.42,101.76,3137034139.71
601012.SH,2024-05-01,196.36,196.21,199.32,193.39,5457669785.98
600887.SH,2024-05-01,110.64,110.93,111.93,109.33,197136660.1
000002.SZ,2024-05-01,453.39,453.23,465.51,439.48,15232994455.34
600519.SH,2024-05-02,422.38,420.67,425.1,417.13,15496266102.41
000858.SZ,2024-05-02,70.19,69.71,70.43,69.77,1075473245.23
300750.SZ,2024-05-02,42.04,41.9,42.91,41.13,1111288048.8
601318.SH,2024-05-02,25.61,25.58,26.22,25.47,897319661.07
000333.SZ,2024-05-02,8.39,8.43,8.46,8.2,167879852.11
600036.SH,2024-05-02,123.34,122.82,123.72,121.91,1972051566.94
002415.SZ,2024-05-02,5.61,5.59,5.69,5.59,38669175.76
600276.SH,2024-05-02,23.37,23.49,23.43,23.07,625590298.22
002594.SZ,2024-05-02,104.99,104.98,107.09,104.66,238102866.08
601012.SH,2024-05-02,190.75,190.97,191.84,188.16,232489350.83
600887.SH,2024-05-02,107.68,108.1,109.19,106.89,2473352509.82
000002.SZ,2024-05-02,466.27,464.05,477.76,465.85,13636745938.35
600519.SH,2024-05-03,409.42,411.99,411.8,404.89,9160982239.32
000858.SZ,2024-05-03,68.62,68.67,69.17,67.82,2672592055.81
300750.SZ,2024-05-03,40.73,40.6,41.08,40.62,1216232218.76
601318.SH,2024-05-03,26.4,26.6,27.06,25.51,588383621.88
000333.SZ,2024-05-03,8.45,8.48,8.52,8.42,76259422.11
600036.SH,2024-05-03,125.98,125.58,129.46,125.59,6124474084.26
002415.SZ,2024-05-03,5.53,5.51,5.54,5.44,148472536.71
600276.SH,2024-05-03,23.63,23.52,23.78,23.45,778909621.12
002594.SZ,2024-05-03,104.56,103.95,106.83,103.12,5154078195.13
601012.SH,2024-05-03,194.19,195.6,195.67,193.75,3453212991.6
600887.SH,2024-05-03,105.29,105.46,105.66,104.34,3902743545.57
000002.SZ,2024-05-03,458.76,457.25,459.69,457.6,1703252342.78
600519.SH,2024-05-06,433.29,434.02,440.91,427.0,10117245787.1
000858.SZ,2024-05-06,69.26,69.05,69.71,68.44,2206785588.78
300750.SZ,2024-05-06,40.81,41.06,41.07,40.42,436091004.4
601318.SH,2024-05-06,27.44,27.38,27.66,27.3,301624205.69
000333.SZ,2024-05-06,8.09,8.03,8.21,8.03,220042909.67
600036.SH,2024-05-06,127.71,126.85,130.1,126.95,2920489549.93
002415.SZ,2024-05-06,5.43,5.46,5.57,5.32,72573839.44
600276.SH,2024-05-06,23.99,24.11,24.19,23.46,446002864.25
002594.SZ,2024-05-06,102.39,102.97,102.56,99.11,3771299519.19
601012.SH,2024-05-06,198.12,198.29,200.95,198.12,7397039379.22
600887.SH,2024-05-06,104.41,104.31,106.17,102.97,4778404739.56
000002.SZ,2024-05-06,434.2,431.67,439.21,428.69,16174493451.99
600519.SH,2024-05-07,440.54,437.3,444.11,436.23,19148835072.54
000858.SZ,2024-05-07,70.0,70.27,70.51,69.38,2185371901.25
300750.SZ,2024-05-07,40.96,40.76,41.8,40.36,1212302094.43
601318.SH,2024-05-07,28.1,27.97,28.35,27.86,117256514.84
000333.SZ,2024-05-07,8.32,8.3,8.53,8.28,219351221.44
600036.SH,2024-05-07,127.71,127.51,130.63,127.49,3361519671.96
002415.SZ,2024-05-07,5.57,5.55,5.59,5.5,29187784.66
600276.SH,2024-05-07,25.03,24.98,25.06,24.98,697556944.84
002594.SZ,2024-05-07,100.32,100.28,103.98,99.1,4330719797.78
601012.SH,2024-05-07,192.93,193.83,193.84,188.12,37440134.53
600887.SH,2024-05-07,106.32,105.44,107.85,102.78,2379730047.19
000002.SZ,2024-05-07,414.9,415.89,419.16,412.95,14912776380.14
600519.SH,2024-05-08,451.16,450.62,467.89,450.86,18257960478.56
000858.SZ,2024-05-08,69.82,69.91,70.47,69.64,312350688.2
300750.SZ,2024-05-08,41.01,41.1,41.42,40.49,2027685510.84
601318.SH,2024-05-08,27.81,27.61,28.11,27.74,1330731812.44
000333.SZ,2024-05-08,8.41,8.38,8.47,8.37,51078249.87
600036.SH,2024-05-08,127.06,126.31,127.68,126.87,6233669968.98
002415.SZ,2024-05-08,5.55,5.57,5.61,5.47,30154852.61
600276.SH,2024-05-08,24.85,25.16,25.44,24.74,24576277.64
002594.SZ,2024-05-08,105.48,106.73,107.29,102.62,2323129090.35
601012.SH,2024-05-08,198.37,199.3,201.1,194.22,3840220871.03
600887.SH,2024-05-08,104.26,104.56,106.08,103.61,3946071984.9
000002.SZ,2024-05-08,417.62,416.26,426.9,409.23,6177214918.2
600519.SH,2024-05-09,457.13,454.49,458.88,445.2,19191492579.4
000858.SZ,2024-05-09,68.76,68.25,68.76,68.19,3354563520.3
300750.SZ,2024-05-09,41.67,41.71,42.32,41.57,49417257.09
601318.SH,2024-05-09,27.57,27.5,27.76,27.09,1166846048.92
000333.SZ,2024-05-09,8.31,8.32,8.32,8.26,194186392.86
600036.SH,2024-05-09,130.69,130.61,133.45,128.25,5159176760.48
002415.SZ,2024-05-09,5.56,5.53,5.64,5.52,166405848.54
600276.SH,2024-05-09,25.14,25.17,25.19,24.36,1203080318.91
002594.SZ,2024-05-09,109.17,109.58,110.14,108.56,4120704186.43
601012.SH,2024-05-09,200.8,200.89,202.93,193.03,8425885934.34
600887.SH,2024-05-09,105.69,105.6,106.21,104.31,5273313051.18
000002.SZ,2024-05-09,392.53,393.26,398.43,388.23,10553431410.68
600519.SH,2024-05-10,463.99,463.53,472.73,462.17,17889930572.34
000858.SZ,2024-05-10,68.41,67.7,68.56,67.37,13282685.67
300750.SZ,2024-05-10,39.31,39.67,39.52,38.96,1533450403.33
601318.SH,2024-05-10,27.1,26.8,27.78,26.43,289251860.75
000333.SZ,2024-05-10,8.44,8.5,8.46,8.31,165942225.93
600036.SH,2024-05-10,129.29,129.84,131.93,126.79,1305879116.27
002415.SZ,2024-05-10,5.6,5.6,5.67,5.51,224098021.52
600276.SH,2024-05-10,24.76,24.69,24.9,24.44,364223821.71
002594.SZ,2024-05-10,108.99,107.83,110.2,108.59,997787681.99
601012.SH,2024-05-10,199.07,199.53,207.19,194.26,6094902789.1
600887.SH,2024-05-10,109.66,109.92,109.71,109.07,5264377150.01
000002.SZ,2024-05-10,403.5,404.83,403.92,402.61,18618158402.32
600519.SH,2024-05-13,466.81,469.28,472.35,461.98,22165894744.1
000858.SZ,2024-05-13,69.24,69.32,70.47,68.74,1061572244.2
300750.SZ,2024-05-13,37.72,37.88,38.3,37.7,1239192769.61
601318.SH,2024-05-13,27.38,27.38,27.79,26.69,1238466427.57
000333.SZ,2024-05-13,8.42,8.47,8.48,8.36,20883956.94
600036.SH,2024-05-13,127.52,126.72,127.56,126.88,2382884939.0
002415.SZ,2024-05-13,5.7,5.74,5.74,5.64,12889201.25
600276.SH,2024-05-13,24.58,24.58,24.58,23.78,824519259.97
002594.SZ,2024-05-13,114.39,113.71,115.68,113.35,4349310546.87
601012.SH,2024-05-13,199.71,198.47,199.86,197.23,1503197568.14
600887.SH,2024-05-13,110.05,109.31,110.18,109.89,1709650990.4
000002.SZ,2024-05-13,391.66,390.29,393.37,389.5,6317760201.44
600519.SH,2024-05-14,480.76,475.24,481.61,479.32,5232219913.75
000858.SZ,2024-05-14,69.54,69.74,69.83,69.28,2066928139.2
300750.SZ,2024-05-14,38.21,38.03,38.38,37.53,313787229.78
601318.SH,2024-05-14,27.52,27.49,28.37,26.88,341815977.84
000333.SZ,2024-05-14,8.54,8.53,8.57,8.49,42708485.29
600036.SH,2024-05-14,128.14,127.84,129.85,128.04,894154721.63
002415.SZ,2024-05-14,5.89,5.86,5.93,5.89,285433418.62
600276.SH,2024-05-14,25.5,25.61,26.34,25.29,1191600696.16
002594.SZ,2024-05-14,116.33,115.81,118.25,115.94,4597036450.58
601012.SH,2024-05-14,194.18,194.99,196.17,192.74,5111574704.58
600887.SH,2024-05-14,109.73,109.54,110.67,109.57,5075534000.72
000002.SZ,2024-05-14,399.09,399.98,406.01,396.69,2159166508.66
600519.SH,2024-05-15,483.63,484.89,490.7,475.12,10473527982.6
000858.SZ,2024-05-15,70.32,70.48,71.16,69.76,146243791.58
300750.SZ,2024-05-15,38.25,38.22,38.35,37.91,1385352681.99
601318.SH,2024-05-15,28.52,28.63,28.59,28.16,50854869.08
000333.SZ,2024-05-15,8.55,8.47,8.62,8.52,423837247.81
600036.SH,2024-05-15,127.01,126.8,127.6,125.71,4723140327.9
002415.SZ,2024-05-15,5.89,5.9,5.94,5.84,77278780.26
600276.SH,2024-05-15,25.52,25.58,25.96,25.26,627893160.25
002594.SZ,2024-05-15,111.34,111.07,111.81,110.9,4003911853.38
601012.SH,2024-05-15,196.4,196.78,197.23,196.15,4391272501.13
600887.SH,2024-05-15,108.57,109.34,111.1,105.76,1763489809.88
000002.SZ,2024-05-15,390.31,390.15,392.94,382.51,1707300140.12
600519.SH,2024-05-16,471.98,469.88,477.68,470.17,18437437906.92
000858.SZ,2024-05-16,69.9,69.72,73.38,69.05,3490055486.75
300750.SZ,2024-05-16,35.85,36.03,36.65,35.49,953917779.65
601318.SH,2024-05-16,28.25,28.21,28.29,27.75,1174790039.26
000333.SZ,2024-05-16,8.74,8.7,8.8,8.69,173715243.79
600036.SH,2024-05-16,126.04,126.16,127.38,123.66,432094624.22
002415.SZ,2024-05-16,5.71,5.69,5.75,5.69,252299065.55
600276.SH,2024-05-16,24.91,25.26,25.36,24.47,18760920.23
002594.SZ,2024-05-16,111.38,110.99,113.09,107.96,547344947.46
601012.SH,2024-05-16,188.3,189.6,190.41,187.77,6457222054.76
600887.SH,2024-05-16,105.88,105.78,106.02,105.15,119079045.75
000002.SZ,2024-05-16,389.03,391.73,394.88,388.82,3748534066.84
600519.SH,2024-05-17,458.33,461.54,461.91,456.65,3150855350.49
000858.SZ,2024-05-17,69.89,69.56,70.2,69.83,1568365689.76
300750.SZ,2024-05-17,36.07,35.97,36.16,35.12,1330982656.82
601318.SH,2024-05-17,27.81,27.7,28.3,27.62,303361456.78
000333.SZ,2024-05-17,8.58,8.56,8.73,8.45,336084707.96
600036.SH,2024-05-17,124.33,124.38,124.94,124.07,422209172.39
002415.SZ,2024-05-17,5.65,5.63,5.69,5.63,22420586.17
600276.SH,2024-05-17,25.73,25.79,25.9,25.16,1124057331.53
002594.SZ,2024-05-17,109.13,108.98,111.11,106.08,2214315686.13
601012.SH,2024-05-17,190.79,191.29,192.11,186.59,6973478255.38
600887.SH,2024-05-17,104.32,104.35,105.12,104.24,4422832148.18
000002.SZ,2024-05-17,395.26,395.35,397.67,394.3,2658717769.14
600519.SH,2024-05-20,459.22,457.41,462.45,449.89,21032553428.93
000858.SZ,2024-05-20,70.22,70.33,70.81,69.33,3056126524.91
300750.SZ,2024-05-20,34.91,35.14,34.93,34.71,104211144.64
601318.SH,2024-05-20,28.21,28.38,28.23,27.85,481756355.83
000333.SZ,2024-05-20,8.84,8.84,8.92,8.76,58107487.44
600036.SH,2024-05-20,129.36,128.94,130.9,128.35,3773256792.53
002415.SZ,2024-05-20,5.71,5.74,5.76,5.71,281544867.37
600276.SH,2024-05-20,24.71,24.57,24.86,24.65,247069095.58
002594.SZ,2024-05-20,107.81,108.11,109.33,105.48,1848655490.2
601012.SH,2024-05-20,187.63,187.44,190.28,182.62,5700498093.98
600887.SH,2024-05-20,104.39,104.57,104.44,102.73,2001043919.63
000002.SZ,2024-05-20,397.25,395.47,401.7,395.95,1515248902.48
600519.SH,2024-05-21,461.22,462.45,470.34,452.12,2436598937.11
000858.SZ,2024-05-21,72.13,71.98,73.61,71.45,2682777603.84
300750.SZ,2024-05-21,33.95,34.01,34.37,33.07,475475838.88
601318.SH,2024-05-21,28.29,28.23,28.63,27.52,168401107.44
000333.SZ,2024-05-21,8.4,8.43,8.56,8.27,226219879.87
600036.SH,2024-05-21,130.88,130.07,130.89,129.68,630267988.15
002415.SZ,2024-05-21,5.57,5.54,5.71,5.46,89574314.9
600276.SH,2024-05-21,24.87,24.9,25.66,24.64,262216072.72
002594.SZ,2024-05-21,114.08,114.5,114.91,113.34,5064160428.34
601012.SH,2024-05-21,191.33,190.0,193.58,185.42,2655509129.72
600887.SH,2024-05-21,109.15,108.92,111.75,108.92,2551904406.55
000002.SZ,2024-05-21,383.9,384.52,392.01,382.45,15690096271.13
600519.SH,2024-05-22,460.38,458.03,473.13,455.55,15962976593.65
000858.SZ,2024-05-22,72.73,72.32,73.44,72.24,2677973641.24
300750.SZ,2024-05-22,33.15,33.14,33.91,32.54,766394385.24
601318.SH,2024-05-22,28.46,28.56,28.48,27.73,306599033.47
000333.SZ,2024-05-22,8.27,8.24,8.34,8.27,90423150.79
600036.SH,2024-05-22,128.08,127.89,129.26,126.88,6336343981.47
002415.SZ,2024-05-22,5.47,5.46,5.52,5.32,162234290.51
600276.SH,2024-05-22,24.54,24.66,24.82,24.41,824644748.24
002594.SZ,2024-05-22,110.9,111.26,111.8,109.79,1777161398.11
601012.SH,2024-05-22,191.0,191.43,192.12,187.87,7289115042.22
600887.SH,2024-05-22,114.24,114.72,115.59,112.99,1305449404.54
000002.SZ,2024-05-22,376.3,377.26,376.7,375.88,3586618622.73
600519.SH,2024-05-23,449.97,452.25,451.52,445.78,14537934220.78
000858.SZ,2024-05-23,72.99,72.99,74.21,72.24,1380218060.4
300750.SZ,2024-05-23,33.82,34.04,34.71,33.65,189232786.88
601318.SH,2024-05-23,29.98,30.33,30.03,29.55,891006288.12
000333.SZ,2024-05-23,8.6,8.51,8.71,8.53,228609144.76
600036.SH,2024-05-23,136.75,136.54,137.31,136.74,6251672110.32
002415.SZ,2024-05-23,5.6,5.59,5.72,5.52,97916297.23
600276.SH,2024-05-23,25.32,25.26,25.54,24.7,989393852.32
002594.SZ,2024-05-23,110.88,111.31,113.07,109.56,593995138.08
601012.SH,2024-05-23,192.15,193.98,192.68,188.45,7933847897.42
600887.SH,2024-05-23,114.97,115.2,117.78,114.11,3537022837.2
000002.SZ,2024-05-23,387.68,384.31,389.23,379.63,6899426693.65
600519.SH,2024-05-24,461.49,456.41,462.13,459.81,3887908491.24
000858.SZ,2024-05-24,73.3,73.43,76.16,71.64,285448642.86
300750.SZ,2024-05-24,34.12,34.32,34.29,33.79,926445996.28
601318.SH,2024-05-24,29.2,28.99,29.28,29.08,596180066.2
000333.SZ,2024-05-24,8.48,8.43,8.64,8.42,353151708.79
600036.SH,2024-05-24,134.88,134.36,135.87,130.93,177612222.04
002415.SZ,2024-05-24,5.77,5.76,5.84,5.66,255990053.53
600276.SH,2024-05-24,25.58,25.79,25.72,25.22,516215859.65
002594.SZ,2024-05-24,113.06,112.2,114.75,111.62,2787835139.94
601012.SH,2024-05-24,195.86,195.95,199.21,195.52,5884931096.54
600887.SH,2024-05-24,110.16,110.12,111.17,109.06,1462163826.99
000002.SZ,2024-05-24,389.17,393.5,394.93,384.63,8638647355.46
600519.SH,2024-05-27,481.26,483.67,487.22,479.64,9535760776.92
000858.SZ,2024-05-27,74.06,74.14,74.47,72.4,1211790227.91
300750.SZ,2024-05-27,33.98,33.95,34.03,33.62,1573847244.89
601318.SH,2024-05-27,28.28,28.2,28.69,27.7,591966765.35
000333.SZ,2024-05-27,8.99,8.99,9.11,8.71,423633721.92
600036.SH,2024-05-27,138.58,139.76,139.12,136.43,3649419736.95
002415.SZ,2024-05-27,5.9,5.88,5.94,5.88,137529380.44
600276.SH,2024-05-27,25.34,25.44,25.93,24.8,817469516.48
002594.SZ,2024-05-27,111.5,110.26,111.8,111.24,5245244940.34
601012.SH,2024-05-27,191.5,191.18,192.51,189.6,1318399185.11
600887.SH,2024-05-27,109.85,109.57,112.35,108.41,5271776940.58
000002.SZ,2024-05-27,381.81,381.6,396.23,374.95,1749096327.22
600519.SH,2024-05-28,498.25,502.28,508.93,497.69,16224482860.61
000858.SZ,2024-05-28,77.3,77.76,77.82,76.92,2881930796.23
300750.SZ,2024-05-28,34.7,34.58,35.05,34.6,743869454.43
601318.SH,2024-05-28,28.68,28.66,29.01,28.48,826564724.92
000333.SZ,2024-05-28,8.94,8.88,9.04,8.64,29607907.97
600036.SH,2024-05-28,139.27,141.33,140.89,138.87,2618171400.92
002415.SZ,2024-05-28,5.78,5.72,5.92,5.7,173402824.81
600276.SH,2024-05-28,26.83,26.81,27.1,26.42,856560364.57
002594.SZ,2024-05-28,112.79,113.52,114.22,110.3,4474113364.66
601012.SH,2024-05-28,197.43,198.02,200.36,195.48,9871386302.95
600887.SH,2024-05-28,105.44,105.62,106.01,105.13,2638227827.04
000002.SZ,2024-05-28,390.83,391.24,392.2,387.46,10426724831.1
600519.SH,2024-05-29,507.58,503.37,514.74,501.5,1120561892.11
000858.SZ,2024-05-29,79.32,79.87,81.57,75.36,993998993.52
300750.SZ,2024-05-29,34.65,34.49,35.06,33.57,964928338.28
601318.SH,2024-05-29,30.29,30.37,30.43,29.96,215824453.01
000333.SZ,2024-05-29,9.03,9.13,9.07,8.98,24815558.47
600036.SH,2024-05-29,139.34,139.6,143.31,139.3,6783976903.74
002415.SZ,2024-05-29,5.86,5.88,5.88,5.8,242888192.86
600276.SH,2024-05-29,26.44,26.49,26.6,26.39,913665939.9
002594.SZ,2024-05-29,111.81,110.5,116.03,109.64,841818685.89
601012.SH,2024-05-29,197.73,198.17,199.43,197.08,4957461169.89
600887.SH,2024-05-29,98.21,97.62,100.03,98.15,2340818664.69
000002.SZ,2024-05-29,396.48,393.83,400.75,394.91,16980960668.71
600519.SH,2024-05-30,521.01,519.46,521.67,516.86,2294885405.84
000858.SZ,2024-05-30,78.31,77.88,78.8,77.95,583370070.99
300750.SZ,2024-05-30,35.51,35.58,36.5,35.08,905947750.11
601318.SH,2024-05-30,30.71,30.83,30.78,30.07,924626335.94
000333.SZ,2024-05-30,9.29,9.26,9.32,9.17,49396715.98
600036.SH,2024-05-30,136.56,137.79,139.89,136.49,6306260790.97
002415.SZ,2024-05-30,6.14,6.12,6.22,6.1,13862507.84
600276.SH,2024-05-30,26.28,26.14,26.52,25.86,673016480.41
002594.SZ,2024-05-30,113.94,113.52,114.8,112.39,2512847534.53
601012.SH,2024-05-30,196.78,196.36,198.18,194.73,8873085327.14
600887.SH,2024-05-30,93.45,92.78,95.96,92.33,2225107608.27
000002.SZ,2024-05-30,389.19,387.64,392.83,382.55,9026266258.4
600519.SH,2024-05-31,525.87,527.33,534.57,519.05,11284926894.57
000858.SZ,2024-05-31,76.73,76.59,76.83,75.71,1294535954.88
300750.SZ,2024-05-31,34.98,35.15,35.2,34.53,403876398.08
601318.SH,2024-05-31,29.91,30.07,30.07,28.58,890699563.42
000333.SZ,2024-05-31,9.08,9.04,9.15,8.98,396707734.95
600036.SH,2024-05-31,130.99,131.68,131.32,127.02,6524241922.57
002415.SZ,2024-05-31,5.95,5.97,5.95,5.9,275632940.41
600276.SH,2024-05-31,25.76,25.9,25.8,25.4,701823686.5
002594.SZ,2024-05-31,115.71,116.04,118.09,114.02,640140189.16
601012.SH,2024-05-31,188.86,188.49,190.71,187.46,3446354652.14
600887.SH,2024-05-31,93.63,94.43,95.0,92.22,1542421159.32
000002.SZ,2024-05-31,407.25,408.27,414.95,402.46,17961736477.09
600519.SH,2024-06-03,516.54,520.86,526.1,509.49,18937035659.26
000858.SZ,2024-06-03,77.39,77.5,78.05,75.36,184026400.06
300750.SZ,2024-06-03,35.68,35.52,35.82,34.73,442529503.61
601318.SH,2024-06-03,29.7,29.96,30.62,29.68,838192478.91
000333.SZ,2024-06-03,9.77,9.76,9.93,9.67,400411899.77
600036.SH,2024-06-03,129.34,128.6,129.93,129.18,1986750251.66
002415.SZ,2024-06-03,6.14,6.19,6.21,6.13,232400132.86
600276.SH,2024-06-03,26.05,26.04,26.1,26.04,650793677.82
002594.SZ,2024-06-03,116.48,116.64,119.18,115.2,2199600170.22
601012.SH,2024-06-03,185.5,185.42,187.33,182.63,782554044.77
600887.SH,2024-06-03,95.01,94.93,96.24,93.4,4687019610.66
000002.SZ,2024-06-03,395.88,395.73,399.74,385.55,17819816165.93
600519.SH,2024-06-04,521.88,521.77,529.7,516.61,18551382096.65
000858.SZ,2024-06-04,76.3,76.17,79.18,74.91,1815228711.85
300750.SZ,2024-06-04,36.66,36.47,36.88,36.55,1504760060.92
601318.SH,2024-06-04,29.49,29.7,29.5,29.3,100383940.03
000333.SZ,2024-06-04,9.84,9.73,9.85,9.73,22240409.55
600036.SH,2024-06-04,130.61,130.1,131.52,129.85,4651487762.01
002415.SZ,2024-06-04,6.0,6.04,6.06,5.94,281115311.25
600276.SH,2024-06-04,25.9,25.84,25.96,25.85,1223460383.99
002594.SZ,2024-06-04,116.39,117.14,118.56,116.37,203388671.82
601012.SH,2024-06-04,180.77,180.76,181.46,180.49,101701112.35
600887.SH,2024-06-04,94.58,95.14,94.97,92.64,3261488618.1
000002.SZ,2024-06-04,399.63,403.5,405.52,385.99,2465156401.52
600519.SH,2024-06-05,529.95,526.21,538.46,524.9,23401237179.04
000858.SZ,2024-06-05,78.2,77.77,78.2,76.6,2280744962.77
300750.SZ,2024-06-05,36.98,37.02,37.3,36.65,1180959354.05
601318.SH,2024-06-05,29.38,29.5,29.97,29.03,514869489.36
000333.SZ,2024-06-05,9.64,9.64,9.68,9.46,339344518.61
600036.SH,2024-06-05,136.98,136.15,138.42,136.05,1020681432.82
002415.SZ,2024-06-05,5.75,5.73,5.85,5.72,275781876.84
600276.SH,2024-06-05,26.38,26.44,26.92,25.85,1033731520.07
002594.SZ,2024-06-05,118.32,119.4,118.85,114.76,5161425782.94
601012.SH,2024-06-05,185.07,183.75,186.15,183.46,3392196101.72
600887.SH,2024-06-05,100.09,101.12,101.57,97.13,1019896619.89
000002.SZ,2024-06-05,404.32,404.08,405.12,402.79,15857003756.35
600519.SH,2024-06-06,537.37,532.66,541.57,536.2,11366147985.18
000858.SZ,2024-06-06,79.21,79.37,79.72,78.76,1139785182.82
300750.SZ,2024-06-06,37.78,37.67,38.43,37.5,1550715483.88
601318.SH,2024-06-06,28.81,29.0,29.45,28.15,692652893.23
000333.SZ,2024-06-06,9.96,10.02,10.06,9.82,210266069.97
600036.SH,2024-06-06,135.87,135.04,136.19,133.51,2196481730.85
002415.SZ,2024-06-06,5.52,5.51,5.54,5.48,233794332.01
600276.SH,2024-06-06,27.12,27.0,27.75,26.84,907888397.04
002594.SZ,2024-06-06,117.45,117.94,118.02,116.72,1743180979.84
601012.SH,2024-06-06,191.35,191.43,191.69,191.01,2711476018.57
600887.SH,2024-06-06,100.9,101.12,100.96,98.75,2315188133.71
000002.SZ,2024-06-06,409.65,409.25,411.95,408.27,13057055262.44
600519.SH,2024-06-07,531.55,528.81,532.97,528.0,23163470186.91
000858.SZ,2024-06-07,80.96,81.05,82.61,80.79,1338511719.33
300750.SZ,2024-06-07,38.14,38.33,38.27,37.94,1164193085.06
601318.SH,2024-06-07,28.97,29.01,28.99,28.27,1191988763.86
000333.SZ,2024-06-07,9.97,9.96,10.06,9.92,69255181.86
600036.SH,2024-06-07,135.51,134.95,136.94,133.81,4159701252.14
002415.SZ,2024-06-07,5.37,5.4,5.5,5.28,157418877.83
600276.SH,2024-06-07,26.93,27.05,27.41,26.59,379390035.38
002594.SZ,2024-06-07,124.02,123.9,126.34,121.56,1974138461.5
601012.SH,2024-06-07,198.39,198.49,201.8,195.7,5152047038.05
600887.SH,2024-06-07,102.25,102.55,104.26,101.36,2965041934.39
000002.SZ,2024-06-07,396.03,392.29,405.08,395.27,8459199027.47
600519.SH,2024-06-10,532.68,535.83,533.27,523.11,26588986841.75
000858.SZ,2024-06-10,80.99,80.6,82.46,79.28,466641675.86
300750.SZ,2024-06-10,38.38,38.17,38.56,37.89,1133808126.61
601318.SH,2024-06-10,29.33,29.67,29.36,28.52,1443536953.93
000333.SZ,2024-06-10,10.21,10.24,10.22,10.05,376919343.83
600036.SH,2024-06-10,135.25,135.84,135.59,133.86,2001774277.1
002415.SZ,2024-06-10,5.27,5.24,5.34,5.2,84490520.2
600276.SH,2024-06-10,25.78,25.79,26.09,25.42,1111762133.25
002594.SZ,2024-06-10,121.56,122.05,123.75,121.24,2716972786.04
601012.SH,2024-06-10,203.54,204.84,204.85,195.18,5772190195.46
600887.SH,2024-06-10,107.53,108.04,108.59,105.36,5310736669.16
000002.SZ,2024-06-10,401.49,398.1,405.84,395.93,3043103872.84
600519.SH,2024-06-11,531.13,532.47,537.38,512.78,10028321771.18
000858.SZ,2024-06-11,81.53,81.49,82.52,80.58,2263433796.87
300750.SZ,2024-06-11,35.92,36.23,36.35,35.64,553544581.65
601318.SH,2024-06-11,28.26,28.33,28.48,28.14,1174118181.13
000333.SZ,2024-06-11,9.86,9.89,10.26,9.62,107645906.05
600036.SH,2024-06-11,131.19,131.18,132.61,129.42,1480500647.44
002415.SZ,2024-06-11,5.31,5.31,5.42,5.26,187789236.97
600276.SH,2024-06-11,26.17,26.26,26.3,25.62,769836894.69
002594.SZ,2024-06-11,114.16,115.11,115.58,114.08,2068130260.15
601012.SH,2024-06-11,213.87,214.9,214.3,211.63,5695969767.93
600887.SH,2024-06-11,110.4,109.81,111.52,109.88,2536582661.7
000002.SZ,2024-06-11,410.11,410.23,411.33,407.2,3684011394.29
600519.SH,2024-06-12,519.25,518.26,519.97,510.99,2250782293.92
000858.SZ,2024-06-12,79.92,79.84,81.46,79.11,104399268.81
300750.SZ,2024-06-12,36.3,36.43,37.41,36.28,1557040013.02
601318.SH,2024-06-12,27.77,27.98,28.87,27.6,645499376.33
000333.SZ,2024-06-12,10.17,10.2,10.31,10.03,406047172.19
600036.SH,2024-06-12,133.03,133.7,136.91,131.75,4641929920.81
002415.SZ,2024-06-12,5.3,5.35,5.31,5.18,10409605.36
600276.SH,2024-06-12,27.12,27.22,27.52,26.35,824970496.76
002594.SZ,2024-06-12,113.82,113.55,116.14,112.73,3103163134.33
601012.SH,2024-06-12,211.69,212.42,212.11,210.55,7967125504.96
600887.SH,2024-06-12,107.14,106.73,108.45,106.19,4587563444.16
000002.SZ,2024-06-12,400.59,400.33,408.1,399.11,2372848111.33
600519.SH,2024-06-13,544.38,541.22,545.23,540.38,18376822227.74
000858.SZ,2024-06-13,80.74,80.74,81.1,79.9,16338888.1
300750.SZ,2024-06-13,35.61,35.46,35.96,34.99,1365909235.41
601318.SH,2024-06-13,26.86,26.83,26.96,26.37,788048438.69
000333.SZ,2024-06-13,10.27,10.25,10.31,10.14,67600284.15
600036.SH,2024-06-13,130.18,131.59,131.2,129.52,6378003994.51
002415.SZ,2024-06-13,5.19,5.16,5.22,5.14,56671988.59
600276.SH,2024-06-13,27.1,27.22,27.42,26.58,522752905.07
002594.SZ,2024-06-13,113.08,113.33,116.02,109.99,4206483712.21
601012.SH,2024-06-13,206.64,208.58,214.27,205.33,2554475041.68
600887.SH,2024-06-13,107.88,108.32,108.07,107.52,4383839572.17
000002.SZ,2024-06-13,393.93,393.46,398.75,393.42,16069356093.04
600519.SH,2024-06-14,556.31,557.58,563.1,550.96,23748087312.93
000858.SZ,2024-06-14,80.61,80.51,80.96,79.55,796381267.9
300750.SZ,2024-06-14,35.32,35.48,36.16,34.81,1561524158.38
601318.SH,2024-06-14,27.32,27.45,27.84,26.58,777441425.45
000333.SZ,2024-06-14,10.36,10.3,10.65,10.32,221228786.51
600036.SH,2024-06-14,131.77,130.83,132.58,131.62,5590767014.69
002415.SZ,2024-06-14,5.34,5.39,5.44,5.25,47924834.09
600276.SH,2024-06-14,27.54,27.31,27.72,27.13,78447618.04
002594.SZ,2024-06-14,114.14,114.5,114.63,114.14,3444275500.48
601012.SH,2024-06-14,208.41,207.96,210.14,207.61,1632486860.08
600887.SH,2024-06-14,106.48,106.65,108.84,105.81,1499073270.49
000002.SZ,2024-06-14,395.89,392.25,404.28,394.28,6524536492.77
600519.SH,2024-06-17,577.95,584.38,587.06,572.47,19866966069.42
000858.SZ,2024-06-17,82.19,82.53,84.63,82.15,1857012368.56
300750.SZ,2024-06-17,34.9,34.71,35.01,33.76,705856240.42
601318.SH,2024-06-17,26.5,26.4,26.64,25.93,1010183537.07
000333.SZ,2024-06-17,10.31,10.32,10.33,10.2,333307327.71
600036.SH,2024-06-17,128.38,128.41,129.58,126.02,4625875198.92
002415.SZ,2024-06-17,5.48,5.49,5.5,5.38,87087540.94
600276.SH,2024-06-17,28.25,28.19,28.84,27.88,1038686601.18
002594.SZ,2024-06-17,117.58,117.62,117.6,117.44,453065249.81
601012.SH,2024-06-17,206.18,206.86,207.67,205.08,9411938287.75
600887.SH,2024-06-17,101.19,100.86,102.51,97.27,4510214931.33
000002.SZ,2024-06-17,383.89,382.82,385.01,378.16,9505813589.34
600519.SH,2024-06-18,582.33,580.38,587.41,572.87,19145345271.61
000858.SZ,2024-06-18,84.48,84.55,85.32,84.1,547769988.08
300750.SZ,2024-06-18,35.41,35.39,35.7,35.38,950141673.74
601318.SH,2024-06-18,26.6,26.61,26.67,25.13,107961868.99
000333.SZ,2024-06-18,10.35,10.33,10.54,10.33,432986470.64
600036.SH,2024-06-18,129.55,130.54,132.21,126.38,4451868223.42
002415.SZ,2024-06-18,5.75,5.69,5.85,5.7,49614012.12
600276.SH,2024-06-18,28.53,28.61,28.61,28.3,217395865.57
002594.SZ,2024-06-18,117.61,117.48,117.61,117.47,28549321.93
601012.SH,2024-06-18,209.6,210.19,213.71,207.67,7357900248.1
600887.SH,2024-06-18,97.54,97.92,97.86,95.05,2229487457.85
000002.SZ,2024-06-18,384.29,382.98,393.84,379.36,12241755534.33
600519.SH,2024-06-19,564.33,559.36,569.21,551.48,4647641942.02
000858.SZ,2024-06-19,86.52,86.2,87.85,85.56,1969720454.78
300750.SZ,2024-06-19,35.22,35.27,35.38,34.93,1473036498.0
601318.SH,2024-06-19,26.93,26.76,28.16,26.72,222433063.98
000333.SZ,2024-06-19,10.04,9.92,10.08,9.65,414889736.11
600036.SH,2024-06-19,137.1,138.0,139.2,134.99,1681055794.32
002415.SZ,2024-06-19,5.64,5.68,5.65,5.5,163563698.53
600276.SH,2024-06-19,28.84,28.96,29.6,28.59,1309056802.26
002594.SZ,2024-06-19,120.95,120.74,121.54,120.25,3153403460.48
601012.SH,2024-06-19,206.27,206.42,208.01,205.62,2443678978.08
600887.SH,2024-06-19,97.49,97.37,98.82,96.52,151625215.3
000002.SZ,2024-06-19,383.37,384.58,387.08,376.72,17136657423.34
600519.SH,2024-06-20,571.87,569.34,577.09,556.89,26909780296.4
000858.SZ,2024-06-20,81.31,81.53,81.42,79.51,2153296691.92
300750.SZ,2024-06-20,34.36,34.45,34.88,33.38,1196906111.22
601318.SH,2024-06-20,27.33,27.27,27.44,27.28,1031793700.43
000333.SZ,2024-06-20,10.19,10.24,10.28,10.05,479211626.59
600036.SH,2024-06-20,137.02,136.66,139.46,134.72,459026928.67
002415.SZ,2024-06-20,5.72,5.72,5.91,5.71,130876744.82
600276.SH,2024-06-20,28.5,28.63,29.19,27.95,1227562622.68
002594.SZ,2024-06-20,114.98,114.52,118.23,114.46,592890291.54
601012.SH,2024-06-20,198.51,200.37,198.86,198.04,7910644360.9
600887.SH,2024-06-20,100.79,100.3,100.88,99.59,1339553939.96
000002.SZ,2024-06-20,375.14,374.96,379.46,372.51,2026211246.21
600519.SH,2024-06-21,550.81,552.63,555.57,534.18,18089766033.27
000858.SZ,2024-06-21,83.07,82.6,84.54,81.97,3072076759.2
300750.SZ,2024-06-21,33.46,33.42,34.2,32.76,119881570.88
601318.SH,2024-06-21,26.56,26.69,26.99,26.54,432204223.49
000333.SZ,2024-06-21,10.27,10.3,10.33,10.11,367252705.6
600036.SH,2024-06-21,133.94,133.12,138.79,130.22,1521877387.36
002415.SZ,2024-06-21,5.89,5.88,6.01,5.81,259549391.27
600276.SH,2024-06-21,28.52,28.41,28.77,28.49,164452495.33
002594.SZ,2024-06-21,116.57,116.21,117.54,116.01,2273432022.42
601012.SH,2024-06-21,193.38,193.14,195.02,190.02,1909526328.02
600887.SH,2024-06-21,101.39,101.38,102.6,100.08,2712414473.25
000002.SZ,2024-06-21,383.51,382.11,383.54,382.07,16067461481.17
600519.SH,2024-06-24,538.87,538.94,544.19,532.92,26407618194.98
000858.SZ,2024-06-24,80.26,80.7,81.34,79.74,2150660460.92
300750.SZ,2024-06-24,32.44,32.64,32.66,32.02,31444082.56
601318.SH,2024-06-24,26.54,26.38,26.86,25.69,1001079455.48
000333.SZ,2024-06-24,10.9,11.06,11.05,10.63,131109651.82
600036.SH,2024-06-24,127.2,127.22,129.32,125.05,2249922518.78
002415.SZ,2024-06-24,5.74,5.73,5.82,5.73,103673897.87
600276.SH,2024-06-24,27.9,27.66,28.21,27.52,266689444.77
002594.SZ,2024-06-24,110.08,110.88,111.94,109.68,1793715182.84
601012.SH,2024-06-24,198.18,198.79,201.91,197.52,6783999269.76
600887.SH,2024-06-24,102.31,102.54,102.95,102.22,1525329199.08
000002.SZ,2024-06-24,373.66,373.41,380.31,367.79,4062844112.81
600519.SH,2024-06-25,535.87,532.63,536.74,524.3,20256579256.32
000858.SZ,2024-06-25,77.82,77.56,78.36,77.64,3662843226.87
300750.SZ,2024-06-25,31.14,31.0,32.06,30.55,128711377.56
601318.SH,2024-06-25,26.29,26.24,26.4,25.94,1126370904.63
000333.SZ,2024-06-25,11.15,11.16,11.41,11.05,284745084.22
600036.SH,2024-06-25,128.06,128.41,129.99,125.63,6300839827.68
002415.SZ,2024-06-25,5.57,5.58,5.73,5.53,189667553.45
600276.SH,2024-06-25,28.45,28.46,28.65,28.45,1117921184.38
002594.SZ,2024-06-25,110.95,110.61,111.91,109.34,4463332979.65
601012.SH,2024-06-25,192.85,192.09,195.86,191.75,1794696649.5
600887.SH,2024-06-25,106.61,106.58,108.32,106.24,3707340505.27
000002.SZ,2024-06-25,358.97,357.84,360.31,356.61,15695203740.15
600519.SH,2024-06-26,551.88,553.97,554.68,549.42,10727982084.42
000858.SZ,2024-06-26,76.49,76.42,76.64,76.38,2013171248.87
300750.SZ,2024-06-26,31.24,31.08,31.25,31.15,1560100958.05
601318.SH,2024-06-26,26.87,26.89,27.77,26.52,291731072.33
000333.SZ,2024-06-26,10.89,10.91,10.91,10.73,126822477.24
600036.SH,2024-06-26,126.23,125.9,127.29,124.05,3798670852.43
002415.SZ,2024-06-26,5.51,5.52,5.58,5.47,262172635.19
600276.SH,2024-06-26,29.45,29.46,29.56,29.22,798746625.36
002594.SZ,2024-06-26,112.95,112.21,115.88,111.52,2779728074.94
601012.SH,2024-06-26,193.79,194.21,194.99,186.69,3198732458.43
600887.SH,2024-06-26,108.34,108.45,109.47,105.72,3554386624.43
000002.SZ,2024-06-26,355.26,356.3,360.39,353.84,14439371835.46
600519.SH,2024-06-27,550.52,548.32,551.63,544.13,4610941480.76
000858.SZ,2024-06-27,78.87,78.61,79.34,77.53,748690567.89
300750.SZ,2024-06-27,33.11,33.17,33.75,32.65,789764653.59
601318.SH,2024-06-27,27.3,27.22,27.56,27.21,72499015.83
000333.SZ,2024-06-27,10.64,10.67,10.85,10.55,171824094.65
600036.SH,2024-06-27,127.29,127.62,129.28,125.94,5990129826.52
002415.SZ,2024-06-27,5.2,5.18,5.21,5.12,118189783.6
600276.SH,2024-06-27,30.26,30.48,30.72,29.94,318292745.88
002594.SZ,2024-06-27,113.74,113.59,114.75,113.54,5044189915.67
601012.SH,2024-06-27,190.22,186.84,192.61,186.7,191442718.99
600887.SH,2024-06-27,109.74,109.74,113.32,107.53,1323076920.1
000002.SZ,2024-06-27,345.17,346.57,347.13,342.89,17255718243.27
600519.SH,2024-06-28,536.72,534.93,537.91,533.6,19333226691.89
000858.SZ,2024-06-28,80.07,80.17,80.27,79.44,1882526189.05
300750.SZ,2024-06-28,34.54,34.51,34.9,34.38,30180745.44
601318.SH,2024-06-28,26.96,26.98,27.17,26.95,1173087023.97
000333.SZ,2024-06-28,10.5,10.48,10.51,10.42,225857345.02
600036.SH,2024-06-28,125.25,125.48,126.36,123.16,5106544686.21
002415.SZ,2024-06-28,5.17,5.18,5.25,5.15,140752052.43
600276.SH,2024-06-28,30.13,30.07,31.14,29.2,615748013.66
002594.SZ,2024-06-28,115.76,116.22,116.89,114.76,1397807588.46
601012.SH,2024-06-28,190.08,190.94,190.57,188.44,7944916996.46
600887.SH,2024-06-28,108.6,109.06,109.6,105.75,762323390.48
000002.SZ,2024-06-28,339.31,338.83,342.98,332.07,15172612454.4
600519.SH,2024-07-01,544.32,540.24,549.43,536.67,10492998304.78
000858.SZ,2024-07-01,81.09,80.92,82.51,80.36,830931150.28
300750.SZ,2024-07-01,35.66,35.72,35.74,35.15,1284611707.21
601318.SH,2024-07-01,26.91,27.11,27.05,26.84,596188333.39
000333.SZ,2024-07-01,10.35,10.32,10.48,10.26,24898487.22
600036.SH,2024-07-01,128.78,130.41,129.78,128.57,5572450373.59
002415.SZ,2024-07-01,5.23,5.24,5.28,5.17,58112678.87
600276.SH,2024-07-01,31.23,31.03,31.44,31.09,900359944.14
002594.SZ,2024-07-01,119.48,120.12,119.82,114.72,1065034184.56
601012.SH,2024-07-01,193.47,192.82,196.44,191.34,2078653947.27
600887.SH,2024-07-01,109.18,109.4,110.54,108.77,3711750850.42
000002.SZ,2024-07-01,338.91,339.0,342.7,330.53,9983233347.71
600519.SH,2024-07-02,560.1,563.51,568.48,558.97,26109987906.51
000858.SZ,2024-07-02,83.59,83.92,86.46,83.0,730538006.31
300750.SZ,2024-07-02,35.61,35.29,35.71,35.54,49365266.07
601318.SH,2024-07-02,27.91,27.9,28.5,27.45,106991071.26
000333.SZ,2024-07-02,10.23,10.27,10.42,10.03,210135983.25
600036.SH,2024-07-02,125.9,125.68,130.18,121.5,3382426864.97
002415.SZ,2024-07-02,5.31,5.29,5.34,5.25,142039047.93
600276.SH,2024-07-02,30.95,30.95,31.03,30.16,255220101.9
002594.SZ,2024-07-02,120.24,119.78,121.94,115.3,5832134380.4
601012.SH,2024-07-02,195.45,194.68,196.91,194.85,8305466383.5
600887.SH,2024-07-02,111.37,111.23,111.84,109.13,2058282453.04
000002.SZ,2024-07-02,336.05,337.81,337.56,334.87,4439277478.71
600519.SH,2024-07-03,543.34,535.54,552.44,543.09,7685779886.01
000858.SZ,2024-07-03,82.94,82.63,84.25,82.82,2597742814.3
300750.SZ,2024-07-03,37.93,37.88,38.71,37.48,1201332410.61
601318.SH,2024-07-03,28.75,28.58,29.4,28.34,14033289.99
000333.SZ,2024-07-03,10.58,10.58,10.61,10.38,25863627.14
600036.SH,2024-07-03,121.56,122.26,122.4,121.54,4205975954.23
002415.SZ,2024-07-03,5.41,5.34,5.48,5.34,106611211.69
600276.SH,2024-07-03,30.98,31.16,30.99,30.47,1293277661.43
002594.SZ,2024-07-03,121.25,121.76,122.75,118.99,6043111572.18
601012.SH,2024-07-03,186.99,187.75,189.23,182.88,5823700988.52
600887.SH,2024-07-03,118.2,117.83,118.86,114.95,1033577563.83
000002.SZ,2024-07-03,328.76,328.44,330.55,326.98,4292968583.61
600519.SH,2024-07-04,554.88,554.44,562.3,546.82,18011491931.14
000858.SZ,2024-07-04,84.46,84.5,84.54,81.91,2529737323.84
300750.SZ,2024-07-04,39.12,39.13,39.34,39.11,76571156.16
601318.SH,2024-07-04,29.61,29.72,29.85,29.4,1206585279.76
000333.SZ,2024-07-04,10.64,10.63,10.87,10.14,211640329.96
600036.SH,2024-07-04,118.27,118.67,120.85,116.04,5145493778.24
002415.SZ,2024-07-04,5.56,5.55,5.75,5.49,223115507.07
600276.SH,2024-07-04,31.79,31.64,32.69,31.4,1041739958.85
002594.SZ,2024-07-04,121.09,122.63,121.61,121.01,2004971858.57
601012.SH,2024-07-04,189.01,189.41,191.41,187.62,7229613353.68
600887.SH,2024-07-04,118.93,119.09,119.73,117.57,218331174.27
000002.SZ,2024-07-04,321.48,321.88,324.8,317.46,13145056969.77
600519.SH,2024-07-05,548.31,548.34,566.03,544.32,20900107699.13
000858.SZ,2024-07-05,85.39,85.82,85.81,85.2,1879717171.27
300750.SZ,2024-07-05,40.62,40.24,42.35,40.33,852491082.3
601318.SH,2024-07-05,29.23,29.05,29.92,28.96,387423163.05
000333.SZ,2024-07-05,10.96,10.97,11.09,10.63,462619159.26
600036.SH,2024-07-05,116.15,115.9,117.83,115.18,5207735180.03
002415.SZ,2024-07-05,5.79,5.79,5.8,5.67,138574605.62
600276.SH,2024-07-05,31.55,31.55,31.63,31.54,1365432342.66
002594.SZ,2024-07-05,122.95,122.0,126.04,121.89,693023275.24
601012.SH,2024-07-05,188.96,188.76,189.66,188.46,7107897742.34
600887.SH,2024-07-05,117.01,117.38,117.69,116.13,5701471958.41
000002.SZ,2024-07-05,329.82,332.93,330.0,329.66,2906456604.12
600519.SH,2024-07-08,545.24,548.38,549.93,543.59,24038291259.02
000858.SZ,2024-07-08,84.13,84.17,84.78,83.83,2223122695.76
300750.SZ,2024-07-08,42.35,42.82,42.78,41.34,1265683380.39
601318.SH,2024-07-08,29.17,29.23,29.53,28.82,256350746.18
000333.SZ,2024-07-08,10.82,10.78,10.88,10.49,120848978.74
600036.SH,2024-07-08,118.34,117.82,121.46,116.13,83725879.79
002415.SZ,2024-07-08,5.61,5.61,5.66,5.59,40144413.88
600276.SH,2024-07-08,32.42,32.33,32.9,32.39,226398528.92
002594.SZ,2024-07-08,125.94,125.85,128.1,125.18,287582855.53
601012.SH,2024-07-08,192.49,193.6,196.7,189.47,5705814113.86
600887.SH,2024-07-08,117.84,116.87,118.06,117.83,3593510430.23
000002.SZ,2024-07-08,324.71,327.2,332.99,315.18,9623180073.18
600519.SH,2024-07-09,552.65,553.77,556.51,542.08,16089024430.05
000858.SZ,2024-07-09,86.96,87.36,88.09,84.82,3903215323.63
300750.SZ,2024-07-09,42.63,43.17,43.12,42.15,1943798737.62
601318.SH,2024-07-09,27.99,28.23,28.1,27.28,1010825872.69
000333.SZ,2024-07-09,11.6,11.63,11.6,11.3,359221643.32
600036.SH,2024-07-09,122.2,121.84,123.78,119.67,2033017828.15
002415.SZ,2024-07-09,5.64,5.62,5.67,5.58,64075183.65
600276.SH,2024-07-09,33.61,33.53,33.63,33.41,315986231.66
002594.SZ,2024-07-09,129.15,128.1,130.0,124.8,5874283280.98
601012.SH,2024-07-09,189.66,190.15,190.98,187.69,1368441445.15
600887.SH,2024-07-09,118.28,119.32,118.46,117.06,5679652085.63
000002.SZ,2024-07-09,316.91,318.83,327.35,307.38,8230548038.5
600519.SH,2024-07-10,547.17,547.4,557.25,526.99,16674399185.09
000858.SZ,2024-07-10,85.87,85.43,88.23,83.93,4170734245.31
300750.SZ,2024-07-10,43.78,43.88,44.25,43.29,1224516429.69
601318.SH,2024-07-10,28.2,28.24,28.3,28.02,1184323470.39
000333.SZ,2024-07-10,11.88,11.92,12.02,11.82,109876525.1
600036.SH,2024-07-10,122.33,122.24,123.21,121.36,5756394259.97
002415.SZ,2024-07-10,5.97,5.98,6.1,5.85,65372538.94
600276.SH,2024-07-10,33.47,33.57,33.49,32.12,1065775730.1
002594.SZ,2024-07-10,127.22,126.79,128.36,127.02,4948980700.35
601012.SH,2024-07-10,185.8,185.1,186.57,181.8,568890046.72
600887.SH,2024-07-10,122.42,122.88,124.83,121.63,3130917361.03
000002.SZ,2024-07-10,299.21,301.28,305.31,297.09,11496603892.68
600519.SH,2024-07-11,551.18,550.84,557.35,544.15,13127803780.5
000858.SZ,2024-07-11,85.22,84.83,86.62,83.97,2832468533.57
300750.SZ,2024-07-11,44.61,44.47,44.96,43.43,2009879130.13
601318.SH,2024-07-11,27.43,27.49,27.45,27.38,219862293.87
000333.SZ,2024-07-11,11.75,11.73,11.93,11.25,467422287.64
600036.SH,2024-07-11,121.82,122.31,122.55,121.38,2913356101.95
002415.SZ,2024-07-11,6.09,6.09,6.09,6.08,49159786.35
600276.SH,2024-07-11,34.23,34.26,34.26,34.13,1164691873.65
002594.SZ,2024-07-11,132.4,132.54,136.28,131.71,69232118.3
601012.SH,2024-07-11,185.71,185.68,189.32,184.84,7816488941.97
600887.SH,2024-07-11,120.17,120.76,121.63,115.97,4920811306.5
000002.SZ,2024-07-11,308.18,309.36,309.89,306.7,14774997036.24
600519.SH,2024-07-12,577.08,582.72,577.47,558.28,13910339674.58
000858.SZ,2024-07-12,86.09,85.82,86.59,85.7,1255588762.4
300750.SZ,2024-07-12,44.24,43.95,44.43,43.9,2159300978.54
601318.SH,2024-07-12,27.98,28.1,28.24,27.17,1266720293.79
000333.SZ,2024-07-12,11.86,11.88,11.99,11.76,401287714.28
600036.SH,2024-07-12,119.59,120.02,122.27,116.62,3056335514.48
002415.SZ,2024-07-12,6.12,6.16,6.16,6.05,93081503.17
600276.SH,2024-07-12,34.02,33.95,34.33,33.97,1208403276.38
002594.SZ,2024-07-12,129.82,130.21,131.24,127.35,4603805811.2
601012.SH,2024-07-12,197.19,195.16,197.34,196.14,3707996044.49
600887.SH,2024-07-12,121.74,121.06,122.14,120.52,2473742905.2
000002.SZ,2024-07-12,312.85,315.41,316.62,304.63,15604858056.93
600519.SH,2024-07-15,571.32,573.84,575.28,562.09,17134816637.12
000858.SZ,2024-07-15,86.98,87.16,87.73,86.93,3900055965.92
300750.SZ,2024-07-15,43.65,43.68,43.77,43.22,1707910485.81
601318.SH,2024-07-15,28.61,28.68,28.7,28.53,99336734.62
000333.SZ,2024-07-15,12.19,12.14,12.39,12.15,280618721.38
600036.SH,2024-07-15,121.31,120.33,124.1,120.5,78801747.02
002415.SZ,2024-07-15,6.24,6.23,6.47,6.14,289050343.06
600276.SH,2024-07-15,34.37,34.24,35.16,34.21,26299351.69
002594.SZ,2024-07-15,129.67,129.63,130.87,129.34,1847196065.39
601012.SH,2024-07-15,198.29,199.2,202.91,192.42,7525592760.78
600887.SH,2024-07-15,124.5,124.81,124.65,124.17,5936400006.95
000002.SZ,2024-07-15,312.19,315.07,314.84,306.05,1781567420.69
600519.SH,2024-07-16,564.75,566.73,568.2,564.12,20779058990.77
000858.SZ,2024-07-16,82.76,82.46,83.74,82.26,1925796550.17
300750.SZ,2024-07-16,45.02,45.32,45.59,44.74,781106584.63
601318.SH,2024-07-16,28.21,28.18,28.84,27.73,213296476.77
000333.SZ,2024-07-16,12.37,12.36,12.55,12.26,323412602.95
600036.SH,2024-07-16,119.06,120.13,119.81,118.5,3310870594.18
002415.SZ,2024-07-16,6.35,6.3,6.46,6.32,83118512.4
600276.SH,2024-07-16,34.76,34.93,35.28,34.19,1001366879.98
002594.SZ,2024-07-16,126.32,124.68,127.49,124.24,3630528375.08
601012.SH,2024-07-16,207.37,206.23,209.01,206.66,3750834285.86
600887.SH,2024-07-16,125.44,125.1,128.29,125.29,2014603513.47
000002.SZ,2024-07-16,317.26,315.83,318.11,312.64,10892398524.03
600519.SH,2024-07-17,568.22,569.76,571.03,551.44,24479268865.68
000858.SZ,2024-07-17,81.38,81.48,83.14,79.93,3493961488.62
300750.SZ,2024-07-17,44.68,44.77,44.95,44.02,1875447934.21
601318.SH,2024-07-17,29.56,29.51,30.28,29.29,444497058.43
000333.SZ,2024-07-17,12.01,12.05,12.15,11.81,296624180.72
600036.SH,2024-07-17,117.97,118.13,120.31,117.84,3114354159.09
002415.SZ,2024-07-17,6.54,6.49,6.66,6.42,95706232.51
600276.SH,2024-07-17,33.55,33.53,33.66,32.62,1039353962.99
002594.SZ,2024-07-17,122.44,123.37,123.6,120.64,2107089476.83
601012.SH,2024-07-17,205.41,204.68,205.78,203.66,7793499980.19
600887.SH,2024-07-17,124.54,124.34,124.77,122.84,1017033969.13
000002.SZ,2024-07-17,311.22,310.55,319.81,296.33,5028243399.08
600519.SH,2024-07-18,557.21,551.9,563.16,553.03,6195987099.48
000858.SZ,2024-07-18,80.86,80.19,80.91,78.68,269400330.5
300750.SZ,2024-07-18,46.18,46.17,46.45,45.96,702122761.79
601318.SH,2024-07-18,28.82,28.88,29.46,28.8,1408072996.58
000333.SZ,2024-07-18,12.67,12.71,12.74,12.61,384654475.45
600036.SH,2024-07-18,119.7,118.26,121.3,115.98,2464494390.81
002415.SZ,2024-07-18,6.33,6.37,6.39,6.19,78374052.08
600276.SH,2024-07-18,34.16,34.25,34.33,33.62,732094780.01
002594.SZ,2024-07-18,122.38,122.11,123.25,120.02,4514954774.93
601012.SH,2024-07-18,207.18,206.45,208.73,207.15,7114906169.22
600887.SH,2024-07-18,131.5,132.56,131.82,127.36,687886479.54
000002.SZ,2024-07-18,319.32,318.7,324.61,316.57,13024809538.66
600519.SH,2024-07-19,551.86,547.79,553.05,545.41,17660966247.33
000858.SZ,2024-07-19,80.4,80.19,83.08,79.61,480382189.06
300750.SZ,2024-07-19,44.92,45.29,45.15,43.3,97581280.4
601318.SH,2024-07-19,28.95,28.84,29.33,28.88,136367304.18
000333.SZ,2024-07-19,12.42,12.49,12.66,12.39,521535208.05
600036.SH,2024-07-19,122.62,122.6,125.41,122.36,2133815412.51
002415.SZ,2024-07-19,6.31,6.3,6.32,6.26,303949506.82
600276.SH,2024-07-19,35.32,35.51,36.01,35.04,187726053.37
002594.SZ,2024-07-19,117.4,117.4,118.15,117.28,794805735.13
601012.SH,2024-07-19,203.83,202.96,208.51,203.36,804151139.48
600887.SH,2024-07-19,133.31,133.95,134.09,131.71,6319357186.62
000002.SZ,2024-07-19,321.87,323.0,324.41,320.75,11321881053.43
600519.SH,2024-07-22,541.48,538.23,543.19,534.54,7427900803.44
000858.SZ,2024-07-22,78.34,78.49,79.18,77.69,3797937636.06
300750.SZ,2024-07-22,46.0,45.99,46.69,45.59,748860531.54
601318.SH,2024-07-22,28.21,28.11,28.77,28.18,1144727436.3
000333.SZ,2024-07-22,12.64,12.59,12.92,12.62,199132852.6
600036.SH,2024-07-22,122.91,123.61,123.34,122.75,2320860555.0
002415.SZ,2024-07-22,6.29,6.27,6.36,6.18,284610551.03
600276.SH,2024-07-22,34.81,34.65,34.85,33.91,1330244886.16
002594.SZ,2024-07-22,123.11,122.79,123.99,119.59,51602532.95
601012.SH,2024-07-22,201.24,201.06,202.24,198.61,6538904502.05
600887.SH,2024-07-22,123.32,123.44,123.72,123.29,32810986.3
000002.SZ,2024-07-22,320.55,319.47,322.83,316.45,8585311638.01
600519.SH,2024-07-23,558.21,558.17,570.95,544.18,6469365399.14
000858.SZ,2024-07-23,78.46,78.26,79.81,77.64,783253277.05
300750.SZ,2024-07-23,45.73,45.46,45.77,44.27,609985328.54
601318.SH,2024-07-23,29.46,29.38,30.16,29.16,224053438.65
000333.SZ,2024-07-23,12.68,12.76,12.93,12.62,94814642.68
600036.SH,2024-07-23,121.02,121.04,121.56,120.33,3288740011.36
002415.SZ,2024-07-23,6.24,6.23,6.27,6.23,61841522.95
600276.SH,2024-07-23,34.74,34.46,35.61,34.66,1548794233.65
002594.SZ,2024-07-23,124.27,124.21,124.61,123.62,1931608566.22
601012.SH,2024-07-23,208.57,208.21,210.19,206.4,1607447158.16
600887.SH,2024-07-23,124.71,124.73,127.19,123.87,728577211.09
000002.SZ,2024-07-23,329.89,329.61,332.84,324.94,251087391.18
600519.SH,2024-07-24,550.55,552.31,551.16,550.09,4226817119.7
000858.SZ,2024-07-24,80.16,80.48,81.09,79.39,2804324662.57
300750.SZ,2024-07-24,43.64,43.53,44.33,43.23,371630389.51
601318.SH,2024-07-24,28.6,28.6,28.75,28.47,359088664.01
000333.SZ,2024-07-24,12.63,12.68,12.99,12.39,205061049.43
600036.SH,2024-07-24,123.31,122.74,124.07,121.92,3832679456.34
002415.SZ,2024-07-24,6.29,6.28,6.49,6.27,170312257.74
600276.SH,2024-07-24,34.41,34.17,34.62,34.28,948303323.57
002594.SZ,2024-07-24,120.4,120.53,122.16,117.38,2394264547.92
601012.SH,2024-07-24,212.3,213.43,212.86,212.0,308158042.54
600887.SH,2024-07-24,116.17,116.06,116.54,114.18,3728277122.96
000002.SZ,2024-07-24,330.39,330.29,339.2,325.19,7440552705.14
600519.SH,2024-07-25,543.4,544.89,547.34,541.61,5287518739.69
000858.SZ,2024-07-25,80.93,81.12,81.39,77.86,958489020.04
300750.SZ,2024-07-25,43.65,43.81,43.71,43.31,294404054.09
601318.SH,2024-07-25,28.99,29.04,29.13,28.62,1067485301.92
000333.SZ,2024-07-25,12.82,12.89,13.33,12.8,365492113.68
600036.SH,2024-07-25,127.41,127.69,128.95,126.12,758843590.0
002415.SZ,2024-07-25,6.47,6.47,6.51,6.41,297625950.95
600276.SH,2024-07-25,35.3,35.28,35.53,34.58,1700952783.12
002594.SZ,2024-07-25,121.04,120.74,121.73,120.99,2444185457.17
601012.SH,2024-07-25,213.53,214.1,215.27,213.17,974240798.64
600887.SH,2024-07-25,121.03,121.27,122.96,115.42,3642977021.03
000002.SZ,2024-07-25,330.4,331.24,333.26,326.72,217042379.28
600519.SH,2024-07-26,541.25,537.28,542.22,540.86,23184998059.05
000858.SZ,2024-07-26,77.92,77.98,78.5,76.46,845041734.74
300750.SZ,2024-07-26,44.18,44.34,44.46,42.66,1848135892.34
601318.SH,2024-07-26,29.39,29.16,29.44,29.26,1247990352.74
000333.SZ,2024-07-26,13.23,13.07,13.31,13.17,97100511.37
600036.SH,2024-07-26,126.42,126.56,128.7,126.24,3912752343.58
002415.SZ,2024-07-26,6.32,6.39,6.34,6.27,128584012.56
600276.SH,2024-07-26,34.17,34.22,34.52,33.84,1614202892.9
002594.SZ,2024-07-26,121.34,120.43,123.55,119.17,1854608234.05
601012.SH,2024-07-26,212.86,213.56,214.78,210.46,9547981579.58
600887.SH,2024-07-26,122.7,122.77,123.16,122.36,5458150197.73
000002.SZ,2024-07-26,334.06,330.62,336.3,332.38,8343956447.26
600519.SH,2024-07-29,554.9,554.51,560.63,551.38,608697622.29
000858.SZ,2024-07-29,80.42,80.14,81.83,79.79,85248131.87
300750.SZ,2024-07-29,44.7,44.78,45.38,43.31,1828588198.62
601318.SH,2024-07-29,27.96,28.06,28.05,27.64,1097192897.72
000333.SZ,2024-07-29,13.09,13.1,13.18,13.06,483937131.55
600036.SH,2024-07-29,129.38,129.96,130.39,127.2,2941839464.17
002415.SZ,2024-07-29,6.2,6.16,6.24,6.12,243534767.2
600276.SH,2024-07-29,33.1,33.13,33.37,32.95,707049917.22
002594.SZ,2024-07-29,119.49,119.02,121.3,117.44,5587406052.63
601012.SH,2024-07-29,214.21,212.87,217.85,213.71,1690207912.58
600887.SH,2024-07-29,121.38,120.75,121.74,119.23,5716967144.95
000002.SZ,2024-07-29,329.96,328.64,331.55,325.53,961057135.61
600519.SH,2024-07-30,538.25,538.57,544.48,534.31,2376790361.34
000858.SZ,2024-07-30,83.7,83.01,84.78,82.79,3539184881.57
300750.SZ,2024-07-30,45.76,45.33,46.77,45.39,827477805.0
601318.SH,2024-07-30,27.17,26.92,27.63,27.11,4735691.24
000333.SZ,2024-07-30,12.29,12.36,12.35,12.25,151199712.75
600036.SH,2024-07-30,129.95,130.66,132.0,129.01,2130519144.22
002415.SZ,2024-07-30,6.09,6.1,6.11,5.92,177063722.05
600276.SH,2024-07-30,33.36,33.19,34.13,32.08,870332089.79
002594.SZ,2024-07-30,117.95,117.55,121.13,116.89,1912435863.18
601012.SH,2024-07-30,215.6,214.45,217.87,214.6,4148300744.48
600887.SH,2024-07-30,122.57,122.59,124.4,119.75,1427724765.59
000002.SZ,2024-07-30,314.8,314.2,320.23,312.37,816059899.13
600519.SH,2024-07-31,538.35,535.6,543.07,529.16,16923942577.65
000858.SZ,2024-07-31,81.19,81.19,81.35,79.73,3928676748.43
300750.SZ,2024-07-31,45.94,45.85,46.19,45.78,1126652083.33
601318.SH,2024-07-31,27.5,27.46,27.74,26.65,723938361.19
000333.SZ,2024-07-31,12.24,12.33,12.3,11.98,298614910.7
600036.SH,2024-07-31,132.59,133.18,133.45,129.27,134197782.81
002415.SZ,2024-07-31,6.21,6.16,6.38,6.13,204586781.89
600276.SH,2024-07-31,34.66,34.59,35.07,34.53,850983187.94
002594.SZ,2024-07-31,113.08,114.54,115.01,110.42,336510355.39
601012.SH,2024-07-31,217.23,216.4,218.94,212.97,6092676956.27
600887.SH,2024-07-31,125.72,125.52,127.41,123.51,5860824631.65
000002.SZ,2024-07-31,318.42,319.09,326.7,313.96,1468558112.38
600519.SH,2024-08-01,535.47,534.77,537.51,532.81,8749167298.07
000858.SZ,2024-08-01,82.6,82.57,83.28,81.57,2438763097.31
300750.SZ,2024-08-01,46.66,46.99,47.45,45.9,1918182543.89
601318.SH,2024-08-01,28.82,28.77,28.96,28.57,736196589.89
000333.SZ,2024-08-01,12.67,12.72,12.86,12.53,157633137.63
600036.SH,2024-08-01,125.44,125.37,126.14,124.74,4188100897.84
002415.SZ,2024-08-01,6.19,6.19,6.36,6.1,9683628.76
600276.SH,2024-08-01,35.66,35.48,35.67,35.18,52879885.62
002594.SZ,2024-08-01,111.73,111.91,112.34,111.24,4582436398.91
601012.SH,2024-08-01,218.44,216.72,219.73,215.28,4488218219.83
600887.SH,2024-08-01,126.66,127.66,129.29,124.25,5846882652.69
000002.SZ,2024-08-01,307.33,305.54,307.42,304.27,10178303654.7
600519.SH,2024-08-02,506.35,508.19,517.32,496.76,20970860002.47
000858.SZ,2024-08-02,86.66,86.82,88.03,86.04,3600131959.47
300750.SZ,2024-08-02,45.1,44.95,45.27,44.94,45401858.8
601318.SH,2024-08-02,28.5,28.58,28.64,27.67,482024033.27
000333.SZ,2024-08-02,12.83,12.77,12.97,12.49,238736619.08
600036.SH,2024-08-02,127.46,126.97,127.97,126.39,3755498871.38
002415.SZ,2024-08-02,6.11,6.11,6.21,5.99,9096518.48
600276.SH,2024-08-02,36.17,36.49,36.85,35.8,258774994.79
002594.SZ,2024-08-02,116.31,115.21,118.77,115.56,1614756915.92
601012.SH,2024-08-02,224.88,224.93,227.77,224.65,874531968.31
600887.SH,2024-08-02,124.01,123.27,125.76,122.49,382948513.83
000002.SZ,2024-08-02,306.8,304.97,312.01,305.86,13602323931.26
600519.SH,2024-08-05,502.84,499.6,507.34,499.7,7029009223.51
000858.SZ,2024-08-05,87.14,87.79,87.26,86.72,3978345901.85
300750.SZ,2024-08-05,45.63,45.83,46.2,45.26,401272531.53
601318.SH,2024-08-05,28.43,28.26,29.23,28.02,1091340497.25
000333.SZ,2024-08-05,13.03,13.12,13.27,12.99,636178548.95
600036.SH,2024-08-05,126.08,127.13,127.14,125.1,3201204875.1
002415.SZ,2024-08-05,6.13,6.1,6.18,6.13,51049958.89
600276.SH,2024-08-05,38.47,38.42,38.51,37.7,1454009505.95
002594.SZ,2024-08-05,121.57,122.17,122.7,121.16,5794333706.94
601012.SH,2024-08-05,220.36,221.82,222.19,217.73,2991492430.86
600887.SH,2024-08-05,117.78,117.58,117.88,115.59,2901016539.73
000002.SZ,2024-08-05,299.1,297.76,305.17,298.16,13284557626.9
600519.SH,2024-08-06,518.67,518.03,531.81,511.18,4895427765.36
000858.SZ,2024-08-06,85.74,86.15,87.1,84.93,1618299299.68
300750.SZ,2024-08-06,45.75,46.22,46.53,44.98,244082160.59
601318.SH,2024-08-06,28.43,28.44,28.86,27.86,611834689.58
000333.SZ,2024-08-06,13.32,13.36,13.66,13.26,478978047.93
600036.SH,2024-08-06,125.42,125.92,126.03,124.9,3476900274.26
002415.SZ,2024-08-06,6.06,6.1,6.07,6.0,78781616.37
600276.SH,2024-08-06,37.35,37.68,38.31,37.32,1672778299.92
002594.SZ,2024-08-06,121.48,121.47,122.1,120.21,1017974457.61
601012.SH,2024-08-06,220.35,221.64,222.0,218.0,1901412543.91
600887.SH,2024-08-06,118.33,118.93,119.97,118.31,120812791.56
000002.SZ,2024-08-06,302.61,300.47,303.45,301.73,842179004.81
600519.SH,2024-08-07,511.29,514.11,511.82,495.14,22767026459.99
000858.SZ,2024-08-07,89.2,89.13,91.28,88.84,2356260016.25
300750.SZ,2024-08-07,45.76,45.39,46.29,44.69,457246531.24
601318.SH,2024-08-07,29.73,29.62,30.1,29.35,757353288.93
000333.SZ,2024-08-07,12.92,12.85,13.13,12.79,643775916.78
600036.SH,2024-08-07,123.21,122.37,125.77,119.63,5976603177.68
002415.SZ,2024-08-07,5.88,5.91,5.9,5.8,251657486.2
600276.SH,2024-08-07,35.29,35.25,35.55,34.63,1070013331.97
002594.SZ,2024-08-07,118.92,118.65,118.95,118.81,1259022699.86
601012.SH,2024-08-07,218.4,218.17,219.73,212.84,9349098392.11
600887.SH,2024-08-07,115.37,115.61,116.56,114.06,4529421960.53
000002.SZ,2024-08-07,310.01,310.54,310.58,308.43,3216304396.13
600519.SH,2024-08-08,520.29,515.49,521.45,520.15,15894855157.02
000858.SZ,2024-08-08,87.99,87.72,89.53,86.73,3182006063.07
300750.SZ,2024-08-08,46.45,46.71,46.65,46.36,1882970836.6
601318.SH,2024-08-08,29.2,29.4,29.75,28.71,23116533.13
000333.SZ,2024-08-08,12.95,12.89,13.02,12.79,469298828.96
600036.SH,2024-08-08,119.48,118.37,121.65,118.84,5233639257.69
002415.SZ,2024-08-08,5.72,5.76,5.75,5.69,145845411.83
600276.SH,2024-08-08,35.35,35.4,35.53,34.77,473000514.63
002594.SZ,2024-08-08,114.78,114.32,115.24,111.83,528183966.11
601012.SH,2024-08-08,215.32,215.7,216.37,212.9,9774525848.19
600887.SH,2024-08-08,120.32,121.21,121.88,119.07,3690388014.47
000002.SZ,2024-08-08,320.12,323.68,325.78,317.23,1000923056.63
600519.SH,2024-08-09,523.61,524.13,525.19,523.04,11246756312.08
000858.SZ,2024-08-09,92.42,92.5,93.49,91.22,4559311935.68
300750.SZ,2024-08-09,46.81,46.52,47.12,45.59,143684818.73
601318.SH,2024-08-09,29.94,30.11,30.38,29.78,609072745.39
000333.SZ,2024-08-09,13.08,13.05,13.18,12.79,595983532.16
600036.SH,2024-08-09,119.51,118.63,120.26,117.96,2813976840.98
002415.SZ,2024-08-09,5.56,5.54,5.65,5.5,46470382.2
600276.SH,2024-08-09,33.18,33.06,33.44,32.46,1176656140.13
002594.SZ,2024-08-09,113.39,112.81,114.72,113.19,2555759772.91
601012.SH,2024-08-09,216.47,215.55,219.32,213.47,7289168488.34
600887.SH,2024-08-09,120.22,120.37,120.5,120.13,5750345033.77
000002.SZ,2024-08-09,314.68,315.18,319.11,313.05,561650998.96
600519.SH,2024-08-12,532.14,534.61,546.38,529.58,23221340698.32
000858.SZ,2024-08-12,93.48,93.77,93.77,92.0,3779154329.98
300750.SZ,2024-08-12,47.88,48.13,47.91,46.86,2266738463.36
601318.SH,2024-08-12,29.58,29.29,29.64,29.41,693885625.12
000333.SZ,2024-08-12,13.56,13.44,13.72,13.49,472134441.76
600036.SH,2024-08-12,119.33,119.06,121.83,118.38,4252488699.01
002415.SZ,2024-08-12,5.79,5.75,5.93,5.73,103185816.19
600276.SH,2024-08-12,32.07,31.89,32.17,32.0,268284265.46
002594.SZ,2024-08-12,118.8,119.03,119.86,118.42,1198941446.31
601012.SH,2024-08-12,223.38,223.0,223.78,221.78,256465387.78
600887.SH,2024-08-12,119.27,119.1,120.08,118.22,4895807614.81
000002.SZ,2024-08-12,312.58,312.8,317.78,308.25,12448376748.55
600519.SH,2024-08-13,532.37,527.91,536.09,517.99,8507219672.08
000858.SZ,2024-08-13,96.69,97.07,97.29,94.24,4371734342.13
300750.SZ,2024-08-13,47.84,47.95,48.12,46.29,1344777238.18
601318.SH,2024-08-13,27.85,27.86,28.03,27.27,405905064.2
000333.SZ,2024-08-13,13.59,13.55,13.98,13.3,6227976.11
600036.SH,2024-08-13,122.78,123.85,123.19,121.18,2344715541.88
002415.SZ,2024-08-13,5.78,5.82,5.83,5.77,166750439.43
600276.SH,2024-08-13,32.57,32.66,32.76,32.44,409506558.33
002594.SZ,2024-08-13,119.08,119.03,122.28,117.7,3949334001.56
601012.SH,2024-08-13,214.48,215.52,219.99,212.47,10110928744.97
600887.SH,2024-08-13,122.42,123.24,124.46,120.02,3153008485.4
000002.SZ,2024-08-13,308.69,312.76,315.39,306.33,9696041051.22
600519.SH,2024-08-14,556.33,555.54,556.71,554.44,23748608805.56
000858.SZ,2024-08-14,96.53,96.22,98.92,95.69,3845242878.71
300750.SZ,2024-08-14,48.28,47.94,48.31,48.08,837023836.34
601318.SH,2024-08-14,27.65,27.64,28.04,27.4,1188584538.47
000333.SZ,2024-08-14,13.35,13.47,13.88,13.31,293447302.92
600036.SH,2024-08-14,122.79,123.04,124.0,121.9,689841841.44
002415.SZ,2024-08-14,5.78,5.76,5.83,5.74,17502718.99
600276.SH,2024-08-14,32.58,32.38,32.7,32.0,124307593.95
002594.SZ,2024-08-14,116.84,116.42,119.75,113.65,3680249298.32
601012.SH,2024-08-14,202.77,203.68,206.02,198.94,657755668.75
600887.SH,2024-08-14,122.56,122.74,123.25,121.07,5441755270.53
000002.SZ,2024-08-14,299.01,300.42,301.86,291.52,11478570136.8
600519.SH,2024-08-15,568.29,568.56,577.74,561.89,8143386276.02
000858.SZ,2024-08-15,99.97,100.89,102.05,98.97,1143824429.53
300750.SZ,2024-08-15,49.87,49.67,50.64,48.7,420391213.38
601318.SH,2024-08-15,27.56,27.55,28.09,27.49,300939155.99
000333.SZ,2024-08-15,13.25,13.19,13.52,13.18,61744195.6
600036.SH,2024-08-15,121.11,120.36,122.52,120.84,4889862867.68
002415.SZ,2024-08-15,5.83,5.87,5.93,5.79,165755297.18
600276.SH,2024-08-15,32.06,32.22,32.73,31.38,100628087.48
002594.SZ,2024-08-15,118.66,118.56,121.83,117.44,3363537183.72
601012.SH,2024-08-15,203.76,204.82,204.98,202.93,6864370989.14
600887.SH,2024-08-15,123.57,124.05,126.2,120.82,4137452239.45
000002.SZ,2024-08-15,294.77,294.96,295.57,292.8,11991659058.08
600519.SH,2024-08-16,567.17,565.17,570.1,564.97,2295828917.09
000858.SZ,2024-08-16,100.87,101.32,101.9,98.49,2100550334.86
300750.SZ,2024-08-16,48.25,47.79,48.25,47.87,2219028109.97
601318.SH,2024-08-16,27.87,28.07,28.39,27.32,1128687392.69
000333.SZ,2024-08-16,13.78,13.76,13.96,13.74,353785522.75
600036.SH,2024-08-16,122.13,122.7,124.5,121.63,1936518710.33
002415.SZ,2024-08-16,5.81,5.87,5.81,5.74,29342616.21
600276.SH,2024-08-16,31.32,31.31,31.99,31.24,139763660.88
002594.SZ,2024-08-16,118.93,118.57,121.88,118.1,3676324054.55
601012.SH,2024-08-16,195.25,194.87,196.02,193.48,4006771132.85
600887.SH,2024-08-16,125.3,125.64,127.09,122.24,3474590501.57
000002.SZ,2024-08-16,288.17,290.77,292.8,282.03,10326325724.92
600519.SH,2024-08-19,557.24,554.68,562.29,550.82,20733476566.03
000858.SZ,2024-08-19,96.51,96.68,97.54,94.0,3190833429.28
300750.SZ,2024-08-19,48.91,49.08,49.07,48.69,1595854942.22
601318.SH,2024-08-19,28.46,28.27,28.99,28.25,540408544.75
000333.SZ,2024-08-19,13.83,13.74,13.9,13.71,56114080.23
600036.SH,2024-08-19,122.91,123.42,126.7,122.74,2021658583.44
002415.SZ,2024-08-19,5.94,5.95,5.95,5.86,91331990.07
600276.SH,2024-08-19,32.68,32.83,33.25,32.01,191007967.68
002594.SZ,2024-08-19,117.89,118.84,119.59,117.29,112890175.04
601012.SH,2024-08-19,196.34,194.7,196.74,194.43,7289905406.58
600887.SH,2024-08-19,126.04,126.17,127.39,124.96,3771788289.68
000002.SZ,2024-08-19,290.66,291.35,295.62,288.97,8615338998.79
600519.SH,2024-08-20,544.71,541.72,549.21,523.55,7551874237.32
000858.SZ,2024-08-20,97.87,98.0,100.82,97.64,3353566658.79
300750.SZ,2024-08-20,48.7,49.37,50.1,48.53,2181266277.28
601318.SH,2024-08-20,28.06,27.98,28.13,28.03,272547666.41
000333.SZ,2024-08-20,13.71,13.8,13.87,13.34,288375595.21
600036.SH,2024-08-20,118.23,118.99,121.05,117.22,2448522726.3
002415.SZ,2024-08-20,6.08,6.1,6.13,6.07,228560789.26
600276.SH,2024-08-20,32.02,31.9,32.27,31.62,988330758.06
002594.SZ,2024-08-20,121.15,120.87,123.64,121.09,2690454896.83
601012.SH,2024-08-20,192.6,192.45,195.68,189.88,9162041004.1
600887.SH,2024-08-20,130.16,130.5,133.93,129.9,5783304965.7
000002.SZ,2024-08-20,288.52,289.98,294.58,282.32,1380707135.81
600519.SH,2024-08-21,537.77,540.66,540.15,536.2,22346123226.02
000858.SZ,2024-08-21,100.27,100.29,100.54,98.7,3812388166.62
300750.SZ,2024-08-21,49.5,49.95,49.68,49.38,1436338643.59
601318.SH,2024-08-21,27.25,27.43,27.47,26.98,1358065361.43
000333.SZ,2024-08-21,13.59,13.69,13.69,13.57,671948144.07
600036.SH,2024-08-21,116.55,115.75,118.98,115.38,5334412210.24
002415.SZ,2024-08-21,5.99,5.98,6.08,5.94,19108775.94
600276.SH,2024-08-21,32.19,32.08,33.35,31.82,179305112.84
002594.SZ,2024-08-21,122.92,122.95,125.12,122.07,2732749970.86
601012.SH,2024-08-21,188.23,186.23,191.22,184.48,3901510183.44
600887.SH,2024-08-21,128.44,127.88,131.73,127.35,2159009429.04
000002.SZ,2024-08-21,297.68,297.45,298.45,297.04,13563530996.53
600519.SH,2024-08-22,559.56,565.58,564.93,553.8,13558057380.01
000858.SZ,2024-08-22,98.31,97.09,98.63,97.15,2480671091.06
300750.SZ,2024-08-22,49.95,50.48,50.74,48.65,1115637763.53
601318.SH,2024-08-22,26.88,27.1,27.14,26.45,764257492.79
000333.SZ,2024-08-22,13.43,13.46,13.7,13.05,592382249.77
600036.SH,2024-08-22,121.42,120.91,121.58,119.71,3896090847.26
002415.SZ,2024-08-22,5.93,5.95,6.03,5.91,204960605.01
600276.SH,2024-08-22,32.29,32.04,32.4,32.11,40336127.31
002594.SZ,2024-08-22,118.2,117.78,118.94,115.12,424609747.9
601012.SH,2024-08-22,184.21,183.22,186.16,183.37,581462072.92
600887.SH,2024-08-22,129.26,129.35,129.61,127.83,647963019.72
000002.SZ,2024-08-22,299.6,300.6,301.5,292.2,13224631009.16
600519.SH,2024-08-23,558.43,556.99,565.96,550.75,844542756.43
000858.SZ,2024-08-23,95.34,95.57,98.21,94.96,1806044055.13
300750.SZ,2024-08-23,50.97,51.13,51.03,50.69,2160413249.86
601318.SH,2024-08-23,26.22,26.04,26.4,26.19,632374677.94
000333.SZ,2024-08-23,13.06,13.09,13.09,12.89,621599044.75
600036.SH,2024-08-23,124.18,124.05,125.61,122.38,5387129817.16
002415.SZ,2024-08-23,5.87,5.9,5.9,5.79,18961094.08
600276.SH,2024-08-23,30.86,31.01,31.14,30.21,1238280967.67
002594.SZ,2024-08-23,120.02,120.08,120.69,114.83,2236858922.09
601012.SH,2024-08-23,185.25,185.24,186.75,182.8,3520212805.84
600887.SH,2024-08-23,133.43,132.72,133.64,133.35,6007182530.71
000002.SZ,2024-08-23,290.31,290.22,293.17,281.66,13217348710.51
600519.SH,2024-08-26,558.98,554.86,565.43,545.92,2466373533.17
000858.SZ,2024-08-26,96.15,96.85,96.9,95.23,4631121830.49
300750.SZ,2024-08-26,52.0,52.23,52.09,51.95,2499849689.28
601318.SH,2024-08-26,25.59,25.52,26.24,25.51,528103330.62
000333.SZ,2024-08-26,13.42,13.54,13.55,13.03,276771627.49
600036.SH,2024-08-26,125.98,125.41,128.96,124.52,5141150061.35
002415.SZ,2024-08-26,6.03,6.06,6.06,5.96,36456752.79
600276.SH,2024-08-26,31.35,31.6,31.38,31.28,182030395.89
002594.SZ,2024-08-26,122.02,122.05,124.46,121.53,4094138899.8
601012.SH,2024-08-26,187.34,186.39,188.24,183.83,8200927759.06
600887.SH,2024-08-26,127.53,127.1,127.69,127.45,1529799978.88
000002.SZ,2024-08-26,286.33,286.97,287.52,285.16,5120618317.9
600519.SH,2024-08-27,574.87,574.95,592.05,564.76,409634495.54
000858.SZ,2024-08-27,96.96,97.16,97.59,95.44,1488901481.18
300750.SZ,2024-08-27,52.4,52.67,52.86,52.4,991075621.72
601318.SH,2024-08-27,25.3,24.91,25.54,24.76,368282222.19
000333.SZ,2024-08-27,13.56,13.57,13.68,13.46,31205357.36
600036.SH,2024-08-27,121.32,121.59,122.11,118.18,789334689.29
002415.SZ,2024-08-27,6.11,6.07,6.16,6.06,75743595.63
600276.SH,2024-08-27,31.6,31.5,31.93,31.49,315891138.38
002594.SZ,2024-08-27,119.09,117.66,120.79,119.08,2786363380.05
601012.SH,2024-08-27,189.17,189.73,193.71,186.92,5643153939.3
600887.SH,2024-08-27,126.73,127.57,128.33,125.67,5035269493.21
000002.SZ,2024-08-27,284.3,286.17,292.17,283.32,12996880191.81
600519.SH,2024-08-28,576.17,573.19,594.57,567.78,19385029917.33
000858.SZ,2024-08-28,94.32,94.27,95.73,93.7,4675350002.62
300750.SZ,2024-08-28,50.71,50.46,51.18,50.39,1854504778.62
601318.SH,2024-08-28,23.51,23.58,24.05,23.15,661770480.01
000333.SZ,2024-08-28,13.52,13.52,13.7,13.37,464271863.79
600036.SH,2024-08-28,122.05,121.74,123.33,119.94,5104700806.59
002415.SZ,2024-08-28,6.14,6.2,6.17,6.13,179800112.09
600276.SH,2024-08-28,31.63,31.79,31.94,31.26,688285357.61
002594.SZ,2024-08-28,118.82,120.24,120.83,118.26,4973419247.62
601012.SH,2024-08-28,188.37,188.16,191.49,185.88,7717359907.43
600887.SH,2024-08-28,127.08,127.23,127.38,126.46,3525455157.74
000002.SZ,2024-08-28,282.8,283.55,283.07,276.07,13010949402.58
600519.SH,2024-08-29,565.8,566.88,572.69,564.36,15890498990.53
000858.SZ,2024-08-29,97.93,97.47,98.94,97.14,379038657.91
300750.SZ,2024-08-29,51.33,51.39,51.59,49.98,891077111.38
601318.SH,2024-08-29,22.8,22.87,22.85,22.66,588312940.2
000333.SZ,2024-08-29,13.72,13.76,13.77,13.47,136141337.05
600036.SH,2024-08-29,123.09,123.53,123.28,120.89,1421618929.46
002415.SZ,2024-08-29,6.21,6.21,6.4,6.13,15329228.15
600276.SH,2024-08-29,31.54,31.47,31.61,31.44,1440534383.7
002594.SZ,2024-08-29,119.65,119.33,119.94,118.93,4058778783.23
601012.SH,2024-08-29,182.73,183.55,183.19,181.74,1775945174.15
600887.SH,2024-08-29,123.28,122.68,123.34,122.13,1765758452.53
000002.SZ,2024-08-29,291.93,293.1,295.51,291.06,7526205880.81
600519.SH,2024-08-30,565.89,570.97,574.74,550.91,16865205071.75
000858.SZ,2024-08-30,94.65,94.5,96.04,93.87,37508661.02
300750.SZ,2024-08-30,50.62,50.68,52.21,49.1,647111860.2
601318.SH,2024-08-30,21.14,21.25,21.29,20.64,1041208940.79
000333.SZ,2024-08-30,13.53,13.6,13.59,13.34,19749571.32
600036.SH,2024-08-30,127.4,127.06,128.56,126.75,2007285745.0
002415.SZ,2024-08-30,6.27,6.27,6.28,6.19,123837902.02
600276.SH,2024-08-30,30.66,30.73,31.03,30.37,990612909.58
002594.SZ,2024-08-30,119.09,119.47,121.57,117.99,2128259062.05
601012.SH,2024-08-30,186.5,187.52,188.18,186.03,959121966.06
600887.SH,2024-08-30,125.43,125.78,127.41,123.2,1314721176.3
000002.SZ,2024-08-30,299.79,299.28,301.27,296.71,1556959392.11
600519.SH,2024-09-02,578.75,578.79,582.62,568.83,5217615767.03
000858.SZ,2024-09-02,97.51,97.2,98.72,96.43,1141024895.37
300750.SZ,2024-09-02,49.64,49.69,50.03,48.56,882662327.74
601318.SH,2024-09-02,21.04,20.93,21.67,20.63,278144730.96
000333.SZ,2024-09-02,12.96,12.98,13.2,12.93,22950175.68
600036.SH,2024-09-02,126.7,127.14,128.34,126.32,298324906.45
002415.SZ,2024-09-02,6.44,6.42,6.47,6.42,28868318.31
600276.SH,2024-09-02,31.83,31.67,32.09,31.62,899749364.17
002594.SZ,2024-09-02,118.15,119.5,119.97,113.33,4874814373.26
601012.SH,2024-09-02,192.9,192.4,194.02,189.82,4914821406.07
600887.SH,2024-09-02,128.44,128.18,128.58,125.92,3867925648.99
000002.SZ,2024-09-02,301.87,302.48,309.84,301.33,1324553795.31
600519.SH,2024-09-03,593.99,596.11,606.35,588.19,7151757034.03
000858.SZ,2024-09-03,98.21,98.13,98.59,96.71,1703211175.55
300750.SZ,2024-09-03,51.32,51.0,52.77,50.93,183001219.48
601318.SH,2024-09-03,21.17,20.99,21.27,21.03,148800113.65
000333.SZ,2024-09-03,13.22,13.21,13.33,12.96,410642961.6
600036.SH,2024-09-03,126.81,127.69,128.6,125.52,6029187171.25
002415.SZ,2024-09-03,6.45,6.46,6.46,6.44,111487872.45
600276.SH,2024-09-03,32.58,32.62,32.72,31.63,1126534745.27
002594.SZ,2024-09-03,116.68,115.88,117.43,116.4,3484464838.08
601012.SH,2024-09-03,196.83,198.06,196.91,192.22,1150935443.56
600887.SH,2024-09-03,124.58,123.83,125.53,122.9,221956415.63
000002.SZ,2024-09-03,301.1,300.65,303.68,298.04,5989054261.56
600519.SH,2024-09-04,578.47,578.35,592.75,569.2,11499278959.92
000858.SZ,2024-09-04,100.03,100.5,102.73,98.13,4391971507.44
300750.SZ,2024-09-04,51.41,51.72,51.47,49.97,2065803822.92
601318.SH,2024-09-04,21.48,21.31,21.82,21.32,193535240.76
000333.SZ,2024-09-04,13.2,13.2,13.21,13.16,597696454.22
600036.SH,2024-09-04,129.14,128.14,130.09,128.56,3471592696.77
002415.SZ,2024-09-04,6.35,6.37,6.5,6.31,161929968.65
600276.SH,2024-09-04,33.67,33.81,33.81,33.38,220616937.78
002594.SZ,2024-09-04,113.13,112.95,114.35,112.78,355669686.9
601012.SH,2024-09-04,203.74,203.19,204.08,200.03,3024630594.25
600887.SH,2024-09-04,125.31,126.29,125.71,123.51,1686587922.96
000002.SZ,2024-09-04,294.12,296.23,295.62,290.65,14665652962.27
600519.SH,2024-09-05,600.87,594.73,600.92,591.24,23085160632.27
000858.SZ,2024-09-05,101.11,101.22,102.09,97.99,4315499045.8
300750.SZ,2024-09-05,51.14,51.59,51.6,50.2,90760680.56
601318.SH,2024-09-05,21.36,21.44,21.92,21.35,826650046.35
000333.SZ,2024-09-05,13.29,13.21,13.61,13.22,572736025.92
600036.SH,2024-09-05,132.4,132.0,133.96,132.05,3507046681.05
002415.SZ,2024-09-05,6.48,6.43,6.7,6.42,15234330.65
600276.SH,2024-09-05,32.85,32.87,34.24,32.11,1083110332.68
002594.SZ,2024-09-05,109.52,108.78,113.35,108.17,2011922284.56
601012.SH,2024-09-05,197.79,197.51,202.72,191.79,2358247014.75
600887.SH,2024-09-05,129.73,129.96,131.48,124.0,5136012291.02
000002.SZ,2024-09-05,295.37,296.73,302.4,293.93,12917848067.11
600519.SH,2024-09-06,577.91,576.52,591.27,562.73,21269732129.09
000858.SZ,2024-09-06,96.65,95.75,97.71,96.51,1412160399.24
300750.SZ,2024-09-06,51.89,52.27,52.08,51.88,910117826.94
601318.SH,2024-09-06,21.22,21.04,21.59,20.9,102816775.77
000333.SZ,2024-09-06,13.54,13.55,13.56,13.5,592071711.03
600036.SH,2024-09-06,133.5,132.72,134.89,133.29,4759439829.19
002415.SZ,2024-09-06,6.56,6.58,6.63,6.41,209521442.66
600276.SH,2024-09-06,32.98,33.1,33.12,32.28,1352793166.41
002594.SZ,2024-09-06,105.54,105.03,107.56,103.47,787354473.67
601012.SH,2024-09-06,203.79,205.21,208.84,199.29,4446911532.09
600887.SH,2024-09-06,132.73,132.18,136.24,126.72,1269420853.85
000002.SZ,2024-09-06,302.13,301.01,302.82,287.9,8334530274.76
600519.SH,2024-09-09,576.78,575.12,578.56,571.67,5387322927.14
000858.SZ,2024-09-09,96.66,96.8,97.59,96.63,3783666104.84
300750.SZ,2024-09-09,51.21,51.11,52.12,51.04,703721814.67
601318.SH,2024-09-09,20.94,20.94,20.99,20.68,412916991.15
000333.SZ,2024-09-09,13.68,13.8,13.84,13.35,548257795.32
600036.SH,2024-09-09,131.94,131.94,133.23,130.0,3262212367.28
002415.SZ,2024-09-09,6.75,6.72,6.76,6.74,151568600.35
600276.SH,2024-09-09,32.69,32.82,32.85,32.34,1504273521.68
002594.SZ,2024-09-09,108.47,108.59,109.7,108.28,5395269427.16
601012.SH,2024-09-09,201.32,203.19,202.75,200.41,5571344260.3
600887.SH,2024-09-09,128.73,129.3,131.09,127.24,3593506211.92
000002.SZ,2024-09-09,311.18,310.61,318.4,308.38,14950923320.92
600519.SH,2024-09-10,571.9,570.25,578.79,564.55,12432032114.35
000858.SZ,2024-09-10,96.55,97.0,98.04,95.15,4535497008.76
300750.SZ,2024-09-10,51.15,51.0,52.06,49.24,2394737824.73
601318.SH,2024-09-10,21.25,21.17,21.82,21.24,723849834.94
000333.SZ,2024-09-10,14.17,14.18,14.26,14.04,544260429.23
600036.SH,2024-09-10,134.04,134.26,135.24,132.43,1437997771.15
002415.SZ,2024-09-10,6.65,6.66,6.69,6.55,266898544.57
600276.SH,2024-09-10,32.24,32.03,32.38,31.43,625410058.12
002594.SZ,2024-09-10,110.21,110.1,111.63,108.02,2119606431.32
601012.SH,2024-09-10,207.17,205.53,208.62,204.77,7236877043.1
600887.SH,2024-09-10,126.27,127.2,126.47,123.54,1774999371.55
000002.SZ,2024-09-10,300.32,300.4,300.51,298.49,13564852793.76
600519.SH,2024-09-11,565.16,564.7,576.27,554.34,13038919290.11
000858.SZ,2024-09-11,97.38,97.9,97.72,95.12,4072908767.96
300750.SZ,2024-09-11,51.24,51.45,52.48,51.16,1602476179.09
601318.SH,2024-09-11,21.81,21.72,22.19,21.62,751447105.98
000333.SZ,2024-09-11,14.11,14.14,14.27,14.06,158332824.84
600036.SH,2024-09-11,130.96,131.88,132.69,130.21,5748359492.58
002415.SZ,2024-09-11,6.62,6.59,6.73,6.52,102104737.3
600276.SH,2024-09-11,31.28,31.38,31.64,31.04,21546849.57
002594.SZ,2024-09-11,110.8,111.37,112.88,109.5,4095925567.87
601012.SH,2024-09-11,211.62,213.15,213.76,208.15,4652650024.41
600887.SH,2024-09-11,126.56,126.37,127.13,125.36,47347645.98
000002.SZ,2024-09-11,297.41,298.29,301.78,294.2,1706360744.86
600519.SH,2024-09-12,583.82,579.17,593.39,572.69,3481059178.01
000858.SZ,2024-09-12,94.2,94.43,94.98,93.37,3558735581.14
300750.SZ,2024-09-12,50.32,50.53,50.44,48.26,2358734890.79
601318.SH,2024-09-12,23.32,23.31,23.42,23.3,774832582.23
000333.SZ,2024-09-12,13.86,13.89,13.95,13.72,101043801.74
600036.SH,2024-09-12,132.98,132.01,133.0,132.63,5293464309.92
002415.SZ,2024-09-12,6.62,6.63,6.69,6.49,89574916.87
600276.SH,2024-09-12,29.98,30.19,30.98,29.24,445299888.37
002594.SZ,2024-09-12,111.4,111.26,112.3,111.0,441431645.42
601012.SH,2024-09-12,210.57,209.59,215.55,207.23,3155294154.17
600887.SH,2024-09-12,124.75,123.99,126.8,123.13,5013537216.18
000002.SZ,2024-09-12,300.62,302.19,302.17,290.24,12636714228.55
600519.SH,2024-09-13,578.13,577.9,580.32,577.09,1714192990.76
000858.SZ,2024-09-13,92.33,92.53,93.25,91.23,1070650721.14
300750.SZ,2024-09-13,49.92,50.07,50.47,48.89,1199938550.96
601318.SH,2024-09-13,22.89,22.77,22.96,21.96,1075766055.99
000333.SZ,2024-09-13,14.61,14.57,14.9,14.39,692029621.62
600036.SH,2024-09-13,131.2,130.77,136.06,129.86,2441892021.28
002415.SZ,2024-09-13,6.69,6.66,6.86,6.65,255261740.2
600276.SH,2024-09-13,30.04,30.17,30.42,29.85,298024380.9
002594.SZ,2024-09-13,109.4,109.16,110.07,105.05,2919916252.54
601012.SH,2024-09-13,214.45,213.14,215.45,206.77,7131465277.48
600887.SH,2024-09-13,124.34,124.21,124.71,123.28,1571549199.03
000002.SZ,2024-09-13,306.89,311.4,308.44,296.67,8919624030.71
600519.SH,2024-09-16,554.83,559.44,562.56,550.11,14517624178.55
000858.SZ,2024-09-16,90.43,90.28,92.36,88.26,236721177.63
300750.SZ,2024-09-16,47.15,46.93,47.74,47.14,753534580.23
601318.SH,2024-09-16,22.86,22.85,23.08,22.59,163565127.04
000333.SZ,2024-09-16,14.7,14.69,14.81,14.51,168986588.57
600036.SH,2024-09-16,126.0,126.5,127.13,124.96,2434659576.24
002415.SZ,2024-09-16,6.55,6.55,6.63,6.52,183678921.36
600276.SH,2024-09-16,30.76,30.53,30.95,30.41,561001544.1
002594.SZ,2024-09-16,107.74,107.55,107.95,106.45,4300794333.51
601012.SH,2024-09-16,214.54,214.22,215.26,209.41,8004644156.68
600887.SH,2024-09-16,127.17,126.85,132.91,127.07,4591247562.92
000002.SZ,2024-09-16,306.28,304.8,307.43,305.31,12687423689.62
600519.SH,2024-09-17,570.4,571.9,570.55,558.12,4404940813.7
000858.SZ,2024-09-17,90.04,90.0,90.52,89.63,239237311.46
300750.SZ,2024-09-17,47.38,47.89,48.32,45.75,2152530251.31
601318.SH,2024-09-17,22.69,22.68,22.8,22.43,744100462.74
000333.SZ,2024-09-17,14.66,14.77,14.67,14.55,696656375.76
600036.SH,2024-09-17,125.26,126.06,126.12,125.08,3399455084.12
002415.SZ,2024-09-17,6.54,6.53,6.59,6.49,254049149.71
600276.SH,2024-09-17,30.53,30.58,30.62,30.43,1094405675.2
002594.SZ,2024-09-17,108.99,109.26,109.29,106.42,3168289279.01
601012.SH,2024-09-17,211.48,210.78,217.06,206.78,2673000242.53
600887.SH,2024-09-17,129.12,129.25,129.97,126.33,5030563117.95
000002.SZ,2024-09-17,303.8,301.35,303.98,303.15,7846700865.78
600519.SH,2024-09-18,571.95,579.55,579.28,569.53,26338205032.33
000858.SZ,2024-09-18,87.99,87.77,88.16,87.95,3244004627.84
300750.SZ,2024-09-18,47.84,47.51,48.98,47.51,1589753687.13
601318.SH,2024-09-18,22.32,22.3,22.77,22.16,980618238.91
000333.SZ,2024-09-18,14.44,14.47,14.79,13.91,205974785.94
600036.SH,2024-09-18,129.83,129.9,130.53,127.63,3841510674.81
002415.SZ,2024-09-18,6.45,6.43,6.46,6.4,187264643.89
600276.SH,2024-09-18,30.88,30.66,31.31,30.68,1200932248.08
002594.SZ,2024-09-18,109.85,109.78,111.53,109.03,2165011070.31
601012.SH,2024-09-18,213.49,212.58,214.92,212.03,4605857355.55
600887.SH,2024-09-18,132.8,132.26,135.62,131.73,6408495036.08
000002.SZ,2024-09-18,309.71,309.64,316.36,309.57,12003556768.65
600519.SH,2024-09-19,549.69,546.55,558.3,545.0,17565578458.78
000858.SZ,2024-09-19,87.46,87.79,88.6,87.41,1727838699.84
300750.SZ,2024-09-19,48.21,48.65,49.31,47.62,1889523250.63
601318.SH,2024-09-19,21.65,21.69,21.76,21.28,318982829.05
000333.SZ,2024-09-19,14.26,14.27,14.31,14.17,81431720.62
600036.SH,2024-09-19,128.56,128.97,129.83,128.45,1291419325.19
002415.SZ,2024-09-19,6.26,6.27,6.3,6.18,146655197.5
600276.SH,2024-09-19,30.29,30.07,30.75,29.62,51874600.62
002594.SZ,2024-09-19,110.52,110.74,112.2,109.18,1547954101.38
601012.SH,2024-09-19,217.13,216.7,220.96,210.27,9869185015.53
600887.SH,2024-09-19,130.44,131.7,132.95,129.8,6482995258.82
000002.SZ,2024-09-19,313.71,314.7,321.16,311.71,8306610911.47
600519.SH,2024-09-20,554.28,553.82,555.77,554.06,478851781.06
000858.SZ,2024-09-20,91.97,91.34,92.02,91.19,4292077783.8
300750.SZ,2024-09-20,49.42,49.58,50.06,49.18,1606355658.3
601318.SH,2024-09-20,20.97,20.9,21.15,20.87,656375864.17
000333.SZ,2024-09-20,15.04,15.0,15.05,14.7,111336899.48
600036.SH,2024-09-20,126.67,126.44,130.49,126.4,57865116.74
002415.SZ,2024-09-20,6.12,6.12,6.16,6.1,227279755.47
600276.SH,2024-09-20,29.73,29.79,29.98,29.28,900233624.36
002594.SZ,2024-09-20,110.7,110.17,110.83,109.17,3498767639.39
601012.SH,2024-09-20,212.41,211.96,213.62,211.78,9810732660.27
600887.SH,2024-09-20,127.72,128.29,129.45,126.57,729684703.79
000002.SZ,2024-09-20,319.46,319.56,331.61,315.11,15394436482.85
600519.SH,2024-09-23,540.39,540.52,542.02,540.19,21670855914.81
000858.SZ,2024-09-23,92.01,92.45,93.17,90.87,3705717135.6
300750.SZ,2024-09-23,47.11,47.16,47.36,45.94,1477252006.29
601318.SH,2024-09-23,20.64,20.57,21.05,20.26,530697187.58
000333.SZ,2024-09-23,15.09,15.09,15.1,14.84,101717362.38
600036.SH,2024-09-23,126.44,126.53,126.89,125.54,5117156462.45
002415.SZ,2024-09-23,6.24,6.18,6.35,6.21,134533471.37
600276.SH,2024-09-23,31.01,30.98,31.56,31.0,307857412.01
002594.SZ,2024-09-23,111.43,110.74,113.79,110.07,1074271016.79
601012.SH,2024-09-23,212.5,213.05,217.5,209.27,10442853672.8
600887.SH,2024-09-23,132.13,132.94,133.67,129.34,5072311411.25
000002.SZ,2024-09-23,328.24,330.34,330.68,325.17,16330379838.9
600519.SH,2024-09-24,546.05,544.5,549.71,539.52,22252001017.85
000858.SZ,2024-09-24,92.83,93.04,94.32,89.1,3971747266.16
300750.SZ,2024-09-24,44.94,45.17,45.53,44.27,787832525.85
601318.SH,2024-09-24,19.98,20.07,20.14,19.79,594575505.14
000333.SZ,2024-09-24,15.11,15.26,15.35,14.58,419403733.59
600036.SH,2024-09-24,129.58,129.09,131.5,128.38,1538469024.28
002415.SZ,2024-09-24,6.0,6.04,6.1,5.98,270507351.97
600276.SH,2024-09-24,31.23,31.33,31.3,30.56,1091108626.6
002594.SZ,2024-09-24,111.29,110.6,111.95,110.75,1495588375.14
601012.SH,2024-09-24,216.93,216.84,218.07,212.06,10496212222.3
600887.SH,2024-09-24,133.85,133.67,136.8,131.13,2875670905.98
000002.SZ,2024-09-24,327.86,325.9,328.69,320.22,7798091418.68
600519.SH,2024-09-25,544.09,547.5,553.22,540.21,8714389045.16
000858.SZ,2024-09-25,90.5,90.23,90.61,89.95,2881333073.92
300750.SZ,2024-09-25,46.53,46.79,46.76,44.88,232845753.62
601318.SH,2024-09-25,20.0,19.84,20.28,19.48,770200936.6
000333.SZ,2024-09-25,15.2,15.11,15.27,14.96,552210487.86
600036.SH,2024-09-25,132.67,131.65,134.79,132.12,6315226679.5
002415.SZ,2024-09-25,6.03,6.03,6.11,5.91,24283338.65
600276.SH,2024-09-25,30.84,30.91,30.99,30.56,1342761330.23
002594.SZ,2024-09-25,113.59,112.65,113.82,113.37,1816185462.3
601012.SH,2024-09-25,218.7,219.84,221.52,216.14,6023598629.73
600887.SH,2024-09-25,135.46,135.56,136.57,135.07,49892859.98
000002.SZ,2024-09-25,329.83,331.27,333.88,327.91,5769348280.56
600519.SH,2024-09-26,521.29,524.42,535.33,517.36,21931909782.2
000858.SZ,2024-09-26,89.92,89.04,91.05,89.45,3182511616.91
300750.SZ,2024-09-26,46.22,46.17,46.46,45.17,1260281685.27
601318.SH,2024-09-26,20.62,20.66,20.71,20.61,500160107.63
000333.SZ,2024-09-26,15.26,15.28,15.52,15.07,78659396.0
600036.SH,2024-09-26,136.03,136.6,136.31,133.36,3801221941.45
002415.SZ,2024-09-26,5.74,5.74,5.75,5.64,14497829.01
600276.SH,2024-09-26,31.07,31.05,31.35,30.9,851305463.97
002594.SZ,2024-09-26,109.56,109.39,110.12,109.52,4892482897.23
601012.SH,2024-09-26,214.06,213.3,214.14,213.39,4244283732.39
600887.SH,2024-09-26,133.8,134.08,135.98,131.93,491225475.47
000002.SZ,2024-09-26,332.77,332.12,336.0,327.03,62776265.8
600519.SH,2024-09-27,516.3,519.09,525.49,508.19,6469848463.84
000858.SZ,2024-09-27,84.68,84.86,84.92,83.65,3450508334.57
300750.SZ,2024-09-27,45.17,44.92,45.74,44.95,356908245.69
601318.SH,2024-09-27,20.25,20.21,20.7,20.0,449347320.93
000333.SZ,2024-09-27,15.64,15.63,15.98,15.61,638715801.89
600036.SH,2024-09-27,137.76,136.95,138.28,133.71,28083793.77
002415.SZ,2024-09-27,5.67,5.63,5.68,5.57,72033602.92
600276.SH,2024-09-27,31.78,31.88,31.98,31.4,1101033150.32
002594.SZ,2024-09-27,114.96,114.85,115.47,113.78,3840321143.01
601012.SH,2024-09-27,220.99,221.06,226.82,220.41,9432842822.73
600887.SH,2024-09-27,131.65,130.9,132.84,131.14,2135149647.22
000002.SZ,2024-09-27,317.48,317.4,321.31,316.32,14351461771.83
600519.SH,2024-09-30,512.29,512.52,515.72,503.63,11028830238.58
000858.SZ,2024-09-30,87.19,86.82,88.37,86.98,466165754.7
300750.SZ,2024-09-30,43.63,43.6,43.83,43.01,434343028.43
601318.SH,2024-09-30,20.72,20.95,20.78,19.94,707621701.12
000333.SZ,2024-09-30,15.92,15.95,16.07,15.8,610969473.53
600036.SH,2024-09-30,133.56,133.9,134.99,131.54,4059924387.4
002415.SZ,2024-09-30,5.7,5.72,5.77,5.58,52741488.38
600276.SH,2024-09-30,31.08,31.28,31.42,30.93,803590724.79
002594.SZ,2024-09-30,112.14,112.49,113.47,110.73,2279076327.99
601012.SH,2024-09-30,221.37,221.33,223.68,217.99,2831374104.92
600887.SH,2024-09-30,126.37,125.95,126.86,124.6,3593998074.9
000002.SZ,2024-09-30,323.18,321.8,324.39,321.55,6900905214.54
600519.SH,2024-10-01,531.42,537.91,535.01,527.39,4842719758.9
000858.SZ,2024-10-01,88.2,88.1,89.29,87.04,359079091.2
300750.SZ,2024-10-01,44.07,44.27,45.19,43.74,1173502496.86
601318.SH,2024-10-01,20.92,20.92,21.27,20.2,153359174.04
000333.SZ,2024-10-01,15.94,15.95,16.44,15.79,738268560.07
600036.SH,2024-10-01,133.0,133.35,134.36,132.81,230290879.81
002415.SZ,2024-10-01,5.79,5.84,5.84,5.71,213490116.84
600276.SH,2024-10-01,31.23,31.28,31.44,30.92,1286456708.22
002594.SZ,2024-10-01,115.58,115.8,116.31,113.03,2620854818.42
601012.SH,2024-10-01,221.07,221.68,226.51,215.95,1400900569.5
600887.SH,2024-10-01,127.34,126.83,127.45,127.12,6144069844.12
000002.SZ,2024-10-01,331.04,330.95,334.9,326.29,2156005104.62
600519.SH,2024-10-02,535.96,536.26,537.57,530.97,1093111546.89
000858.SZ,2024-10-02,87.61,87.4,90.47,87.47,561154315.12
300750.SZ,2024-10-02,44.28,44.52,44.35,44.0,658839226.29
601318.SH,2024-10-02,20.84,20.73,21.26,20.57,741794301.33
000333.SZ,2024-10-02,16.2,16.25,16.23,15.91,70306739.29
600036.SH,2024-10-02,136.09,137.09,137.15,134.07,575954702.23
002415.SZ,2024-10-02,5.69,5.72,5.78,5.61,29259336.36
600276.SH,2024-10-02,32.41,32.43,33.15,32.01,1210815609.73
002594.SZ,2024-10-02,117.09,115.82,117.86,116.71,734514328.49
601012.SH,2024-10-02,223.2,223.54,223.63,217.54,6575257467.56
600887.SH,2024-10-02,128.74,129.21,129.4,128.35,5650408812.21
000002.SZ,2024-10-02,348.53,347.87,353.76,344.52,10915824486.56
600519.SH,2024-10-03,520.99,521.89,525.22,509.69,22311421116.11
000858.SZ,2024-10-03,90.83,90.95,91.2,88.2,4439476691.92
300750.SZ,2024-10-03,43.59,43.35,43.6,43.5,1741376776.67
601318.SH,2024-10-03,20.83,20.97,20.9,20.36,920091130.27
000333.SZ,2024-10-03,15.78,15.92,16.03,15.6,598481968.33
600036.SH,2024-10-03,134.44,134.73,135.18,132.48,4571728176.42
002415.SZ,2024-10-03,5.78,5.67,5.8,5.76,207497698.2
600276.SH,2024-10-03,31.73,31.66,32.04,31.54,166804850.39
002594.SZ,2024-10-03,111.3,111.5,112.02,111.21,855455783.45
601012.SH,2024-10-03,218.78,218.09,221.92,217.44,2453615895.97
600887.SH,2024-10-03,122.11,121.9,124.16,120.32,2931230694.78
000002.SZ,2024-10-03,331.42,329.67,347.51,324.82,14031685534.91
600519.SH,2024-10-04,526.53,529.26,527.91,517.76,19256842317.06
000858.SZ,2024-10-04,89.24,89.21,89.26,88.95,4298477172.17
300750.SZ,2024-10-04,44.14,44.32,44.41,44.06,2186436406.02
601318.SH,2024-10-04,20.78,20.68,21.08,20.47,126574602.66
000333.SZ,2024-10-04,15.63,15.62,15.76,15.47,108789218.34
600036.SH,2024-10-04,138.54,138.35,139.24,138.33,3039893148.27
002415.SZ,2024-10-04,5.9,5.8,5.9,5.83,96417815.53
600276.SH,2024-10-04,29.53,29.53,29.58,29.18,267673619.72
002594.SZ,2024-10-04,111.84,112.72,114.3,110.64,5161133334.46
601012.SH,2024-10-04,213.97,215.1,218.23,213.79,9645827045.19
600887.SH,2024-10-04,122.65,122.75,124.25,120.36,6051780170.8
000002.SZ,2024-10-04,348.05,346.86,354.54,345.87,12331419775.28
600519.SH,2024-10-07,545.14,545.35,559.29,543.63,10207400282.8
000858.SZ,2024-10-07,87.38,87.79,89.17,87.31,1326614802.74
300750.SZ,2024-10-07,43.05,43.08,44.11,41.77,218234160.92
601318.SH,2024-10-07,20.69,20.75,20.7,20.64,293678079.27
000333.SZ,2024-10-07,15.77,15.84,15.88,15.65,60083286.05
600036.SH,2024-10-07,143.45,143.5,143.68,139.49,4203591105.59
002415.SZ,2024-10-07,5.84,5.8,5.9,5.78,271572767.44
600276.SH,2024-10-07,29.3,29.34,30.05,28.64,633326166.55
002594.SZ,2024-10-07,114.05,115.09,114.32,110.82,1308613721.99
601012.SH,2024-10-07,217.17,216.42,218.23,212.21,4158536096.74
600887.SH,2024-10-07,122.5,123.15,125.56,121.23,2242919451.38
000002.SZ,2024-10-07,346.68,346.12,358.05,333.29,5717998756.3
600519.SH,2024-10-08,552.53,550.98,553.0,545.3,19836366066.47
000858.SZ,2024-10-08,85.09,85.0,85.56,84.17,1203403565.94
300750.SZ,2024-10-08,44.49,44.28,44.95,43.61,1528315841.07
601318.SH,2024-10-08,20.68,20.67,20.78,20.18,956528947.99
000333.SZ,2024-10-08,16.07,16.12,16.21,16.0,690914069.05
600036.SH,2024-10-08,144.7,144.84,148.04,142.52,2626446983.21
002415.SZ,2024-10-08,5.54,5.56,5.65,5.51,257379227.08
600276.SH,2024-10-08,28.54,28.58,28.78,28.27,161461767.29
002594.SZ,2024-10-08,113.41,113.5,113.66,112.51,4028095706.99
601012.SH,2024-10-08,211.46,212.36,219.91,208.98,10423433100.14
600887.SH,2024-10-08,122.37,122.19,122.88,122.24,6059050960.4
000002.SZ,2024-10-08,362.57,360.59,368.34,362.07,4173282449.47
600519.SH,2024-10-09,537.52,536.59,546.74,528.31,23258496587.83
000858.SZ,2024-10-09,86.78,87.17,86.91,86.24,538407735.36
300750.SZ,2024-10-09,42.13,42.08,43.42,41.66,1127037624.68
601318.SH,2024-10-09,20.14,20.19,20.67,19.76,527689808.26
000333.SZ,2024-10-09,15.59,15.6,15.94,15.58,767680313.09
600036.SH,2024-10-09,147.19,147.17,149.21,145.45,2360917322.7
002415.SZ,2024-10-09,5.64,5.65,5.69,5.62,114776598.4
600276.SH,2024-10-09,27.21,27.22,27.37,26.7,205903943.14
002594.SZ,2024-10-09,110.52,109.5,110.63,110.32,766603666.2
601012.SH,2024-10-09,203.27,202.35,209.28,202.05,5541830237.55
600887.SH,2024-10-09,119.19,117.83,119.93,118.6,2614546334.93
000002.SZ,2024-10-09,350.86,352.11,355.94,347.36,12460015625.48
600519.SH,2024-10-10,537.29,538.47,545.97,533.5,3553283472.96
000858.SZ,2024-10-10,83.57,83.89,84.08,83.37,3440963785.03
300750.SZ,2024-10-10,42.29,42.51,43.42,41.86,1281737793.2
601318.SH,2024-10-10,19.16,19.2,19.29,18.81,883936909.94
000333.SZ,2024-10-10,16.0,16.04,16.18,15.63,554633077.54
600036.SH,2024-10-10,149.65,149.03,151.39,143.53,6108225623.49
002415.SZ,2024-10-10,5.8,5.8,5.8,5.74,106171187.89
600276.SH,2024-10-10,28.17,27.9,28.37,27.05,1145050818.03
002594.SZ,2024-10-10,107.12,107.02,109.3,106.75,3775045127.76
601012.SH,2024-10-10,199.91,201.31,200.28,195.21,1143736104.94
600887.SH,2024-10-10,117.72,117.79,117.74,116.09,2737892995.31
000002.SZ,2024-10-10,348.96,347.53,352.09,344.96,11929744068.5
600519.SH,2024-10-11,527.27,525.1,536.1,526.01,13037042038.83
000858.SZ,2024-10-11,82.91,83.09,85.02,81.54,3421585101.7
300750.SZ,2024-10-11,42.62,42.21,43.76,41.49,1828472586.88
601318.SH,2024-10-11,18.18,18.35,18.26,18.12,482665553.71
000333.SZ,2024-10-11,15.36,15.37,15.73,15.29,567459100.43
600036.SH,2024-10-11,146.92,147.46,147.96,143.26,1373652630.8
002415.SZ,2024-10-11,6.02,6.03,6.1,5.97,14331126.74
600276.SH,2024-10-11,26.82,27.2,27.02,26.55,842537158.79
002594.SZ,2024-10-11,108.16,107.53,108.23,104.49,2887864945.22
601012.SH,2024-10-11,198.49,199.38,203.3,198.05,4132391387.66
600887.SH,2024-10-11,120.62,121.27,120.99,120.45,5253292725.25
000002.SZ,2024-10-11,335.73,333.51,341.82,328.35,15056941726.0
600519.SH,2024-10-14,531.41,528.04,532.93,526.94,18258032255.86
000858.SZ,2024-10-14,86.51,86.18,88.62,84.88,2723511078.83
300750.SZ,2024-10-14,42.83,43.12,44.35,42.09,1190094187.35
601318.SH,2024-10-14,17.72,17.75,17.93,17.34,669042430.72
000333.SZ,2024-10-14,14.47,14.36,14.6,14.42,225893192.75
600036.SH,2024-10-14,143.34,143.21,143.59,142.73,3777008801.07
002415.SZ,2024-10-14,6.22,6.31,6.28,6.1,207009194.32
600276.SH,2024-10-14,27.15,27.06,27.41,27.12,26262927.43
002594.SZ,2024-10-14,111.64,112.14,113.73,110.29,3282154849.42
601012.SH,2024-10-14,199.5,200.44,204.22,195.55,1442493462.96
600887.SH,2024-10-14,123.1,123.29,123.14,119.98,3662070447.66
000002.SZ,2024-10-14,345.82,345.13,349.74,339.16,6756268011.12
600519.SH,2024-10-15,518.35,514.85,525.74,514.83,7265871917.5
000858.SZ,2024-10-15,87.15,86.69,87.66,86.06,3116298740.68
300750.SZ,2024-10-15,44.04,44.1,44.46,43.99,2186623124.27
601318.SH,2024-10-15,17.33,17.32,17.39,17.14,673005045.14
000333.SZ,2024-10-15,14.59,14.5,14.69,14.29,160756869.2
600036.SH,2024-10-15,145.64,146.13,149.59,143.77,958355448.62
002415.SZ,2024-10-15,5.76,5.75,5.84,5.74,230746745.08
600276.SH,2024-10-15,26.33,26.29,26.99,25.66,690747968.54
002594.SZ,2024-10-15,112.21,112.49,114.15,111.69,786538407.75
601012.SH,2024-10-15,206.35,205.07,206.93,200.83,7559397041.52
600887.SH,2024-10-15,121.08,121.58,124.92,120.44,1121012591.28
000002.SZ,2024-10-15,357.32,356.92,362.04,353.36,5350410249.21
600519.SH,2024-10-16,534.33,534.53,536.34,531.96,18534314221.8
000858.SZ,2024-10-16,85.47,85.84,85.49,85.35,2814197627.75
300750.SZ,2024-10-16,45.14,45.27,45.33,43.58,560615506.11
601318.SH,2024-10-16,17.02,17.01,17.03,16.51,358616161.75
000333.SZ,2024-10-16,14.34,14.3,14.75,14.16,339869660.08
600036.SH,2024-10-16,141.81,141.95,142.57,139.11,2838609842.0
002415.SZ,2024-10-16,6.03,6.03,6.16,5.95,14518353.67
600276.SH,2024-10-16,26.48,26.25,26.85,26.22,69994319.49
002594.SZ,2024-10-16,112.22,112.3,112.45,108.76,3701311559.48
601012.SH,2024-10-16,206.85,206.81,210.67,206.65,1667979094.7
600887.SH,2024-10-16,119.41,119.08,122.11,119.24,2493638410.51
000002.SZ,2024-10-16,365.07,365.5,370.91,355.55,16489671205.58
600519.SH,2024-10-17,515.09,516.04,516.5,512.31,13143613908.57
000858.SZ,2024-10-17,80.34,80.48,82.09,78.14,3873772401.13
300750.SZ,2024-10-17,46.35,46.45,46.62,46.17,295372441.27
601318.SH,2024-10-17,16.71,16.74,16.92,16.33,455745672.5
000333.SZ,2024-10-17,14.27,14.28,14.31,14.24,434273493.88
600036.SH,2024-10-17,142.23,141.27,146.94,141.01,3718425788.57
002415.SZ,2024-10-17,6.12,6.11,6.22,6.1,62728448.95
600276.SH,2024-10-17,25.4,25.38,25.48,25.35,583910565.23
002594.SZ,2024-10-17,108.32,107.81,108.83,107.88,336102557.47
601012.SH,2024-10-17,211.83,214.57,213.26,209.03,3702936402.15
600887.SH,2024-10-17,117.85,117.98,118.89,116.45,3009570518.13
000002.SZ,2024-10-17,363.84,363.88,365.52,356.21,1488362859.52
600519.SH,2024-10-18,512.32,512.21,514.91,508.02,5611131894.75
000858.SZ,2024-10-18,79.63,79.59,81.66,79.6,776005453.04
300750.SZ,2024-10-18,44.94,44.83,45.01,44.3,1421755313.05
601318.SH,2024-10-18,16.55,16.61,16.74,16.3,574395447.04
000333.SZ,2024-10-18,13.99,14.08,14.2,13.93,679091466.58
600036.SH,2024-10-18,146.45,146.96,148.27,144.72,6876437843.82
002415.SZ,2024-10-18,6.22,6.21,6.28,6.19,260561552.33
600276.SH,2024-10-18,25.21,25.08,25.67,25.09,69749552.49
002594.SZ,2024-10-18,103.82,103.78,104.4,101.76,4294643086.4
601012.SH,2024-10-18,208.29,208.01,212.19,201.22,8847029779.9
600887.SH,2024-10-18,122.44,121.69,123.81,122.39,5385033424.08
000002.SZ,2024-10-18,373.94,374.62,374.22,365.88,5176270918.58
600519.SH,2024-10-21,528.71,532.42,529.65,516.42,14783803094.31
000858.SZ,2024-10-21,77.38,76.58,77.61,74.98,326234798.0
300750.SZ,2024-10-21,45.31,45.06,45.77,44.15,628534871.97
601318.SH,2024-10-21,16.22,16.23,16.29,16.15,80518094.1
000333.SZ,2024-10-21,13.59,13.67,13.81,13.44,414911233.66
600036.SH,2024-10-21,153.63,153.29,153.97,150.8,6508040885.21
002415.SZ,2024-10-21,6.44,6.45,6.47,6.41,211684111.5
600276.SH,2024-10-21,26.05,26.18,26.53,25.9,587681523.93
002594.SZ,2024-10-21,104.31,103.68,104.78,103.0,4143991285.66
601012.SH,2024-10-21,203.22,202.38,203.86,203.19,5714972320.26
600887.SH,2024-10-21,124.92,124.95,126.04,123.74,919238903.04
000002.SZ,2024-10-21,384.15,384.13,394.09,372.83,2685410804.57
600519.SH,2024-10-22,532.71,534.3,538.38,528.99,21994560451.43
000858.SZ,2024-10-22,73.69,73.93,73.88,73.16,2618382161.44
300750.SZ,2024-10-22,45.0,45.28,45.15,44.05,748010506.46
601318.SH,2024-10-22,17.09,17.21,17.37,17.09,513424921.68
000333.SZ,2024-10-22,13.99,13.97,13.99,13.89,318929533.46
600036.SH,2024-10-22,147.96,148.89,149.13,147.94,1617143346.47
002415.SZ,2024-10-22,6.58,6.62,6.59,6.43,190470804.11
600276.SH,2024-10-22,27.0,26.85,27.43,26.89,1124341775.75
002594.SZ,2024-10-22,108.24,107.26,109.14,106.99,1511679881.78
601012.SH,2024-10-22,203.37,203.22,208.17,202.57,10066166507.38
600887.SH,2024-10-22,120.77,120.2,121.89,118.15,726769934.25
000002.SZ,2024-10-22,383.2,382.41,385.01,374.43,12934217404.67
600519.SH,2024-10-23,544.02,542.51,562.99,533.35,5110698088.84
000858.SZ,2024-10-23,72.72,72.29,72.89,71.28,2724513526.52
300750.SZ,2024-10-23,45.58,45.63,46.41,45.49,806124745.91
601318.SH,2024-10-23,17.1,17.08,17.33,16.96,99885858.12
000333.SZ,2024-10-23,14.34,14.39,14.61,14.27,235019915.6
600036.SH,2024-10-23,147.57,148.45,150.82,147.21,5856337321.9
002415.SZ,2024-10-23,6.6,6.65,6.63,6.46,197775623.54
600276.SH,2024-10-23,27.28,27.1,27.33,26.96,921755909.58
002594.SZ,2024-10-23,109.59,108.48,112.68,107.4,2702466088.41
601012.SH,2024-10-23,210.03,211.71,212.27,207.7,4175635614.7
600887.SH,2024-10-23,123.33,123.93,124.02,122.11,2736599788.45
000002.SZ,2024-10-23,367.43,364.62,376.21,358.11,8783546416.45
600519.SH,2024-10-24,576.67,575.54,578.52,576.04,18767514410.15
000858.SZ,2024-10-24,73.46,73.67,76.42,73.16,3032899731.84
300750.SZ,2024-10-24,45.33,45.41,45.51,45.04,657711453.48
601318.SH,2024-10-24,17.21,17.13,17.63,16.85,848493793.96
000333.SZ,2024-10-24,14.26,14.29,14.28,14.13,353443540.41
600036.SH,2024-10-24,146.43,147.9,147.47,144.51,1020733709.09
002415.SZ,2024-10-24,6.56,6.58,6.65,6.48,76827090.21
600276.SH,2024-10-24,27.1,27.13,27.16,26.36,929887366.47
002594.SZ,2024-10-24,109.57,110.24,111.1,107.61,4945368375.57
601012.SH,2024-10-24,208.38,209.89,211.62,204.98,5342739979.61
600887.SH,2024-10-24,121.78,122.68,122.88,119.31,4229762082.37
000002.SZ,2024-10-24,370.75,371.41,375.96,365.53,11188409661.92
600519.SH,2024-10-25,570.42,567.82,571.57,569.85,12039069864.04
000858.SZ,2024-10-25,72.61,72.16,72.97,71.45,1986649244.61
300750.SZ,2024-10-25,44.29,44.48,44.4,44.09,1184751458.73
601318.SH,2024-10-25,16.99,17.02,17.33,16.84,196957238.43
000333.SZ,2024-10-25,14.1,14.12,14.25,14.04,147269074.15
600036.SH,2024-10-25,147.58,148.23,150.23,145.08,1261114214.45
002415.SZ,2024-10-25,6.55,6.53,6.74,6.41,19613347.9
600276.SH,2024-10-25,26.64,26.73,26.7,26.27,955355265.33
002594.SZ,2024-10-25,109.53,109.45,112.24,109.34,5203925502.08
601012.SH,2024-10-25,209.43,210.06,209.49,206.9,2590763388.48
600887.SH,2024-10-25,118.55,118.34,120.28,116.76,4353483867.49
000002.SZ,2024-10-25,371.24,370.05,374.31,368.92,5919225957.59
600519.SH,2024-10-28,569.03,566.83,574.86,567.37,21499492037.3
000858.SZ,2024-10-28,73.71,73.37,74.48,73.55,1493060068.89
300750.SZ,2024-10-28,44.04,44.22,44.57,43.22,1779962019.86
601318.SH,2024-10-28,16.54,16.49,16.56,16.26,701879643.02
000333.SZ,2024-10-28,14.33,14.25,14.52,14.21,4249951.91
600036.SH,2024-10-28,150.54,149.82,156.4,148.6,2009943631.3
002415.SZ,2024-10-28,6.71,6.71,6.72,6.68,172242113.89
600276.SH,2024-10-28,25.9,26.01,26.08,25.72,42742368.28
002594.SZ,2024-10-28,107.52,108.33,108.84,107.16,3030978602.24
601012.SH,2024-10-28,206.8,205.64,208.56,206.64,9334584954.29
600887.SH,2024-10-28,117.39,116.55,118.47,114.16,1284312733.6
000002.SZ,2024-10-28,370.03,372.82,372.5,367.19,11195200724.18
600519.SH,2024-10-29,585.22,590.1,595.34,565.65,4719941820.39
000858.SZ,2024-10-29,71.62,71.74,72.02,71.55,1270647953.85
300750.SZ,2024-10-29,45.21,45.32,46.83,45.06,94764471.45
601318.SH,2024-10-29,15.72,15.8,16.23,15.58,151055344.49
000333.SZ,2024-10-29,15.24,15.16,15.37,15.12,228486148.9
600036.SH,2024-10-29,145.66,144.92,149.09,144.61,363942486.56
002415.SZ,2024-10-29,6.36,6.38,6.48,6.23,262253175.44
600276.SH,2024-10-29,25.31,25.21,25.79,25.05,1252757097.58
002594.SZ,2024-10-29,111.83,112.44,112.08,108.71,3010985246.51
601012.SH,2024-10-29,210.55,209.78,210.71,206.28,1414038437.38
600887.SH,2024-10-29,124.27,123.82,125.77,121.82,4392073089.24
000002.SZ,2024-10-29,373.31,370.74,375.9,367.55,4942325508.68
600519.SH,2024-10-30,580.3,576.56,591.55,579.6,8717839459.95
000858.SZ,2024-10-30,70.41,70.25,71.05,69.76,1824607007.03
300750.SZ,2024-10-30,45.97,45.97,46.12,44.38,2164302565.15
601318.SH,2024-10-30,15.68,15.85,15.74,15.51,188458734.13
000333.SZ,2024-10-30,15.09,15.03,15.23,15.06,609652482.78
600036.SH,2024-10-30,146.18,146.53,147.66,145.19,4478267571.21
002415.SZ,2024-10-30,6.61,6.57,6.77,6.52,81898854.55
600276.SH,2024-10-30,26.4,26.43,26.57,26.02,903839401.65
002594.SZ,2024-10-30,107.83,108.1,110.16,107.77,1844581148.17
601012.SH,2024-10-30,220.13,220.23,221.89,219.06,2236190265.63
600887.SH,2024-10-30,126.36,127.39,126.57,125.52,4823003170.84
000002.SZ,2024-10-30,393.34,395.2,396.39,390.39,12394709942.58
600519.SH,2024-10-31,567.34,569.96,571.39,561.31,20386458312.71
000858.SZ,2024-10-31,71.59,71.56,72.56,70.53,3259519195.55
300750.SZ,2024-10-31,47.14,47.05,47.58,46.96,777349754.75
601318.SH,2024-10-31,15.49,15.45,15.87,15.41,667329504.94
000333.SZ,2024-10-31,15.45,15.38,15.49,15.25,613146801.55
600036.SH,2024-10-31,157.95,159.37,159.11,154.08,5791017360.3
002415.SZ,2024-10-31,6.82,6.85,7.01,6.61,5735200.45
600276.SH,2024-10-31,25.87,25.71,26.53,25.74,89919257.11
002594.SZ,2024-10-31,109.31,109.25,111.56,108.72,609387029.18
601012.SH,2024-10-31,221.8,221.51,224.92,219.12,7700519322.72
600887.SH,2024-10-31,124.81,125.88,125.57,122.46,394137807.46
000002.SZ,2024-10-31,398.28,396.32,402.52,392.65,9817954346.91
600519.SH,2024-11-01,544.26,543.78,551.93,531.03,10495818418.11
000858.SZ,2024-11-01,73.2,72.71,73.56,71.86,3574308096.86
300750.SZ,2024-11-01,48.19,48.18,49.57,46.89,1620770075.42
601318.SH,2024-11-01,15.46,15.38,15.73,15.38,140999907.72
000333.SZ,2024-11-01,14.98,14.98,15.18,14.78,684576815.74
600036.SH,2024-11-01,159.03,160.25,160.8,157.22,1894694290.55
002415.SZ,2024-11-01,6.99,7.07,7.06,6.95,207810118.83
600276.SH,2024-11-01,25.79,25.72,26.08,25.61,1188780172.6
002594.SZ,2024-11-01,110.45,110.57,110.98,108.64,985103146.64
601012.SH,2024-11-01,227.53,226.21,233.79,226.41,5635327182.62
600887.SH,2024-11-01,127.91,127.08,130.98,127.52,4569528906.5
000002.SZ,2024-11-01,390.59,391.6,393.38,386.99,1805983226.24
600519.SH,2024-11-04,538.13,540.12,540.58,530.09,2520756891.62
000858.SZ,2024-11-04,75.53,75.94,75.83,75.15,2823863649.14
300750.SZ,2024-11-04,48.1,48.01,48.52,47.33,103773466.09
601318.SH,2024-11-04,15.23,15.19,15.27,15.03,477487378.96
000333.SZ,2024-11-04,14.88,14.99,14.96,14.85,129826271.76
600036.SH,2024-11-04,158.51,159.03,161.22,155.2,1503691967.01
002415.SZ,2024-11-04,7.09,7.07,7.19,7.01,53388079.59
600276.SH,2024-11-04,25.4,25.65,25.53,25.3,886742569.24
002594.SZ,2024-11-04,115.41,115.05,118.14,114.88,3262393999.73
601012.SH,2024-11-04,230.44,230.3,230.9,226.94,2341384105.41
600887.SH,2024-11-04,125.59,125.35,125.78,124.55,4791603340.89
000002.SZ,2024-11-04,394.14,392.35,403.47,394.04,14558336081.94
600519.SH,2024-11-05,552.35,548.8,560.66,548.9,11996990856.46
000858.SZ,2024-11-05,76.25,76.51,77.33,76.1,1443492073.05
300750.SZ,2024-11-05,47.19,46.96,47.45,46.57,753695883.72
601318.SH,2024-11-05,14.59,14.54,14.78,14.23,177917951.75
000333.SZ,2024-11-05,14.52,14.56,14.54,14.49,166523121.17
600036.SH,2024-11-05,161.51,161.24,162.19,161.35,6002996274.79
002415.SZ,2024-11-05,7.44,7.39,7.48,7.39,318223987.63
600276.SH,2024-11-05,24.81,24.77,24.81,24.52,275207127.42
002594.SZ,2024-11-05,115.28,115.31,117.75,114.01,3825787118.39
601012.SH,2024-11-05,223.79,223.57,226.56,222.53,4345603218.49
600887.SH,2024-11-05,118.71,118.9,120.29,118.08,1178907376.47
000002.SZ,2024-11-05,392.5,394.3,396.36,392.1,10001731512.91
600519.SH,2024-11-06,575.92,574.63,582.34,561.64,24943252537.14
000858.SZ,2024-11-06,77.93,78.29,78.39,77.7,677791586.76
300750.SZ,2024-11-06,45.66,45.4,46.27,45.64,1709495253.77
601318.SH,2024-11-06,14.02,14.01,14.24,13.92,672477845.82
000333.SZ,2024-11-06,14.91,14.9,15.01,14.48,627196343.2
600036.SH,2024-11-06,158.27,157.88,159.1,157.19,4410761732.64
002415.SZ,2024-11-06,7.48,7.47,7.55,7.37,131205169.28
600276.SH,2024-11-06,24.57,24.52,25.43,23.79,436372634.63
002594.SZ,2024-11-06,116.55,116.83,118.33,112.22,3885362542.85
601012.SH,2024-11-06,230.25,231.37,239.48,227.06,1953392092.4
600887.SH,2024-11-06,120.56,119.78,123.35,120.49,1237768814.03
000002.SZ,2024-11-06,391.7,389.55,392.61,388.5,6216592888.49
600519.SH,2024-11-07,553.74,550.66,557.95,537.93,1737496309.64
000858.SZ,2024-11-07,77.06,77.29,77.89,75.15,2992984058.8
300750.SZ,2024-11-07,43.83,43.48,45.15,43.6,2075482333.49
601318.SH,2024-11-07,14.06,14.07,14.38,13.97,309863580.18
000333.SZ,2024-11-07,14.7,14.73,15.09,14.55,139026623.16
600036.SH,2024-11-07,156.56,156.13,156.93,155.55,1065987711.08
002415.SZ,2024-11-07,7.17,7.14,7.26,7.06,79360643.15
600276.SH,2024-11-07,25.09,25.0,25.2,24.92,323104117.54
002594.SZ,2024-11-07,119.17,118.78,119.25,118.39,859187494.7
601012.SH,2024-11-07,225.29,227.07,228.39,218.61,1379712077.25
600887.SH,2024-11-07,124.8,126.33,125.37,124.72,2119272475.55
000002.SZ,2024-11-07,378.6,379.7,385.04,367.03,15179453108.13
600519.SH,2024-11-08,563.26,561.67,564.19,560.92,15422206013.46
000858.SZ,2024-11-08,79.71,79.41,80.66,79.68,1033234230.07
300750.SZ,2024-11-08,43.74,43.93,43.96,43.34,1903709491.85
601318.SH,2024-11-08,14.14,14.27,14.32,13.95,40852532.83
000333.SZ,2024-11-08,14.79,14.72,15.13,14.73,347105667.98
600036.SH,2024-11-08,163.1,163.06,164.04,161.13,1265080454.85
002415.SZ,2024-11-08,7.21,7.15,7.31,7.18,342791085.54
600276.SH,2024-11-08,25.07,25.16,25.21,24.64,204874885.14
002594.SZ,2024-11-08,120.11,120.47,123.36,119.84,538132492.54
601012.SH,2024-11-08,218.08,217.5,219.4,213.42,5658736619.98
600887.SH,2024-11-08,124.23,124.96,126.6,124.0,314420637.38
000002.SZ,2024-11-08,368.96,369.99,377.69,368.66,18147980094.86
600519.SH,2024-11-11,544.41,544.47,552.32,539.09,27065719997.62
000858.SZ,2024-11-11,73.93,74.11,75.18,73.48,1695999952.72
300750.SZ,2024-11-11,42.14,41.85,42.47,41.71,1672538584.12
601318.SH,2024-11-11,14.31,14.29,14.48,14.25,454434189.41
000333.SZ,2024-11-11,14.09,14.11,14.11,14.03,185434851.74
600036.SH,2024-11-11,168.71,168.25,168.96,168.47,7167518138.39
002415.SZ,2024-11-11,7.23,7.29,7.29,7.21,287368089.5
600276.SH,2024-11-11,25.72,25.91,26.59,24.94,925961925.05
002594.SZ,2024-11-11,120.49,120.09,121.76,119.53,2100685343.22
601012.SH,2024-11-11,215.18,215.7,216.1,209.59,6914706473.41
600887.SH,2024-11-11,125.07,125.21,129.62,122.8,3355501431.83
000002.SZ,2024-11-11,360.66,359.93,363.36,359.8,17539201719.8
600519.SH,2024-11-12,561.65,563.55,561.79,558.57,21911850073.29
000858.SZ,2024-11-12,74.0,74.33,74.9,73.52,2091251919.78
300750.SZ,2024-11-12,43.9,43.86,43.99,43.2,35751203.98
601318.SH,2024-11-12,14.66,14.73,14.68,14.56,336145244.51
000333.SZ,2024-11-12,14.3,14.23,14.69,14.15,237279623.41
600036.SH,2024-11-12,174.17,174.62,176.05,172.11,8368234850.55
002415.SZ,2024-11-12,7.19,7.22,7.42,7.14,57235154.8
600276.SH,2024-11-12,26.07,26.11,26.33,25.14,689143127.78
002594.SZ,2024-11-12,125.08,124.19,126.59,123.86,1437975249.96
601012.SH,2024-11-12,214.88,214.99,216.22,214.1,6451725879.32
600887.SH,2024-11-12,124.84,124.55,127.63,124.58,5579636343.7
000002.SZ,2024-11-12,359.53,354.98,362.93,359.44,15245558143.55
600519.SH,2024-11-13,540.48,545.3,540.98,535.52,14055701111.02
000858.SZ,2024-11-13,78.81,78.93,80.12,78.25,2029253788.95
300750.SZ,2024-11-13,45.47,45.04,45.67,44.7,171635047.72
601318.SH,2024-11-13,14.45,14.45,14.74,14.4,33740994.48
000333.SZ,2024-11-13,14.14,13.99,14.41,13.94,8903014.59
600036.SH,2024-11-13,175.66,174.45,178.96,173.99,8727682345.97
002415.SZ,2024-11-13,7.42,7.39,7.52,7.29,159965772.5
600276.SH,2024-11-13,26.5,26.59,26.86,26.15,746828360.96
002594.SZ,2024-11-13,126.26,125.81,130.11,125.55,3438111538.41
601012.SH,2024-11-13,214.19,214.17,214.62,213.58,1002799904.46
600887.SH,2024-11-13,122.4,122.76,123.16,120.56,4865832157.61
000002.SZ,2024-11-13,356.27,355.64,357.73,355.79,9676474500.04
600519.SH,2024-11-14,528.79,530.54,531.14,518.15,20530580531.9
000858.SZ,2024-11-14,80.15,80.19,81.89,79.59,2566362908.29
300750.SZ,2024-11-14,45.22,44.94,45.97,44.66,1179151098.58
601318.SH,2024-11-14,14.4,14.43,14.51,14.31,234615805.51
000333.SZ,2024-11-14,13.64,13.62,13.88,13.39,369326835.96
600036.SH,2024-11-14,171.67,171.59,173.5,171.34,1602968258.42
002415.SZ,2024-11-14,7.4,7.33,7.44,7.39,173594716.46
600276.SH,2024-11-14,27.21,27.38,27.91,26.45,260351998.0
002594.SZ,2024-11-14,124.31,124.34,127.45,123.52,6091634155.02
601012.SH,2024-11-14,211.5,212.09,216.97,206.75,1171057102.4
600887.SH,2024-11-14,121.93,121.35,122.77,121.24,3064568727.54
000002.SZ,2024-11-14,355.98,352.52,356.74,352.64,2039294494.88
600519.SH,2024-11-15,544.25,545.55,548.86,538.58,13648757603.12
000858.SZ,2024-11-15,83.74,84.07,84.48,83.51,1584326202.91
300750.SZ,2024-11-15,46.23,46.03,46.71,45.79,356154204.76
601318.SH,2024-11-15,14.49,14.57,14.52,14.23,288524336.44
000333.SZ,2024-11-15,14.1,14.06,14.38,13.97,15065798.68
600036.SH,2024-11-15,173.0,171.99,176.81,171.07,7766408053.71
002415.SZ,2024-11-15,7.37,7.38,7.51,7.3,353206406.07
600276.SH,2024-11-15,26.23,26.24,27.0,25.91,830005140.36
002594.SZ,2024-11-15,116.22,115.99,119.03,115.89,2597424939.37
601012.SH,2024-11-15,207.83,208.44,210.51,202.98,3555708451.99
600887.SH,2024-11-15,118.18,117.36,119.44,117.36,287171787.36
000002.SZ,2024-11-15,348.26,345.48,351.1,339.33,2799009876.1
600519.SH,2024-11-18,533.23,534.61,535.24,530.38,17984326408.44
000858.SZ,2024-11-18,83.7,84.25,83.92,83.4,2926058744.47
300750.SZ,2024-11-18,47.89,47.97,48.74,47.09,1797093331.72
601318.SH,2024-11-18,15.04,14.85,15.23,14.92,430157789.14
000333.SZ,2024-11-18,13.8,13.72,14.09,13.65,416737720.91
600036.SH,2024-11-18,179.09,179.0,179.78,177.79,398968778.06
002415.SZ,2024-11-18,7.12,7.14,7.12,7.1,73391848.79
600276.SH,2024-11-18,26.17,25.98,26.38,26.1,711460774.81
002594.SZ,2024-11-18,114.86,114.06,116.07,112.75,947827952.44
601012.SH,2024-11-18,204.55,205.39,204.94,203.0,9485099284.29
600887.SH,2024-11-18,114.69,115.2,115.04,114.34,3154518720.87
000002.SZ,2024-11-18,351.69,350.3,358.28,347.48,13972497183.53
600519.SH,2024-11-19,510.04,510.5,522.78,503.47,18218943408.52
000858.SZ,2024-11-19,84.74,85.18,84.93,83.92,3608063716.8
300750.SZ,2024-11-19,49.49,49.46,50.04,48.94,611840385.55
601318.SH,2024-11-19,14.75,14.68,15.0,14.7,309792449.16
000333.SZ,2024-11-19,13.51,13.48,13.6,13.47,394926106.55
600036.SH,2024-11-19,180.69,181.2,182.86,179.17,2523172828.86
002415.SZ,2024-11-19,7.28,7.28,7.32,7.11,56590025.42
600276.SH,2024-11-19,27.44,27.55,27.88,27.33,15145763.42
002594.SZ,2024-11-19,112.58,112.63,114.49,111.21,5327607381.69
601012.SH,2024-11-19,207.6,208.06,209.54,206.85,8016448832.31
600887.SH,2024-11-19,116.38,116.79,116.9,113.92,1797815203.32
000002.SZ,2024-11-19,366.07,368.14,376.09,363.24,8098576289.6
600519.SH,2024-11-20,508.67,510.04,515.38,491.57,17492688508.0
000858.SZ,2024-11-20,84.38,84.11,85.38,83.52,619050155.0
300750.SZ,2024-11-20,48.77,48.55,49.77,46.41,2420078694.0
601318.SH,2024-11-20,14.56,14.58,14.59,14.48,335851041.36
000333.SZ,2024-11-20,13.68,13.71,13.9,13.18,91835789.55
600036.SH,2024-11-20,169.37,169.09,172.28,166.71,766744010.84
002415.SZ,2024-11-20,7.52,7.5,7.64,7.4,25981305.77
600276.SH,2024-11-20,27.83,27.84,28.5,27.29,665086753.07
002594.SZ,2024-11-20,115.88,115.3,118.85,112.72,5116857727.51
601012.SH,2024-11-20,206.69,207.25,210.08,203.62,8080320601.21
600887.SH,2024-11-20,113.63,113.51,113.96,113.52,3504166146.76
000002.SZ,2024-11-20,364.44,360.85,365.26,359.42,6166706471.14
600519.SH,2024-11-21,519.38,518.95,525.11,510.56,3912024447.15
000858.SZ,2024-11-21,86.8,86.56,87.79,86.37,1449126970.19
300750.SZ,2024-11-21,50.04,50.2,51.78,49.74,2394794216.14
601318.SH,2024-11-21,14.35,14.26,14.61,13.91,220953033.17
000333.SZ,2024-11-21,13.65,13.69,13.75,13.54,583514933.48
600036.SH,2024-11-21,167.05,167.55,170.01,163.6,4072800083.93
002415.SZ,2024-11-21,7.61,7.57,7.78,7.56,218124222.34
600276.SH,2024-11-21,27.31,27.38,27.51,27.18,1324778618.92
002594.SZ,2024-11-21,112.95,112.24,113.78,111.81,2164090269.37
601012.SH,2024-11-21,204.0,204.81,206.7,200.81,9904024435.43
600887.SH,2024-11-21,113.68,113.32,114.13,112.17,1575777791.19
000002.SZ,2024-11-21,348.51,348.54,352.12,347.74,7192872387.17
600519.SH,2024-11-22,500.4,500.63,519.83,492.99,24645153911.21
000858.SZ,2024-11-22,86.19,85.94,86.55,84.74,61605185.43
300750.SZ,2024-11-22,51.87,51.35,52.44,51.79,2549981680.75
601318.SH,2024-11-22,14.36,14.19,14.6,14.24,146964525.94
000333.SZ,2024-11-22,13.4,13.41,13.7,13.38,390444172.03
600036.SH,2024-11-22,160.39,159.76,162.89,159.19,5959754019.79
002415.SZ,2024-11-22,7.42,7.35,7.5,7.41,330736291.43
600276.SH,2024-11-22,28.1,27.83,28.46,28.09,44113448.01
002594.SZ,2024-11-22,116.09,116.13,118.86,113.4,3987465354.17
601012.SH,2024-11-22,199.05,201.59,200.74,194.17,4199623853.13
600887.SH,2024-11-22,116.96,116.73,119.96,114.96,3279350912.85
000002.SZ,2024-11-22,337.89,338.27,344.2,335.87,3493042411.81
600519.SH,2024-11-25,485.09,486.36,491.87,477.81,11114825729.04
000858.SZ,2024-11-25,88.44,88.57,89.3,86.78,113414806.33
300750.SZ,2024-11-25,51.19,51.26,52.68,50.76,120748391.32
601318.SH,2024-11-25,14.71,14.74,15.22,14.54,585897044.64
000333.SZ,2024-11-25,13.9,13.94,14.03,13.59,95305452.73
600036.SH,2024-11-25,161.9,162.54,165.99,159.56,2506859111.13
002415.SZ,2024-11-25,7.61,7.62,7.62,7.49,334127050.01
600276.SH,2024-11-25,29.43,29.46,29.51,29.18,223645392.8
002594.SZ,2024-11-25,118.31,118.25,118.87,116.4,5588521514.76
601012.SH,2024-11-25,206.52,207.32,206.85,206.0,6674554689.48
600887.SH,2024-11-25,118.4,118.71,118.78,118.22,2366118585.16
000002.SZ,2024-11-25,332.71,333.27,335.51,331.44,8378053842.52
600519.SH,2024-11-26,491.4,488.88,497.46,488.17,9430175821.79
000858.SZ,2024-11-26,90.94,91.3,91.29,90.26,15368263.29
300750.SZ,2024-11-26,49.97,50.16,50.7,49.23,930082818.73
601318.SH,2024-11-26,14.81,14.77,15.08,14.6,714023014.66
000333.SZ,2024-11-26,14.32,14.37,14.67,14.3,31540360.78
600036.SH,2024-11-26,167.83,167.81,169.16,166.28,3846244285.72
002415.SZ,2024-11-26,7.53,7.52,7.62,7.52,33482491.73
600276.SH,2024-11-26,29.14,29.09,29.38,28.88,1321723152.61
002594.SZ,2024-11-26,118.53,117.27,118.7,114.9,419318503.73
601012.SH,2024-11-26,219.32,219.23,221.49,214.32,8283829569.15
600887.SH,2024-11-26,116.49,116.29,117.44,114.97,4372678333.69
000002.SZ,2024-11-26,320.41,320.7,326.14,316.55,4452247510.45
600519.SH,2024-11-27,504.03,501.09,508.21,479.05,8852700852.01
000858.SZ,2024-11-27,87.69,88.04,88.49,87.39,480323456.83
300750.SZ,2024-11-27,50.42,50.53,51.04,50.23,1176124264.92
601318.SH,2024-11-27,14.58,14.62,14.77,14.39,300648136.79
000333.SZ,2024-11-27,14.74,14.64,14.81,14.65,718815165.29
600036.SH,2024-11-27,165.99,165.62,168.22,162.8,4658988855.73
002415.SZ,2024-11-27,7.73,7.67,7.79,7.53,211810382.99
600276.SH,2024-11-27,28.6,28.55,29.36,28.34,659255616.72
002594.SZ,2024-11-27,120.99,120.19,121.02,117.04,2083078516.0
601012.SH,2024-11-27,222.8,222.94,226.91,221.0,8169363150.39
600887.SH,2024-11-27,116.25,115.44,116.82,115.03,3606596478.08
000002.SZ,2024-11-27,332.71,332.42,340.62,332.58,9832309704.74
600519.SH,2024-11-28,511.28,512.54,520.39,509.87,2825719290.43
000858.SZ,2024-11-28,87.03,86.76,87.12,86.64,2861054933.98
300750.SZ,2024-11-28,50.6,50.8,52.01,49.1,2050036719.93
601318.SH,2024-11-28,14.01,14.0,14.15,13.74,173022202.48
000333.SZ,2024-11-28,14.96,14.87,15.11,14.94,88474742.26
600036.SH,2024-11-28,165.0,165.15,166.77,164.82,3505765528.75
002415.SZ,2024-11-28,7.91,7.92,7.95,7.79,102222897.85
600276.SH,2024-11-28,28.37,28.13,28.46,28.17,1182211161.31
002594.SZ,2024-11-28,122.87,122.9,124.45,122.56,71509365.28
601012.SH,2024-11-28,222.25,221.84,225.38,216.73,3564389023.12
600887.SH,2024-11-28,118.25,117.71,118.97,115.33,2469982100.38
000002.SZ,2024-11-28,330.92,331.89,331.44,324.73,1440003616.79
600519.SH,2024-11-29,507.54,507.08,514.09,504.16,23376428400.0
000858.SZ,2024-11-29,85.19,84.39,87.63,84.35,2351744108.41
300750.SZ,2024-11-29,49.12,48.97,50.27,48.55,585761039.46
601318.SH,2024-11-29,13.68,13.67,13.7,13.6,37000134.72
000333.SZ,2024-11-29,15.56,15.52,16.01,15.51,756286024.43
600036.SH,2024-11-29,169.99,169.8,171.39,164.17,711655820.6
002415.SZ,2024-11-29,8.0,7.99,8.12,7.84,117647872.83
600276.SH,2024-11-29,28.26,28.31,28.36,27.87,395922599.93
002594.SZ,2024-11-29,122.21,122.3,124.49,121.59,5423918498.98
601012.SH,2024-11-29,217.19,216.92,223.32,210.71,3378425472.71
600887.SH,2024-11-29,122.52,122.57,124.06,118.98,4411499250.47
000002.SZ,2024-11-29,333.0,332.93,336.12,327.12,2563018414.04
600519.SH,2024-12-02,476.27,476.09,479.56,457.63,16469036041.52
000858.SZ,2024-12-02,84.6,84.49,86.99,82.87,4045616114.01
300750.SZ,2024-12-02,50.64,51.02,51.37,49.22,728235325.26
601318.SH,2024-12-02,13.55,13.62,13.57,13.53,344610382.81
000333.SZ,2024-12-02,15.91,15.87,16.41,15.62,433441111.18
600036.SH,2024-12-02,170.44,171.65,171.99,167.79,2509029204.12
002415.SZ,2024-12-02,7.71,7.71,7.78,7.67,363199735.21
600276.SH,2024-12-02,28.36,28.64,28.79,27.93,446250636.02
002594.SZ,2024-12-02,123.26,122.63,125.13,119.3,1709771735.97
601012.SH,2024-12-02,213.85,215.18,214.49,213.34,5593195920.86
600887.SH,2024-12-02,124.06,125.24,125.38,124.05,4715765782.79
000002.SZ,2024-12-02,344.16,343.6,350.01,343.99,4923941994.49
600519.SH,2024-12-03,489.54,488.04,502.62,487.02,23785870982.05
000858.SZ,2024-12-03,86.82,86.75,88.69,86.4,476230137.56
300750.SZ,2024-12-03,49.01,49.02,50.44,48.54,362890275.54
601318.SH,2024-12-03,13.52,13.42,13.93,13.47,33014937.73
000333.SZ,2024-12-03,16.09,16.02,16.42,16.0,569930209.92
600036.SH,2024-12-03,169.59,171.28,171.64,166.52,6253314904.56
002415.SZ,2024-12-03,7.49,7.44,7.57,7.33,4342996.77
600276.SH,2024-12-03,28.47,28.4,28.49,27.88,1061113280.86
002594.SZ,2024-12-03,126.9,126.97,127.4,126.58,609818060.99
601012.SH,2024-12-03,215.84,216.41,220.34,209.87,3561503457.76
600887.SH,2024-12-03,122.97,123.3,123.41,120.82,3560017721.19
000002.SZ,2024-12-03,333.43,332.08,337.25,322.99,6075867607.76
600519.SH,2024-12-04,489.37,489.36,500.33,480.85,8941161933.33
000858.SZ,2024-12-04,87.46,87.66,88.92,86.48,3694357501.53
300750.SZ,2024-12-04,49.48,49.46,49.86,48.34,1727660895.82
601318.SH,2024-12-04,13.33,13.44,13.41,13.26,367456581.61
000333.SZ,2024-12-04,15.97,15.86,16.21,15.91,465563730.38
600036.SH,2024-12-04,173.19,172.47,173.92,173.13,5345450792.09
002415.SZ,2024-12-04,7.33,7.34,7.44,7.25,31479548.49
600276.SH,2024-12-04,28.67,28.63,28.74,28.33,174815417.61
002594.SZ,2024-12-04,126.26,126.61,127.11,125.6,4385033288.49
601012.SH,2024-12-04,218.21,218.53,218.71,215.45,382710239.48
600887.SH,2024-12-04,122.64,121.24,124.77,121.8,3978790816.18
000002.SZ,2024-12-04,325.71,326.44,331.03,324.79,9751856409.73
600519.SH,2024-12-05,506.65,508.78,511.46,497.66,21009832110.92
000858.SZ,2024-12-05,84.86,85.7,86.8,84.74,1008649210.48
300750.SZ,2024-12-05,47.14,47.22,47.71,45.41,1085632261.33
601318.SH,2024-12-05,13.44,13.52,13.61,13.35,107659500.57
000333.SZ,2024-12-05,15.69,15.67,15.72,15.64,469501675.92
600036.SH,2024-12-05,172.79,172.36,175.99,171.35,3725761010.97
002415.SZ,2024-12-05,7.02,7.05,7.1,6.97,161007657.08
600276.SH,2024-12-05,29.31,29.39,30.11,29.05,12773906.65
002594.SZ,2024-12-05,133.99,134.19,135.57,133.9,5687197222.13
601012.SH,2024-12-05,222.25,221.91,225.73,221.2,3204579648.0
600887.SH,2024-12-05,122.12,123.33,122.4,120.47,2302443249.16
000002.SZ,2024-12-05,341.56,340.94,343.42,336.64,14684751485.62
600519.SH,2024-12-06,500.97,500.93,505.91,482.57,21120665092.72
000858.SZ,2024-12-06,82.02,81.65,83.06,81.56,2080133333.31
300750.SZ,2024-12-06,49.4,49.48,50.14,48.55,562303962.93
601318.SH,2024-12-06,13.96,13.96,14.2,13.92,310399035.52
000333.SZ,2024-12-06,15.73,15.77,15.88,15.64,473867579.15
600036.SH,2024-12-06,171.76,172.46,174.87,171.61,3675990124.15
002415.SZ,2024-12-06,6.9,6.91,6.96,6.72,115788872.47
600276.SH,2024-12-06,29.96,30.07,30.14,29.79,199445247.33
002594.SZ,2024-12-06,127.98,127.38,129.48,123.18,1227231927.6
601012.SH,2024-12-06,213.38,213.32,213.7,212.1,10597162096.66
600887.SH,2024-12-06,125.12,125.59,128.17,123.18,5707196520.03
000002.SZ,2024-12-06,349.66,349.5,356.94,339.42,12375308848.57
600519.SH,2024-12-09,496.87,497.89,512.59,491.23,24125153631.87
000858.SZ,2024-12-09,82.18,82.55,83.85,80.89,3292946868.33
300750.SZ,2024-12-09,49.35,49.36,49.8,49.21,262002883.38
601318.SH,2024-12-09,13.79,13.74,14.01,13.22,553311339.56
000333.SZ,2024-12-09,15.43,15.56,15.69,15.11,107460154.15
600036.SH,2024-12-09,172.32,171.33,175.69,170.93,6168353252.2
002415.SZ,2024-12-09,7.14,7.15,7.19,6.96,107322476.9
600276.SH,2024-12-09,31.03,31.23,31.31,30.76,606411008.97
002594.SZ,2024-12-09,121.82,121.59,123.63,119.86,2779977671.24
601012.SH,2024-12-09,211.73,212.61,217.59,207.26,2416356843.53
600887.SH,2024-12-09,124.11,123.43,127.35,122.21,5519381872.16
000002.SZ,2024-12-09,354.08,355.95,363.18,345.96,3013833144.83
600519.SH,2024-12-10,504.39,504.68,510.92,496.99,3714644907.95
000858.SZ,2024-12-10,83.62,83.4,83.78,83.2,955084418.84
300750.SZ,2024-12-10,50.19,50.15,50.68,48.68,730615527.4
601318.SH,2024-12-10,13.21,13.3,13.39,12.82,352292500.96
000333.SZ,2024-12-10,15.31,15.39,15.46,15.25,144865368.15
600036.SH,2024-12-10,173.05,172.75,175.12,170.92,1961364781.56
002415.SZ,2024-12-10,7.0,7.02,7.01,6.99,133734256.29
600276.SH,2024-12-10,32.24,32.66,32.51,31.45,272029368.24
002594.SZ,2024-12-10,116.49,117.12,117.12,113.78,455819704.62
601012.SH,2024-12-10,211.45,210.2,212.08,207.9,3861498256.97
600887.SH,2024-12-10,120.98,122.1,121.6,119.55,338756021.03
000002.SZ,2024-12-10,357.23,358.19,360.52,351.87,551406207.29
600519.SH,2024-12-11,502.34,501.61,517.06,500.89,4322056661.8
000858.SZ,2024-12-11,84.87,84.44,84.92,83.96,2294794303.02
300750.SZ,2024-12-11,49.08,48.97,49.57,48.45,216832697.74
601318.SH,2024-12-11,13.23,13.21,13.52,13.06,456607216.25
000333.SZ,2024-12-11,14.99,14.88,15.24,14.89,44539644.03
600036.SH,2024-12-11,179.21,178.96,186.43,174.42,966021739.68
002415.SZ,2024-12-11,6.9,6.92,6.93,6.74,274474623.65
600276.SH,2024-12-11,31.37,31.13,31.54,31.23,855476877.26
002594.SZ,2024-12-11,114.48,113.35,117.31,112.28,296208685.57
601012.SH,2024-12-11,217.52,217.65,220.58,211.56,4741812073.28
600887.SH,2024-12-11,126.31,126.55,126.74,125.56,3674118332.49
000002.SZ,2024-12-11,353.88,354.49,355.4,348.21,4531740840.36
600519.SH,2024-12-12,494.45,491.33,505.38,494.17,9419954122.83
000858.SZ,2024-12-12,87.97,88.17,89.44,86.32,843867630.09
300750.SZ,2024-12-12,48.52,48.62,49.23,47.81,955799764.24
601318.SH,2024-12-12,13.1,13.16,13.19,12.78,26064973.5
000333.SZ,2024-12-12,15.65,15.73,15.71,15.3,506562025.01
600036.SH,2024-12-12,187.47,185.41,188.64,185.81,7397494986.09
002415.SZ,2024-12-12,7.28,7.35,7.29,7.21,193680938.89
600276.SH,2024-12-12,30.29,30.38,31.33,29.94,545567546.72
002594.SZ,2024-12-12,115.69,114.95,116.95,115.02,2533762426.55
601012.SH,2024-12-12,212.31,212.12,214.49,208.91,6277810795.06
600887.SH,2024-12-12,125.52,126.41,127.0,122.91,3480844901.09
000002.SZ,2024-12-12,358.22,357.04,367.33,349.31,2297009388.71
600519.SH,2024-12-13,509.87,510.15,511.44,509.82,17980116188.12
000858.SZ,2024-12-13,84.35,84.28,84.7,83.53,4092140325.42
300750.SZ,2024-12-13,50.65,50.72,51.11,49.96,1196335717.34
601318.SH,2024-12-13,13.26,13.26,13.45,13.08,234932577.15
000333.SZ,2024-12-13,15.46,15.46,15.52,15.27,640936020.74
600036.SH,2024-12-13,189.99,189.63,191.76,187.43,8438136067.77
002415.SZ,2024-12-13,7.21,7.26,7.22,7.14,287001282.16
600276.SH,2024-12-13,29.87,30.25,30.25,29.56,169593016.09
002594.SZ,2024-12-13,117.23,116.95,117.72,114.13,4903546391.04
601012.SH,2024-12-13,211.69,210.26,214.55,209.25,8476625027.58
600887.SH,2024-12-13,130.25,130.44,134.31,128.62,481331379.72
000002.SZ,2024-12-13,345.48,349.54,350.35,345.26,14689733718.57
600519.SH,2024-12-16,520.76,524.01,524.48,515.85,9954197110.06
000858.SZ,2024-12-16,81.04,80.83,81.7,80.05,1409421864.65
300750.SZ,2024-12-16,51.0,50.83,51.65,50.62,1443221529.28
601318.SH,2024-12-16,13.18,13.14,13.52,13.16,9091019.12
000333.SZ,2024-12-16,15.82,15.87,15.86,15.69,645312851.52
600036.SH,2024-12-16,190.24,189.72,197.52,186.19,7750976274.43
002415.SZ,2024-12-16,7.33,7.4,7.34,7.13,94427804.56
600276.SH,2024-12-16,29.99,29.87,30.6,28.99,1206654489.14
002594.SZ,2024-12-16,114.79,115.34,119.58,113.73,5385733688.43
601012.SH,2024-12-16,206.8,206.47,209.29,206.73,10054917873.05
600887.SH,2024-12-16,130.94,129.7,131.81,130.59,5192843598.54
000002.SZ,2024-12-16,349.26,348.18,349.65,348.78,997491203.26
600519.SH,2024-12-17,512.67,511.27,520.17,509.98,1262822777.23
000858.SZ,2024-12-17,84.82,85.4,84.93,83.6,2094934428.57
300750.SZ,2024-12-17,49.78,49.7,50.47,49.36,2015423113.53
601318.SH,2024-12-17,13.14,13.15,13.2,12.95,292062460.97
000333.SZ,2024-12-17,14.72,14.67,14.82,14.63,81462201.89
600036.SH,2024-12-17,182.32,182.05,183.69,178.92,9019866397.57
002415.SZ,2024-12-17,7.12,7.1,7.13,7.1,26982120.06
600276.SH,2024-12-17,30.06,30.03,30.56,30.02,238258606.1
002594.SZ,2024-12-17,120.01,120.14,122.43,116.11,4110862455.1
601012.SH,2024-12-17,194.16,193.53,197.89,193.76,5014884406.37
600887.SH,2024-12-17,131.63,132.33,131.65,130.93,3404178333.29
000002.SZ,2024-12-17,358.83,359.62,373.69,358.07,609312419.04
600519.SH,2024-12-18,503.94,503.27,513.3,493.56,5246537066.27
000858.SZ,2024-12-18,83.12,83.4,83.18,80.51,3820681840.94
300750.SZ,2024-12-18,51.51,51.87,51.56,51.34,1666150505.69
601318.SH,2024-12-18,12.99,13.05,13.22,12.95,393071352.77
000333.SZ,2024-12-18,14.76,14.79,15.0,14.63,737276122.57
600036.SH,2024-12-18,182.82,182.09,187.3,181.41,8862873650.31
002415.SZ,2024-12-18,6.98,6.95,7.0,6.94,226991093.82
600276.SH,2024-12-18,30.75,30.88,31.64,30.26,1396202616.05
002594.SZ,2024-12-18,119.94,120.43,121.89,119.51,2884554028.1
601012.SH,2024-12-18,191.33,190.2,197.76,190.14,4744210456.95
600887.SH,2024-12-18,130.16,130.59,130.28,127.49,5106364917.59
000002.SZ,2024-12-18,363.52,366.05,366.07,353.86,17704573911.61
600519.SH,2024-12-19,519.06,520.83,529.34,512.55,8048911572.21
000858.SZ,2024-12-19,82.51,82.35,82.59,81.8,206143521.8
300750.SZ,2024-12-19,51.8,51.57,52.16,51.49,1852514085.94
601318.SH,2024-12-19,12.81,12.85,12.91,12.68,100141692.07
000333.SZ,2024-12-19,14.11,14.09,14.14,14.03,352614188.5
600036.SH,2024-12-19,180.65,180.77,184.62,177.8,3537117711.73
002415.SZ,2024-12-19,6.97,7.03,7.11,6.86,44052256.71
600276.SH,2024-12-19,30.26,30.09,30.8,29.92,1347680474.28
002594.SZ,2024-12-19,121.85,121.41,123.31,121.67,2088865026.15
601012.SH,2024-12-19,192.65,191.4,196.5,191.4,4519837022.32
600887.SH,2024-12-19,134.11,134.68,135.07,130.89,5341781392.28
000002.SZ,2024-12-19,377.35,376.14,377.38,363.93,399964145.15
600519.SH,2024-12-20,530.38,526.06,534.73,526.05,3703488886.23
000858.SZ,2024-12-20,82.63,82.43,83.61,82.1,298458037.86
300750.SZ,2024-12-20,52.88,53.04,53.41,52.05,1531800786.6
601318.SH,2024-12-20,12.99,12.96,13.3,12.69,160959258.91
000333.SZ,2024-12-20,14.27,14.29,14.29,14.23,430060915.94
600036.SH,2024-12-20,180.84,180.5,181.7,180.42,2600696718.8
002415.SZ,2024-12-20,6.98,7.01,7.06,6.95,258796001.15
600276.SH,2024-12-20,30.87,30.71,31.06,30.0,1019450452.69
002594.SZ,2024-12-20,124.5,123.38,125.23,122.78,5121985123.26
601012.SH,2024-12-20,199.22,200.71,201.88,198.46,2147646914.13
600887.SH,2024-12-20,133.45,133.07,133.91,132.15,5046039055.77
000002.SZ,2024-12-20,378.02,376.65,384.0,367.34,2036396559.73
600519.SH,2024-12-23,538.26,538.01,550.59,536.53,19919787265.54
000858.SZ,2024-12-23,84.68,84.21,86.86,84.17,2224217734.05
300750.SZ,2024-12-23,52.35,52.08,52.98,51.79,651605670.6
601318.SH,2024-12-23,12.98,12.93,13.28,12.88,83986684.31
000333.SZ,2024-12-23,13.67,13.69,13.78,13.3,71400933.78
600036.SH,2024-12-23,183.1,183.49,186.66,182.43,3265104466.12
002415.SZ,2024-12-23,7.15,7.17,7.31,6.91,785915.56
600276.SH,2024-12-23,30.37,30.51,30.58,29.76,474013130.28
002594.SZ,2024-12-23,122.34,123.01,123.73,119.48,4132316383.92
601012.SH,2024-12-23,206.77,205.82,211.99,202.88,4294745293.39
600887.SH,2024-12-23,130.46,130.73,130.7,128.46,6307259231.88
000002.SZ,2024-12-23,388.27,389.28,395.29,383.01,16636858753.2
600519.SH,2024-12-24,525.47,525.88,526.65,511.13,9171183226.42
000858.SZ,2024-12-24,84.94,85.22,85.65,83.64,1095017248.2
300750.SZ,2024-12-24,54.41,54.37,54.85,54.37,1010781851.14
601318.SH,2024-12-24,12.4,12.38,12.47,12.29,310962669.62
000333.SZ,2024-12-24,13.46,13.41,13.5,13.27,650067095.85
600036.SH,2024-12-24,188.85,188.07,192.85,187.93,5749415074.07
002415.SZ,2024-12-24,6.84,6.84,6.94,6.84,152123029.14
600276.SH,2024-12-24,30.29,30.12,30.39,29.75,768055037.66
002594.SZ,2024-12-24,120.78,120.13,121.38,118.81,3485412758.1
601012.SH,2024-12-24,201.9,203.0,203.38,200.84,7847515259.51
600887.SH,2024-12-24,133.87,134.46,139.03,133.37,3139306721.38
000002.SZ,2024-12-24,381.2,380.63,391.8,376.25,9104826428.94
600519.SH,2024-12-25,524.05,527.76,528.11,521.1,14026393540.43
000858.SZ,2024-12-25,82.88,83.11,83.03,80.0,2252268205.2
300750.SZ,2024-12-25,53.61,53.5,54.42,52.74,1534935782.96
601318.SH,2024-12-25,12.35,12.36,12.53,12.31,156030935.18
000333.SZ,2024-12-25,13.31,13.23,13.33,13.3,180673011.86
600036.SH,2024-12-25,189.83,188.62,192.37,188.07,5981937016.93
002415.SZ,2024-12-25,6.78,6.73,6.82,6.56,29476089.34
600276.SH,2024-12-25,30.36,30.51,31.04,30.29,326415041.14
002594.SZ,2024-12-25,120.07,119.52,123.07,119.1,528575746.67
601012.SH,2024-12-25,198.9,197.1,198.99,198.82,8329506127.16
600887.SH,2024-12-25,135.19,136.15,135.31,135.12,5607440943.63
000002.SZ,2024-12-25,366.42,365.42,370.28,363.43,2191221085.55
600519.SH,2024-12-26,541.39,538.6,548.61,536.04,2371291356.51
000858.SZ,2024-12-26,81.56,81.36,82.37,80.25,2844128305.17
300750.SZ,2024-12-26,56.93,56.82,57.06,56.86,2546602562.62
601318.SH,2024-12-26,12.19,12.12,12.48,11.98,455928895.71
000333.SZ,2024-12-26,13.58,13.49,13.85,13.5,622091115.54
600036.SH,2024-12-26,188.04,188.32,189.96,184.34,4211284472.1
002415.SZ,2024-12-26,6.89,6.92,7.14,6.89,328912224.21
600276.SH,2024-12-26,31.25,31.12,31.96,31.01,641662633.37
002594.SZ,2024-12-26,116.34,116.48,116.83,115.55,1379476664.04
601012.SH,2024-12-26,196.2,196.01,200.2,195.58,9344057857.99
600887.SH,2024-12-26,134.86,134.62,137.51,132.54,2641633651.93
000002.SZ,2024-12-26,347.71,347.26,353.84,346.47,10549410625.43
600519.SH,2024-12-27,562.8,563.8,577.34,559.55,8756404089.62
000858.SZ,2024-12-27,80.68,81.12,81.88,79.26,860368427.28
300750.SZ,2024-12-27,57.59,57.56,59.51,56.61,1060912009.01
601318.SH,2024-12-27,11.77,11.84,11.81,11.65,275391899.03
000333.SZ,2024-12-27,13.17,13.26,13.2,12.9,606619691.81
600036.SH,2024-12-27,184.7,184.14,186.45,184.05,3170866372.44
002415.SZ,2024-12-27,6.91,6.9,6.93,6.84,3840608.38
600276.SH,2024-12-27,32.25,32.59,32.46,31.91,127310737.89
002594.SZ,2024-12-27,116.55,116.26,117.45,116.03,4346819439.19
601012.SH,2024-12-27,199.24,199.18,201.71,197.06,7683451529.34
600887.SH,2024-12-27,131.93,132.08,132.83,130.05,1304573507.81
000002.SZ,2024-12-27,336.77,337.12,340.35,328.24,10896875196.76
600519.SH,2024-12-30,563.71,557.37,565.29,553.6,16035973736.94
000858.SZ,2024-12-30,83.37,83.33,84.03,81.39,1214781349.36
300750.SZ,2024-12-30,58.38,58.43,59.01,58.21,1989872687.86
601318.SH,2024-12-30,11.66,11.63,11.67,11.41,98783629.99
000333.SZ,2024-12-30,12.91,12.98,13.06,12.65,146941560.19
600036.SH,2024-12-30,183.43,182.2,184.52,177.66,1222952143.99
002415.SZ,2024-12-30,6.74,6.87,6.8,6.57,282724705.27
600276.SH,2024-12-30,32.73,32.59,33.07,32.63,398248664.46
002594.SZ,2024-12-30,113.68,113.87,114.74,111.69,2559063550.39
601012.SH,2024-12-30,192.92,193.55,196.19,190.33,8047851271.67
600887.SH,2024-12-30,133.71,133.3,135.67,128.65,4464088661.93
000002.SZ,2024-12-30,332.96,332.27,337.14,330.4,3081293221.85
600519.SH,2024-12-31,568.17,569.64,570.17,563.75,11462992268.98
000858.SZ,2024-12-31,81.8,82.22,83.26,81.32,1025247592.68
300750.SZ,2024-12-31,60.19,60.28,61.83,59.25,432077359.26
601318.SH,2024-12-31,11.53,11.55,11.58,11.33,237025187.03
000333.SZ,2024-12-31,12.9,12.78,13.06,12.84,124614424.41
600036.SH,2024-12-31,187.02,186.48,187.96,182.5,7292517606.9
002415.SZ,2024-12-31,6.86,6.85,7.01,6.77,186619640.82
600276.SH,2024-12-31,31.44,31.23,32.06,31.21,570401568.46
002594.SZ,2024-12-31,110.24,109.46,110.99,108.89,1538367466.19
601012.SH,2024-12-31,188.03,188.58,191.22,187.66,6550045370.91
600887.SH,2024-12-31,135.32,136.41,135.89,134.55,6020815282.48
000002.SZ,2024-12-31,341.33,337.88,342.08,335.93,16053218986.84
